990;1df0f9012de37de02b7af4bd23931f626c7bbc71.csv
991;235855da90347b259f4d6b244821f3c1c264c04e.csv
992;2079a44557da9aa2ce74d6af8ac0e8a344c1ad8d.csv
993;2e27f1de90668d3c54ffb49720a9a978383cc78b.csv
994;1e39b7b66d19b0beaf607a0ea98ea1d13c402ad9.csv
995;2b2e83d49677c03c836133b83b909f5db0423cc9.csv
996;1ed7ba58402344abc5e614e344d03a30c03164af.csv
997;338be06738b6971455b853e52df6ba97bb1ac4cf.csv
998;289edbe9e28f26ea1d2de597c085e0f6e3009aed.csv
999;2aabf3a6ba52bfdd83a884673fd6e48c67b8727b.csv
1000;3256ad6795fb323a3711f3d3d6f7ae85657fc5ff.csv
1001;19e9c8796df362aa81ecfabf7730cfa4df5e5be6.csv
1002;3319b5fd5749bba0f2fa25f335cc8c19b351a403.csv
1003;24a61244c69f09bc9392bbbb4a97e881ee68dc5e.csv
1004;275dd71da13e09fcace07d5824ac14a2c38d1df1.csv
1005;22faab96b423cab9df3cd453727e6a7763de4bb6.csv
1006;1b3ea086b81a5e0c4dd22aa41653befc358d7163.csv
1007;2b8c0be4a3bed5dbeea46401dcebe6c1263ead10.csv
1008;239cd6dbc4b75c51256acc527ae69394b891bc1d.csv
1009;2d1d4b3eee10123a6c8567dbac2705659b8047bc.csv
1010;2590692fa24c429d02c8d67f6100a132c3915473.csv
1011;31e1410cb8c22cfaae254381a16e88ec633086e4.csv
1012;2142f50e9a7ace971bc142fe4067a52c91b7af28.csv
1013;1eadeab29c774bb8b5935c5ce5d741855a8080a5.csv
1014;2baa5a272429873854470fa3f3cec0c91264f5d5.csv
1015;300778fc251628966c3c027308a7d3fe5a02f84c.csv
1016;2f09116d82b287cf3731d3baacc75895e7999203.csv
1017;2e313159ccde7f6fbd8d036a04beb2ce3a2809e4.csv
1018;1a07962f8472f03e5159e01b742cf39295db17f5.csv
1019;20b02257b13e1631fe457bc81ed2b6033baee43e.csv
1020;235fab2608254fb0e97f003cef3b4694bc003756.csv
1021;31b039f27dbcd96df12be89f281f576d26fe80e1.csv
1022;1d2bddf76aaa2c8e1a112f3f072ff3e06d51e797.csv
1023;1d44b78805f7baf17f811f8e5957c546c020abbc.csv
1024;3268f252e2559df8ea83c97725a4412a003670ad.csv
1025;31491f82bfaa808144e856d7a21308cfa971b558.csv
1026;29f305ed687e42fc04b6707fbcc31d95f5588ab7.csv
1027;1ac9aac4ecdf40363f1377cc08484db3dc4abf93.csv
1028;281520c659ef5b7b5561307d5a91a00526e994f3.csv
1029;33813052430b7faada17882d12fc343aad02981e.csv
1030;2efb2e64e0fb3039c9fd9bd5abbebaf9d48ed216.csv
1031;1d05dbf38f98918269d71020f0c9ff616548c2df.csv
1032;311d15fee68d2a591ffc4e7cc0187b8dae872f9c.csv
1033;19f5eb39de2aef11b4e3b8c0fa4b92f048057d83.csv
1034;24d4ea00f8f0e950b98a668d62f780396d3cad68.csv
1035;2a043979a235f0b951be2de6b1d9c0bba823a4a1.csv
1036;1fddc1d4d4d31015df5e948d0119947b8bd681d1.csv
1037;217114455f564a37a057840d761b901fd372bef3.csv
1038;2804ea9b709694627657763fd17564d0323a5dcf.csv
1039;27785fc9727a9c538b279d2c940f72ab5b9a3423.csv
1040;28a0bf1e235fe876fff1127346bb3bac0b6e5072.csv
1041;3154395f4f53dd3c358e5ba72e394f9334430cef.csv
1042;210ebd55fd095ff2fb393e871fea70815a9ead75.csv
1043;2468815380ef0da6656eafec81936b459b5b210e.csv
1044;2c33d7f0e90a4a8a7e7be1d56308496b7e13dad5.csv
1045;287daad100931cefff81e066860bac399a008cbb.csv
1046;1ca3e2f1339f4cbe27a1e289885600e70e369b08.csv
1047;215e667edcc02054361258755a4db8bca18a4e9b.csv
1048;2debc2b3a63c04c798cb30f704911b63d44ec841.csv
1049;2b244041ab6f2ab167b76c5b17332c5598b56431.csv
1050;339f0cd12ca08506c22c8b62eb4b3283a437271a.csv
1051;2557b13f557e15081960d49034d890a790943b38.csv
1052;27f21ae7789e41a6de01554cdae09cb93ef8524f.csv
1053;2db670e443cdceb7fb2ff63b6331df5d12efef99.csv
1054;2906d781d6cac5a07bf2826f620a788e3f8432ef.csv
1055;30a8e34179b5cc12c971eaa2b40015a446f10621.csv
1056;2a5f81ece752816e85edfe177f324c522228f292.csv
1057;28af8fb783b6180c247285955b5e48df75947819.csv
1058;2eb55c914df79a8b8cee977bac85d06eb07507d4.csv
1059;29d51bb07c2434b1a2f2adf2a0ea52d82c8dfd24.csv
1060;2f00227d35cee08706713c7085ec576b74ff2f9a.csv
1061;1faad9ed0f7640ab69cac98df7db103f99e66066.csv
1062;2f7b7acb3979607ca3e2b73198e13a546805b231.csv
1063;22450e467873a3cf4f2627d36d6f71aa779520c4.csv
1064;1a465d982030d8f361dc914ff2defa359fdbe5f9.csv
1065;23393085181dbde8039e7123f35b67d4b2e9f6ba.csv
1066;2c61206af84102d16740c76608603d0fc8b89833.csv
1067;2271ecb14bddddc60f33827495cb727858789ba9.csv
1068;32b29df5230354c35d8734b996e5e45501a5111b.csv
1069;1da81f5357aef31dd451b4ed90e7fb255c9af8ee.csv
1070;2448743a5de075f6a1816e46fe72b69cc791da18.csv
1071;2c20b67e10309a26ad07fdb1ff5c86c9f966230a.csv
1072;2ba9b89e1cab4bfe6b3b82046e458fec8eb12bbd.csv
1073;2bc8716c8d60412f241f096246127275b734635b.csv
1074;23acad3bdcee7563f22da647aae639dbee1d56e6.csv
1075;26be3fcc6faf246e9c4ef47c2af9cd1f835bc204.csv
1076;1cdf5f7fb665c7d9efaf8562af501d3b3bdd9273.csv
1077;1f7f414d82475a8c5b2272163e6f31b474904486.csv
1078;2efa5dad7a6606eece48c0c389fdd45b2f7c90e6.csv
1079;33bf989feabff5e78b735d5b00fd210382df755e.csv
1080;21469fd00f33c1dcdde68abf4b8da0508b7fe2d8.csv
1081;2822c9550311df8e6325df17b17cfde48c9ab6ab.csv
1082;1c0ae4beee003ecb59ff15f81ed8f22cd9451353.csv
1083;1d0c8b03f2da34c55161d6205a97d06d373762c0.csv
1084;247a9eae1e4452f7f969ab41a88f335fda54fbc9.csv
1085;24259e03c484aa60752b90e228fe92f90bf2143d.csv
1086;31f9d7bce1db40d866a3e93b06ff9515c34fc3b7.csv
1087;2c2c2d6a805a6ea5cdd4568c9bedeedc705e1043.csv
1088;2e7a5d9a03e6fdbce778e489686a2533d47f7463.csv
1089;1f1c43d3f7a43ad4a16b8ded2b2ac384f3db3b4c.csv
1090;325688eb32f8e6875a930f831c4cea02b2a556c9.csv
1091;2b38999c47f55f18f27ce6dc678dc2b4df381043.csv
1092;338d5cc4af296ec1ecd8ed7c63f6ac522ff583db.csv
1093;28bec3efe92c8567992ee35baecf2dc42bbc34ae.csv
1094;2b10c237281a6e5d61e8fff995dc8920465eda56.csv
1095;27869d617d1c3766400b9f33f31e28f8fb1bdbd0.csv
1096;2e2de8d6ebd368c062fed5770aa26a780bdc25b8.csv
1097;2890249daa0601affd680a8aadee19b50ed2044d.csv
1098;20651c857a793c827bc2d32bbbf6392e8285b84d.csv
1099;26d8317a46bcbe3ec8ff5aa98de2a848fbd358ca.csv
1100;2efafa52eab6095a1d2e48ae5acd7f295b634db2.csv
1101;27e7464ae5d36ea383d853dcfc8a77ac0871a776.csv
1102;27ada359a2b9536a180bd93585f47a13d5b82517.csv
1103;213313b5fe57d1ecf1930503ed0e7fd8e1dc73e7.csv
1104;3083af632db7cfbddd6ac1b939fcf076d545e783.csv
1105;1bab633e4d3ab1ed30599369e8654c235256c5cd.csv
1106;2aff265697682af71816737a2fd85f1d9bc9a0c4.csv
1107;1b2492acff3c9d45d7e8fb13e76612bac06e2041.csv
1108;2c468e84bbaa10edb38eb112ab8088e74073c02f.csv
1109;333a04fb2ab37297b4591e7d6179fd731f5c1bf3.csv
1110;27c0c434b2fd6c5abaccdeed5eb998d46f4fbdba.csv
1111;2750bbcb6ecf63b2519523a2a63145167c5f8d38.csv
1112;1dd28ef7fb600a0ca94980bcf6e5cbccf52a77fe.csv
1113;2ca680635b3f3dcf21ea32eca2ef05b3ef44d3ec.csv
1114;28776e324c2128443197d2c9bc2a9eaa77ed1bf5.csv
1115;2dcb2c53f12e45bb92c07e5b47d82dbe495bede9.csv
1116;246a98b042ab326afd859e0e14579431f078894b.csv
1117;2e18f7e072919452e0b99e21a8f764a048a061d3.csv
1118;2f38704ef0009750d4c48d1cd7ac81e898023527.csv
1119;2af9fe633f4839d908785d15bac5c5233a53aca0.csv
1120;2cb1a471e9f1ba5fe1623c8143f8847c0b12dbe6.csv
1121;23f1565e1f4f6a5e0c92d96dc454299a9e37400b.csv
1122;30fcd017c21fc5736d621c560aa22d624f8fcc87.csv
1123;3345fa1a77d9ad2f4bce48138490e60a462fe18b.csv
1124;2e5bfe1233f49b63cd653c03a695b24f42adaedd.csv
1125;1b3b366998e4ebc4a829168dd947b7fdd5fc069c.csv
1126;29b6131c0d572d383cbc6774b12e4471aa612b07.csv
1127;28b906cb5b5dd66df68bdd155ccc2ab514180c2a.csv
1128;31a8187c739fcc29ee62764d0c8da44bdc1b4d8d.csv
1129;2cbcfb658251f2d2873e1ec118deea4167283c0a.csv
1130;1eef10e356884a9f63b17f13df74ac185700ab06.csv
1131;2ca39f3627583a75a4cd19f770b697714a89b686.csv
1132;27969ab6c34a3d9b630666d5876256a9641bc05a.csv
1133;25742d7fc7e3a5dfd8af95c2dbc9731494d13e67.csv
1134;23e37316e27cec6fe0e71647552b1f7b0e9255b2.csv
1135;30793ddad13205696658bbb0a2083c1cd400aab7.csv
1136;30fe5dd84f2371ff9c09733a4a163a55a63ac88a.csv
1137;1f345c5a7a02b742ca70ce9233c80a200af974b6.csv
1138;1e2989b7156dc944d0a24b596fd17aaa08b3b56c.csv
1139;30b285a628c951e7c2d73848be13204f59b2fa73.csv
1140;3041d890310a050dfc5725636a7b26a23b9d40aa.csv
1141;2a7617954fb5dc66e2d7d62b1e5ea2c54f4e02ce.csv
1142;267084b4bdfd4a3d8fbdb8d7e4c935715f3e7171.csv
1143;29bdff5ccc8a7e0a2b20a3d1ed9354ed29c553a3.csv
1144;1e863993819f87abe5cee255ccb97d623838542a.csv
1145;3273d1af75cb33dbbec0d61dded9d576fe946030.csv
1146;1eb822e2417937f3273c3423e25cd1344ba9a1e7.csv
1147;2d91222fa8318aa7814fe7ad58b9d97c09eb6330.csv
1148;1e04aaf64be1bb639ce0d90b0b60e0b9d4ef3cb0.csv
1149;246adaea72022c17466bb477d1384df5f2596d49.csv
1150;20b5fc51aef8b077346c4587aad3811eebf8b11b.csv
1151;26762988147d906e873f16c6e03cbb2ad7c46ea1.csv
1152;1a7751b196054ed357f5a0f16eeac17ad2def269.csv
1153;2af1bd7a71e67484330a168ec2aa07e383cef140.csv
1154;27bafe2069fadba9638ec9eb5ae1afaf3c78cfb8.csv
1155;2ab6b5e2628c1979ae2e65f9a0f9870cb3773d61.csv
1156;248e6ce743867edebd9fb8d241a56f542732888a.csv
1157;1de4de4c1b8a4d3c18f20867febc8f4a2758dfd9.csv
1158;29fdfade9c2f2ec46e06085777de897e0a613984.csv
1159;27fb200a637c8fff339f06399be1d563e365a7a9.csv
1160;1d45a0c89997d27fe2e01fbee4b407e01cc595c4.csv
1161;259ac67e44e833ea06564160ee399b76985f1145.csv
1162;2d266d6c9ef81ffefa8fc5ba319851d220e71cbd.csv
1163;30556242d064131f0f2b645a727d42c55dc1c71e.csv
1164;25615501bc9f54fd01b72047cec1f8ec619b1e69.csv
1165;1c995ac4ae70bbcc5da53211e20df4398d1ce55d.csv
1166;1cd1d321b575ccec089326f7b5d66d44e5c99bed.csv
1167;27d79d16bc5eee9c79ee05ee5997d031e15d72bb.csv
1168;307179cebf2bf9f9107f745af8f2899db6c51ca9.csv
1169;21caf0c49864b6af4c62e68e3ff7374e14c16537.csv
1170;2264a7f6a968665b70a4a06c73e096e0710fc3f0.csv
1171;1e0851ed44e0459ff83448af23b81560a41ede72.csv
1172;1d8b7f079d5b7a6f9ecd1a0999f16582df84fd8e.csv
1173;32d5699f514f8d58fa7939fefaea6ef9fce1121c.csv
1174;2d1d0fbb79973ccbe29af6ae067aa91d05599a4f.csv
1175;1d14fd3be698da4aa12b91523c9d099f76775604.csv
1176;1bc97c8afbc053507a015280443d70217310b89c.csv
1177;1dc3dfb500658a5c9458da510c1443ad8f563c1b.csv
1178;2ff4902f8704407bd2f72325ee5ea75908919a54.csv
1179;2965d872997d38cdfcde8b9bb17c8c659b0a16f7.csv
1180;25eca606303e4a141d7f3f4a1c2e4e8138e9667c.csv
1181;1f4d59790ebb50fad78486e25156bcbb6b1edb40.csv
1182;2f4ea657c6c2e9ee90b6ef1af40e2626e5bb488b.csv
1183;275b44e69314848ad137d5fe66799df1436a460a.csv
1184;1c35d72e359d758cb4aeae938f3b28d3f88a89b1.csv
1185;298ebce4397c9735f69cb5fcf9ad82881eead18f.csv
1186;1fdefb8aa4368ef11e32bad469c37591b0eb24bc.csv
1187;2718d50101d585d27c5c817dfe2fb1dded056e1a.csv
1188;25c68946a75609c08c00a639ba839a67316cd034.csv
1189;30f0103086a7458f1bdb18024f372814d88a9b4e.csv
1190;202f004261b2489f0e28acebc96cba9ebb576860.csv
1191;33b0c24cb03b515296b278e96fd7de32151b9511.csv
1192;2c9a3072e8533ac8c5a74abfc595966d516a7878.csv
1193;1d105041da2d3a6e6e16cd0dce1f0a672066d407.csv
1194;30f8d46cca4f068ecc358d99115a885d458ad9b7.csv
1195;26300f1df41b1308ba14cd9d83f7729a52283e7f.csv
1196;3012e3f833915e67993777c3a69d90013bff8c1e.csv
1197;2f405ed2109c2b706eb85413816893558100afba.csv
1198;295d0e530c6b6d9df5c46872c36bf15dc85507fa.csv
1199;334df63353e00d65b2c41452d0385053683eda5b.csv
1200;25eb6cba256ef7c1dce823fc897b29a642aa0d5c.csv
1201;2c7f8c9a78ec06b29ea61f2dd02730d2c3af1cfb.csv
1202;2ec6274ec2b20f8434d9f24438b76c60f3719a81.csv
1203;328b36edcc6169a2aceba2c7e6859d1770d6a81d.csv
1204;24fc42faaa7cf3f1b483806e77056a1d253715c5.csv
1205;1b64cf541af6560335b092dc63f67dd4cd81691a.csv
1206;30fc9806c9b1ba0d786a31cad4a1d98b6642462d.csv
1207;25a160364a2e056a097e4520f64c49c63140da6c.csv
1208;215d86822474f970baa8ed894e23940bc4a85c79.csv
1209;31444b90fc581b9b42bfbbb70e4ad4dcf1aca613.csv
1210;1f972484a578ead6c95a1dfff150894e935cad9d.csv
1211;1fa8ee295da509bade53e2988275c9a5ad214d3f.csv
1212;1b7428f7747f41809e8bc162af44d918351bd957.csv
1213;28d395784208073fa0bd75540cfed74a2018061d.csv
1214;3380c2147c090bd81525c67d4200fb3860517008.csv
1215;1fceaf9f2102c71bf508ebd46c18c9b0cb48e6c3.csv
1216;2d21f74120d056518c96f23fc9df39320c2d598a.csv
1217;1afeaea28bb2dd65fc24200a97e7d15ea06eb45b.csv
1218;2ab24bbc71562ee67437db9fee7f83edb40f4de9.csv
1219;2fba918741f8128e992b17b14c8a631b36801e3f.csv
1220;23dcdd1995567d482009f9eafaffc887da09701d.csv
1221;29f7f8a096554d3f4cd512b9e825b72130520f12.csv
1222;26bdc177821e0161d138236656dafefe2f9f6900.csv
1223;2dd6dd3a860b840098976e99c1124ea89466e77c.csv
1224;3330a6e81c27b196cb5171baf11239a9560ff6e7.csv
1225;2a6a9de82dc0494f32530e1ee8ee7509367a04fd.csv
1226;1ee81584a0fbdae5f787c41b02ba330bc46b545c.csv
1227;2188208efc7ac8e7721dfc5cbea787d5b62c3537.csv
1228;25affabb80bcf3e1a60c00fc09fd5d2e8f89ec48.csv
1229;1b7c700ee3a33c0a675a5f7e71a20ce62467b900.csv
1230;2fd379bd7d8ce15f444b2fa608e6c5899441d52a.csv
1231;1f91af10bd4371cfb8d9e08a8a1518d8bbd6d4f5.csv
1232;1c4efc49a82148b7365aa5f3cd2c9ac8e055fd0e.csv
1233;2c3faeb0d5d8690917ef67e2f36bb59a93072c7b.csv
1234;2bf62ecb50fd95973de0bf6c1285ac3475fc4cc8.csv
1235;1fb48248ba087b62ed753f63f4ff046e68828bf9.csv
1236;2c7260dadc28671d3ba4e14120b63a5232765805.csv
1237;1e6d38b98619d0d315d728291e97acde6c0012e1.csv
1238;272c6cc36e652db7f8d263194c13b2a5c92ed92e.csv
1239;2cb893552a3e4a8aa105a96476b02c16bf7bef42.csv
1240;258b69aa1d0bb32cf913f8124f8c053442522f6b.csv
1241;1bb908e3833b1882de4b7a04593005dbe9e5cd1e.csv
1242;27373ff091fe4a81ee4d6bfc09ece3995080c2ea.csv
1243;1f31c7be736309949bbd0cf4a0c39841f3f67bd6.csv
1244;1d572b31e29c16909825aa14dc9e462020d95303.csv
1245;215fb42f8f5f2ede1ed7e7b1561e51f494593578.csv
1246;28a98145eda693bae14b52abfc3d37ced6c5fd90.csv
1247;2a3a68a67776a01043a6a156b69be803c7118a6d.csv
1248;2707c7b6f2359bae555dd7f24bfc3ab092426ecc.csv
1249;25621281691205eb015383cbac839182b838514f.csv
1250;2a8e26038c98efac0a61629aa6b768fefad5a573.csv
1251;2181d2f31f1f4b8c6203668dee4f6b3f382af799.csv
1252;1aec943a21b8dc9decd07bd0039e10e5bd87ef00.csv
1253;3060dac173270e62020e18ce6fcdcb4b8bf4fd8d.csv
1254;1fb1a2388d4c9483abb1b390bb0410c941bfd1b7.csv
1255;278697db1668e58b24cd105be09208d7f1bc1119.csv
1256;275d7a25357ea46699072167d4ca109108132068.csv
1257;238d2be0d4db41b5460bd3a50a0a374549c189aa.csv
1258;2aa31ef3d9d80509a965846122911a3fc53f7a99.csv
1259;29d98c8c19182d261f0f0fd59e09dd466cfcaade.csv
1260;26a931d514eb3f80a779ec6d06997e1d77278dd4.csv
1261;266e97136335f2ef19dd7d372fe0472afa2af17c.csv
1262;2e32842d3ebcee3ffaf4b6822dbac0f41f82130a.csv
1263;2e3c6d9e2a2a8d2d9b43d5ae7b882c9a82557274.csv
1264;232e85eda8060808405e79f0dbe13309eccddf58.csv
1265;21823032c216c8f7e08c918373d49518c68aaab1.csv
1266;3128ce331b8e280214991a3c775c895045ccfa70.csv
1267;31c0ee2b6dff1699d251316667c0b56c7b8f09a3.csv
1268;2d5916f47ca6cc70ac9f50a2cb85be34b6f8e029.csv
1269;1b02698e082376846f59c99c449161a7a7eb737f.csv
1270;209fd978d66d8ffe04712de07dc7e07b779baa08.csv
1271;2a473f73a298949fb93b7bdd84e9243aa157b9db.csv
1272;3083f7cc3a62acaf4a94a4da4eceb84081d70329.csv
1273;2cb75a42281bf540c142bec979a4bc66da597a3a.csv
1274;2a5d09bdb532096261be55490d99eb996e05ea18.csv
1275;2a79ac3a49714d75cfc75c28df0a4e33d9362969.csv
1276;31cc00c5c0a5298a2e22068195971a9e5f3a4fe4.csv
1277;3159f6ba739648bbaa0b8b7eb498924a8d21cf8e.csv
1278;2b46b2e0798f4e27871c942a86515bdcc64a4a44.csv
1279;1b85c07f46d54a5d0199968d3d3dafff0f899d88.csv
1280;1f4c7f7b1707f71e188cc621e323bd5751b3e6a8.csv
1281;25b2a50598fe741c4092ca239bacca5e72e79972.csv
1282;1daa4edfc77fc689a3b4e152ff6cc642f92156ed.csv
1283;24d7fe6bbb9945f1536fef5b281d074fe69cfc6a.csv
1284;2bf9a03995b1056dc5d3e353461d3a31a9348885.csv
1285;2431c74630bb92f71e47e7f1c89054cef368ace0.csv
1286;324deb63a4686d7efc7c32b8e20bdc7e96e1fb7e.csv
1287;20656a048091de934d0fb432f8d070304a1664dd.csv
1288;1b62107420aac57e1b7e2d496183036dec1ab905.csv
1289;2246e28681bde69c65dc9081df367bb661997f19.csv
1290;2f855365da2675234802a5f218bda88aacc089b7.csv
1291;1f29ce1525b32b7b954901bc5c04aaffe615ccd9.csv
1292;2759426af4c8df595f4b5e76b614712fda6da5d3.csv
1293;27f21a68a6f074f434e506aee9492fa2c772847c.csv
1294;29e5350bd66573e9e7d304b12b1f551fe59e05f2.csv
1295;3025f11897040ad8046b2a7ef8e94fc8615df214.csv
1296;33019198857c41e85955b2b731077ab3ea57c85b.csv
1297;2f5c3733e35cbcc1bb8c2eaded2796d59d94ff2a.csv
1298;2530bf775255e8026438e91645aba95d0506928e.csv
1299;1dcfe803d2660b1fdfa8006aace78d485512e156.csv
1300;31b6292728805572de28133c6eb02ed1d44ef211.csv
1301;2405180506967da1f4007e49ad653c3c356a823a.csv
1302;2e6797f37268c2339ab73addc0e9ef77efd3c557.csv
1303;23a2c32c86891deabe9176b41434f3ed202a5055.csv
1304;2f5fb10362e86dbf302d8677f4c106c5287bf704.csv
1305;2835b0f9f06e3e829cfa7d3f1e3805af94249d65.csv
1306;3380d0cb8447aa4741878f8a3d300a3765ed9a40.csv
1307;2a246ea75b64133cf7210fa8971a6d43917da132.csv
1308;28c2fc1c95d2000f451a5961fbfad57af1bda709.csv
1309;2afcf2ab2330cb56ec493f82d87fa0c5b5f076e9.csv
1310;1c2e5c34faa703640900893c58254c63361bd29b.csv
1311;32c5106b9647b0d72f6c6fb15bf114e15d71736d.csv
1312;294797af3ca7e4d093ab534e99e82502fc91da20.csv
1313;1b5d16cbd63e6295036b41fabdbd8b6760f7b38e.csv
1314;21d0dff90077800702fb5a6502246e9d512b6fe8.csv
1315;239f4596308a1247bf27a034c3cab95e0771215f.csv
1316;2a7c951e191425fd9fa5ac108f07a1f02eb75872.csv
1317;1b174862fbd8a1f806012fb3af55223ddf0224ec.csv
1318;2bd1d7992ad099b99b495fdd79493a00210bcbe0.csv
1319;335f41145ff784047aa5a0ae829be50613c65038.csv
1320;2884fdee6db20fa38c7ad56008b0ff4b84eeb41d.csv
1321;1a12f8004e57cbdc497edada74fdfd8431f4a9eb.csv
1322;2f5ad2dee412dbb5a043d1a1c7aa2e0389bb2c7a.csv
1323;1a5bdcd1c259d4b40800f9e96219641aafd5f6b9.csv
1324;1e9719d2d1a523240172b19f822f7a956c553fdf.csv
1325;2bce7709e22e3d5a110cb77501f6d97db10d9c05.csv
1326;27ee6e389b8f87a3545232db8b8fe385f73e5003.csv
1327;2c5d1ebec404ad8061eb81e94effbe52a6dbe809.csv
1328;1bebd833b3535712b5d13f9ed985e3491d3c96c8.csv
1329;2be4d8ed799f2556c53e6946720e3033d41060e2.csv
1330;1cd1be88f8787d09aaf55dcc91418401b9965c72.csv
1331;2e0fdaf23e6de0d6787519f671bc198d47f3acb1.csv
1332;1e1bcce06f6a7572bf09dac391bd3145a04c241c.csv
1333;24708179db3a64c831215a30805bf37e6d27ccf7.csv
1334;2a98b0a9e3e89d1aff14a6f64e25374b4e2855a8.csv
1335;24ed22a878649ce74463bf63090563093d002c86.csv
1336;27494ad1e1cac61786c4c235c5dc54341181d445.csv
1337;21fd38266c7336a6ace6ca87ee9ac07a580cfdeb.csv
1338;1aea04847a4f34625beaf937ca06ff039a5d3a2e.csv
1339;2f2f4654524b26b1b253d2ca5a6f6bf7e7455f36.csv
1340;2e50303039d019b3f817743da8a21e60f3b99130.csv
1341;2405cad36d3f5751f68591976e740793d2d704e8.csv
1342;3236c24e4656add3fbf17ed686d2b7c73bb52de9.csv
1343;1aef4c8a0b31ddf10ab37a448fc90808218fa9d8.csv
1344;1af8d169cf2d572b46f2b94b1e83c66686973297.csv
1345;1e7bcacaa32d4c0f5ed60e5e56897404d3896d81.csv
1346;1e8fd672db3be95e223c83ea48b923fadb9d5d4f.csv
1347;2e3d6708bedf2af3d3b900329871c910308b0b7a.csv
1348;2d2d787fd72d87b38275e4deb4b160ad8c80338c.csv
1349;288e7bf5d16ac18731d2f1ee7db6d6ed2a720cc2.csv
1350;19ddf65d65d5e172ac3ceda4662b68769633dbe6.csv
1351;29e94dee0df31f591c6f09c590e4c3523a14e647.csv
1352;25ad3917e35438350dc5fdd7f64a4a1cdaea39f9.csv
1353;26945898e55a1c496ddbbf74d0fdec3eeafef9e7.csv
1354;25bdd8095f71bd8c6be54898b437e16896ea3790.csv
1355;26e8ef0fab0bc606adadae018a73d8490c8e1cd5.csv
1356;24b20768feb528be2a620b4afcd761cdfabcb183.csv
1357;298d325e27d8cafcd150d56a199a5ce099ee2b07.csv
1358;306840cf9baaaf3a2e493a39f3ebd67529b8cb2a.csv
1359;2c89b2142056f17627a8a064ec50aab6f07b10a5.csv
1360;1be8f67d3b7d2730be96799adfc38746474b0a3b.csv
1361;338ea249f053b957f0681c987b83322a96a7350b.csv
1362;1a9fdd51745b132ee92107b4e9c68597d3767b7e.csv
1363;2ab40cd143985f0fe1f581a31c3aa4009e94e759.csv
1364;1ca045bd7724943ce8c268353153bd522358625d.csv
1365;29da5f5d00af5c47f9b3a0a49d561f8caffb0cf3.csv
1366;31f33e2c73a467477e3a4a72e6ee128703946fe5.csv
1367;253cfd411f93ef88f702accd0fa195f24d1d2925.csv
1368;2c798963aaa2245c095624af78d5638bebf60c2f.csv
1369;1c5b9b791b402f44f6229f9d420d6a10dc173d39.csv
1370;2ee32c492fb088bca33f2b2409baa37d488dae5c.csv
1371;2ab5a9cc48131a2a4fc4c2e8be6fabc68aa6397c.csv
1372;324224a860eb73492e4207926e5ea62cd1a910d9.csv
1373;2191141163dc621f5b160f741d880e9ce6342e3a.csv
1374;21083480591a0f89c6c6a1ee575c79ef9eeaeb75.csv
1375;22977df2b5a35dfe536faa4bd77a21ab316dc9f8.csv
1376;2934008a223a07e3fd3c886db120eb1fe3aab567.csv
1377;2089844227bd2ff234044e4b311bf1c2bcb3838c.csv
1378;30b4defc3cb6deb9e7b1a2719d0537ca01081159.csv
1379;1d034e288cb8c4eb1f407a4f61d9c553ea30a670.csv
1380;1adab26eb1167a39014dc503174f7d34f9087664.csv
1381;1a5f2c3f99d3607bf9170dcda0c54bc1b4400f6a.csv
1382;240688a5e42b8cb41a65023846705179bc9efeb2.csv
1383;2402b2a0cb8aef3abb2e103f0997c61dec6511a0.csv
1384;32b10bf8534bb8843320576bbf033d983e89f692.csv
1385;21268687c8044a9acd561589e1f291f0843c6678.csv
1386;27ac134e8e678f379d1550477ea87257c9c2ed2a.csv
1387;208f4d527c8ac85c04dd9e431babfaaa54e66428.csv
1388;2e83f16bbbc37d4cf2eba3dd0479e4ec7da6fc41.csv
1389;24d774f5b08d9ca987d0d23927d92ba23f131931.csv
1390;2c6d57a5c31e345cd689687255b13506d71df902.csv
1391;1b8bd44173742cd254617aabc5fdf20fb98f4072.csv
1392;24db4d088787fb5c43f2f60604e1f1463d4b4082.csv
1393;29e893a01ad314a8432d5948be971e13e48b9103.csv
1394;1a19bed3bfcb373626804c55b111ca79e812efd1.csv
1395;1ccc635c4d6c62091bbf7df3f8e4f36803ea1a32.csv
1396;2d73c30f41bb0fd24d5ddf1e71a472d971ce4d6f.csv
1397;1ef024725b588f435abcc6c51189d14b223d24fa.csv
1398;2ad6ccc77d12ec8c8f91076fd337a01d734e578e.csv
1399;30abdf7a423427b001aee5d319abecfb5ad1671b.csv
1400;2765b43f0c431c63acf11a93ddb513f0332ca22b.csv
1401;334adcddbb251335c86c3a5d79a0f66b526109ff.csv
1402;315f0a94d6ac0655e0e5defec4f9526641c76037.csv
1403;2df184bde7ca6083d8a33a2b1ce05e302685dc72.csv
1404;1b248ec38c2c12737c005fd38db1bec556675707.csv
1405;1c5f2a7a584371461fa19a49e49c99ecd0ef7743.csv
1406;25f4a5990fcb174f80bc472629eb47be50d5b3f7.csv
1407;210a892deb1c61577f6fba58505fd65356ce6636.csv
1408;25e0a5092935b57609da913715f5e1e5e6ecb91f.csv
1409;1c363c20418dda4f6c674f6d7af16f92b5dce974.csv
1410;2a71668dd2b73cbbeb5005a2905688ed276603a9.csv
1411;206121388211d800150c316cd04daeaec547032b.csv
1412;31f30e0bd74035d9bbae69437e8af989fa78966c.csv
1413;2286b53045dda4309a7f4da297e7d1974b1cb0d4.csv
1414;286084dadc535bba794fcbc468398e7f258ccffa.csv
1415;2911b1cc77f7c2bf1f8743673d3d2df7d7993aee.csv
1416;22bc83fbc25560c43305c1995aad1e805821e054.csv
1417;1bd1b038d7ed985902aeef21bc1493eda76cdab5.csv
1418;1f28ddf08dc9bb5b9b4c291f15d3d42ecdf9cde4.csv
1419;226a0c0674dd9f9ad4a4e90ff6f03decb03457ab.csv
1420;2076515c446601717239a974bc7bfc84f455e62c.csv
1421;268d325d7a8003c4b0474e6a605d6655ab370b6f.csv
1422;266da81290486b68fea7c553e21fa6a5d46aa6b7.csv
1423;32da24606ad160166f08cf05349eaadd580ccff0.csv
1424;27ee82e4db05cf49d789f25d14660daffe743cfd.csv
1425;22c4711a7cea0790b4c412f82eefe57f6bfdf0fc.csv
1426;30c57af407724c03de7e5b24b175c3de44ea79a6.csv
1427;30e08db2437779d4587e2d51114db369ddec60eb.csv
1428;323bdc850ffe94d9e737215e435a44e268f57ef2.csv
1429;2a423f15be9162d939e0402df6f74c31ee2e9486.csv
1430;20317b47f1178792d735b4202fc343721d1ff4a5.csv
1431;2f724b7cfad10b8e35297cd8f000b88f67939d72.csv
1432;32011a9e06d16f2e8bf8f86977aaa8143e9fc692.csv
1433;2032190765972c590630a370d6d2f088270ee9db.csv
1434;23a6cc5f5c3babf3e187374eca3be2a5e052669b.csv
1435;322b92b3fe13a75501b634f427892409246de419.csv
1436;1b08674379f9805e1ab55ce13c056b716433b8a2.csv
1437;25d8592c8527ce05463209c6e0c3f61c75b65f86.csv
1438;23904278d806ced4d6fd0ea9b264d495562cf7e1.csv
1439;1f92a01ead66646392c85f3abe57d3ea5ef8125a.csv
1440;1e8ec294fcc4507fcc89872f84adcf4633bb10e6.csv
1441;2f464f69ee34fff67b35b41170660a4e3dac0654.csv
1442;32e9da5d0766c5b192ba52080d05a9d91edf74eb.csv
1443;1d720a06cad9b69f7f45a4e7549142738114287e.csv
1444;22d812dbf1b71eb834f1244bdd26db698fed6a34.csv
1445;2786687808083b1a23083be32dae8229ff545179.csv
1446;1dd7096290bcbcc5aa830706c5396155ef51bd39.csv
1447;3115260ab0b83020627a59f8e6c47d8e33337d3d.csv
1448;1f8a1700ee536e43e65c9ba4df7f87b0461ee999.csv
1449;2871cf7a741e9af5c94009d2cf5f368932f6f47e.csv
1450;20320bc56f02e0fc4bc6430ddb0efa564db40cd1.csv
1451;290f794d03f965ddb9e0c444dc970172c7363a1c.csv
1452;22b2cb7ff5ea6e57e41098d8cf66aa69a5d04bc4.csv
1453;22a7db49b1d6a2856d8737d3739af18b715cd399.csv
1454;2a8339ac2c0891d5113f221ebd214f2b1d903d38.csv
1455;24f1d3b412c3e8fcbbd6807643cc193ef00b5ed8.csv
1456;306bedd61bce68752ab0206d35b28c79f4eebb0a.csv
1457;263a93d919f1c783a014ddb3f1b15d7ad3a3553b.csv
1458;2ec6d0d83b08c9b4e1784e319978aff1930d5484.csv
1459;2c1d22afddf9c0d5ea6ae358aab7171b06fbdf0f.csv
1460;293854bf36effa5c8080201deaa19b213d4465c9.csv
1461;283047560dd3e30f1161338e0f4f2fcc335328f1.csv
1462;1b2d0c795271b2dffeba58396e52cca462185d78.csv
1463;247d7378386c4c48cf327c151a9ea73040df0403.csv
1464;1c60d93cd686bb14fac65510ad3de47cf8b9332c.csv
1465;1ed600013524263a0c93bc38bb0c4e00acc431db.csv
1466;2a3e6aaf35057f4222ef436b616e9d05106e076e.csv
1467;2b84b189357f940efd105bcfe6e45ea14bdcc95c.csv
1468;310122c497498a3be55d1984730142fcf414a4c3.csv
1469;33a39cbf4221c9373bc07bf09d325c066fbe97a0.csv
1470;1a8daad89d2701b4cf603e668f6aab1209b6237e.csv
1471;27ae3f39b9760d891f7c8f2fd3d1b6d5e038f232.csv
1472;21a539cc5e6c5ce8c39d80a59033791d7860a8b0.csv
1473;266c1240291949d87000170237a0de20daacec67.csv
1474;2943228f12c0cb46c035893d848410ff23686595.csv
1475;2870d8384735793d033aac6c0621f35540b59736.csv
1476;30f0d89777ce7543d7b37544544c810b896c4821.csv
1477;1ddf28f6c2bc0a7db607b0771748e34fb6659f51.csv
1478;2f9d66c86c6ef08d8e3679e2cd01c2b140e68a32.csv
1479;21e12783ad4aac6ecf757de6c644368ad999cd58.csv
1480;2eb06838c62a16822b1a0aa7be0a43d380025f50.csv
1481;2e87670d524b1b76e2af6090d5cba472a6448f85.csv
1482;1e981bc1ac8d6a8ea0f8e21991e3f525ae0a16a4.csv
1483;2f446f5b176d426f14b28a4898d83c43291ae82d.csv
1484;1a485fe46f5c18e940782aa60bb756d6ae2a6c0b.csv
1485;284b00ca025a939e64aefb5129b9e942c065baaf.csv
1486;31a744d5cdf4b8901ea26a847bbc3cc76d6e02d7.csv
1487;2318d71622cd266fdbd9a9d80f25e689ff6f61ae.csv
1488;2b6ea0603deab65ea1e0ddf4367985f6061bac9b.csv
1489;255e2bd7406726ccde903239d96011c340330634.csv
1490;32e54e86db8e7cc46844319fb3dba6d9a02a86f7.csv
1491;228650bc0429064d800d4b9c5fb0e00c2533a579.csv
1492;3373c12fcd9f891217dec7833378f696637b6ddd.csv
1493;327803ba593def74cf64634bc148a46935a3dd10.csv
1494;310c97d16197e1ab6ff3227b706bed41f079b8ae.csv
1495;1fb860b35fac03bc319a2d12de832b65ca392c55.csv
1496;2f48db348bec8a09f6a83d949d1a3294fbe44008.csv
1497;28564e89afd6423e291c68867dd52654258b29f8.csv
1498;23cc980b829be2e0c78dff5a3d205d9fd0221fe9.csv
1499;1ce01bfd8909920c3da397b92d9803389f043268.csv
1500;29ada2d0f89dbeee105c3f95b7df0ab204d9a444.csv
1501;2e7571bccf8e71340eae54a7254aa136d0cbbcb3.csv
1502;2f30661deb18cb670889515e7de1d3b4d037a7af.csv
1503;2769723b9b497b45c8178f8f68dc48a5fed06db6.csv
1504;22f1e46f69ea11771ee26f499b234bd3ff1bb88b.csv
1505;305cf1019ca9c81126b2e527fedf79969c2c522f.csv
1506;1cf0ff471514dc73eaa490d65d0d4a35f1345f6e.csv
1507;1cedf8c2a09236302e9b5717604bdb98bae977ff.csv
1508;3289d3f6963ba040c68dbbde3120156d73e1e5b4.csv
1509;1b41bb775aaf552e944aceaa31f52814e264c78d.csv
1510;264e7bc2caec36fca2b89d1f21198b8abb4a2d3e.csv
1511;24a525b0319b028b8898f731d49b84f467ae2c73.csv
1512;2c6d1fc20495ba6b8b43ffe06cc0d9bb80244d96.csv
1513;1d14e19f66d1a9c36b98aa2365aab80e9845616e.csv
1514;27ea5838cb5cf114ddeecd9972be98813834ef9c.csv
1515;310f2c636d121f3a0e48ccaf6b97e4c3c8ce5abe.csv
1516;207f7aeed7a6907c94d4b00ed07e2ce3ded10ded.csv
1517;2a40cae1982703e2b3f357d3721982eef57e0258.csv
1518;2f32fb8cf3cf8e48df1d344dbdd9dd86a00605cd.csv
1519;1d8d4fed8118f54a4a5db8892cc5e5bbbf19afa4.csv
1520;1ab0742b23affe5d2f9a5adc6b98e3f89defd930.csv
1521;19ff77e874c0706f794908e9b6878314671d385a.csv
1522;26ee25b06063d12c5685b764db2c72fbb17fc31f.csv
1523;2ddd50da1dd398931c5db3d1734948ef27b705bd.csv
1524;2ebb6c8bf24d0955f26398dcc7653b0f6fb5c9f7.csv
1525;1ea389f8fd5d0f0cdec22330dd9e29c5b7217f61.csv
1526;1aa091c222e1c37ab245b60ed6432ab597480149.csv
1527;1e1f8ec1fffc3e243c9c5b53baf146f0e7c6ddb0.csv
1528;207885268ef61365fc89820ecb7c854a3dc23d9a.csv
1529;2c332ca9f08d552ef49e6945655e9059e82ba13d.csv
1530;296e24d0dc3c17633eeffea57bd23e968a1c8a5e.csv
1531;23d7b2f4ace6187f00215ecbee567512ce19ac07.csv
1532;1a52cac849bdb5840d115cf513ec8cc63dc2d56c.csv
1533;233b6a7c5234ef4a8bb7918dab6d5ea8fe0b1aad.csv
1534;1f60f032bad1fcfb8d48b20527c347ec774d255e.csv
1535;1af9746ea8f584f3f58da4f59d6dba8185f8be4b.csv
1536;33c50b9e506abf3c1db6bf58bd77b97155f9e903.csv
1537;2ace5853970e68deefd9800fdd135a266237884a.csv
1538;30292ad7f0b45c12878cab23e909fcdeb38bdf7e.csv
1539;2e8bc0044aba50cc5c208dbab92d35493e05eb74.csv
1540;28cfe86a8fa13dacd3f447dcb095ac9a9f99a33a.csv
1541;3118aa53f6b7e539049e2a52e973f4124ba121e9.csv
1542;2f0c1ffd323fc118bfa8cdd80142b126416423f9.csv
1543;1c39727d1bf8a4e67e43fccecf8dafcd9b960b70.csv
1544;28223ad437aa22ac2285bd9dd775e1415a69411a.csv
1545;286ffc3b37fa763b765bb3d8403fd4deacff80c3.csv
1546;1edab5890fbff22ad353739d3d1e80a86d482820.csv
1547;1a5c7512b0e842a7b5f1d1511d0f035a0dbc3c25.csv
1548;335b0a3f21f764adcbe20ff71e422d823c410098.csv
1549;27548472c288a185911a8907c927d18f3c9b0abe.csv
1550;222534164391422210b3089109605e8ff4d1d46c.csv
1551;1ed4c31d7ee724f9937c3f91d2a91b01579a853c.csv
1552;28f89ac0fa6a72cf3dc315817c2e670c10dec347.csv
1553;19eed2e91c17ea20e9cbda665e19fad13a948ecf.csv
1554;1c07f420a5a01bec7481025a89f2621596a99782.csv
1555;1f2fa602a76a8bbef2d8ed3790a41fc2ccced303.csv
1556;1db4560940a913194230a37755d10fa154b09d15.csv
1557;2cbb038739adbd4487fa3c529e404189637e59d4.csv
1558;2558f92b15a62a49fdd0e7621ba97f1a4aa0080d.csv
1559;28deef160eb2e879ffa3a4f025898a9690be0e7e.csv
1560;2d5a036da3eec69cf318ee695e8bd53347a61a1e.csv
1561;1b21437159e00cfbc7a48cfb1cc4c27a818e2157.csv
1562;1d2c4cd6798ba4eb5e8e062248a7853df4bc74ca.csv
1563;1ab8aa194374b8dde041374f4020e427fc56685d.csv
1564;235451b60cac00666f0e69e9d196d090da8609a5.csv
1565;2d78b0600b84cfd57e11ba249ee58c159fe517ae.csv
1566;306c2b4690eb9e399d2f301c7ca36eca27cad013.csv
1567;2857cb1d4c6c446ac30ab4d0cabca0b42d62c465.csv
1568;319896275e7fe7dacb19138689294224c13a1aeb.csv
1569;2b2b4954a960745a09009e9de6d1cb87358bfa6a.csv
1570;29358b6f1352ebca3303afcbd40ea4fb12a5072e.csv
1571;1c7230a768a9650c409a13c25b42dcf5f7f3392c.csv
1572;1d55a99be0e217434aa3a7bfafb4d83c83d12525.csv
1573;1ec08de8b92b3b6c9be98dcd92db0ddf3efdad44.csv
1574;1c8afcb822dac8e8e5b33a85c2c2e9c7cc24a25a.csv
1575;2aad3ed695f9313c14066aa2c385092c7cf814b2.csv
1576;1b050ba5ac020c50042f89a5f4936404ab2f507f.csv
1577;26ba0cb6190e2a4b476ebf7122a0e439bbe80229.csv
1578;2b2903114784318062dabce86e330fbbe9309aa8.csv
1579;330c656592e9917ebc7c9c1703ddaa3d9df809bf.csv
1580;2a46fb28bde7f183808bb47ec90ffd8d97511a73.csv
1581;20d1c063410f32eb59b3f3063d506c4888c80bec.csv
1582;2b2ec303d28afd9e460b710dd23efe264a5359f0.csv
1583;2e8855a1b4fa41526eac0e93264c024aef7f6c9d.csv
1584;24f4f393fb59daab089844e7af64e913d2951034.csv
1585;2c0c7b9bdc81461fbf533ae6b89fd78326651306.csv
1586;1b689d1cea7756cd990f6c8322a9a75351408135.csv
1587;2e34c8495ee4de8e0607b48585b97fa0c0da9dc9.csv
1588;2c5f5500b79b97672aca47a26df7996390c30459.csv
1589;32d5b5c7b38c1dd14b316de97bce86e5ab252f91.csv
1590;1c7db6e51155dadaaffd563ef1e560011b25ae92.csv
1591;2fd0fccb43ad3cb1634370734ba27eaed2cf015a.csv
1592;2cd9b37d110968368ce6f837e002788ac6158af8.csv
1593;2ebf1526911eca26db1a7933e592260302caa3b7.csv
1594;1de0f645bef4bb4fa6244abca0b1e0396fdea449.csv
1595;25e53f84ee9bb3d0f9be47a740938c12dbbd559b.csv
1596;1ff255719ae770ac447902320cf19bd3c7e895b7.csv
1597;286bea94529dca847214023bb3eabc8b2bc59760.csv
1598;2ed23e6fe433d2ce14436eaa68a9ab6240a00500.csv
1599;212b5e2ca9c78f0864f5a8540b36b3c18ad06d27.csv
1600;24e8a04adeb7f1142768d4de1e10d8ac48afcd03.csv
1601;239ea9fe738d669e1d479ec1471d33f1f271a4f8.csv
1602;2134f97f11e3c3aee6903f4971a2d1195f9620b0.csv
1603;1e4181fec183b68f1c863a6465c4a39c867008dc.csv
1604;2d2b70166db15be7908f748930e9c56a300e5851.csv
1605;1ccf19a7957dd88ddcce92605007ad16f26d28ed.csv
1606;29baaba300edea006f7b4d287edd3426d6573a26.csv
1607;2a8a6ddd84f0c80ce33fed8960c3201c08e56854.csv
1608;1bd2f6497996fc0fccd8dffd7f84846d3d36f964.csv
1609;27b4bbbc97d4660bbfef9e12bf3c3b9790df9014.csv
1610;257c4916d1ec89f09d6d2b42b42042b6aeaa41bb.csv
1611;2dac8ac4571d9cbfae358e75bb282163b0e11f31.csv
1612;1f33cc82e136a1cc89b2382e6fcc6ae520e364ab.csv
1613;26dbe2acce338b3bbb79096eba3893d99b5398f0.csv
1614;247ba693b2c31daeabbf8f1e81807f2e9a2bd75b.csv
1615;29621887690af716dac0c244eeb95bce74fa8755.csv
1616;242a976b17f8005f91a2f7aacbb85bf7d6424426.csv
1617;1f7d12535c961aa81e3719db27546b741674c1aa.csv
1618;21c1fb315716ec1e3930c51350ef05c922a05fac.csv
1619;26401aab640b61b28b31696b3540662e5e1428d8.csv
1620;22c4eb219966e3ab37726362c48b0d8f918d4b52.csv
1621;2106f8105f3cb30bf479fdcb6d78e4891a204080.csv
1622;2544d85288aa39f592b1e172f8c62040bc1b2ba6.csv
1623;26f219a1d536118b973f8948cd564b53beb649fe.csv
1624;2738ed5788b2eb1a42164c7ddff227105d5ae617.csv
1625;26670350d15f4a1f0a7072ad985d98b21c28fd5a.csv
1626;334bc72deded9b157e7f7fcc108fe0671cc41b50.csv
1627;1b2079db92924c2ee758d437394789b4822d0327.csv
1628;1ff2f23a621ca476cd59ade285f8b9198ca178fd.csv
1629;274eab479084dcb79951d6fdde012c9eab9bb469.csv
1630;1e8198cb2eac9d910c4f14712025d90ddb958204.csv
1631;2c3fc2c522ed72e939effed158240c1c971fbdad.csv
1632;1b42f78eee63e2f5c5a58a59759dc119ef1f73da.csv
1633;2f132252da880c9c19d5548ef6ab4ac752a90244.csv
1634;1efd8ee0124faf388961ff309a10ca2cfba5268c.csv
1635;2b532466bcad2dea4891e62bb86097a2089d95ec.csv
1636;303dd57924047b30670081699eb8c991bf0f41b5.csv
1637;2ce32d388ce40b7b9645329a2a2f0edfff7367ef.csv
1638;1e7e3df5deec55ed5c2fa7f9cba8854c6aeb7ab6.csv
1639;1b8a085682d10dad4baf90417a8cbcde144cc8c9.csv
1640;24f3fb94ffa06167fa87ba73f357916cc88359b0.csv
1641;1da61ea537e7b6a6b56a2ac371e9e95442078672.csv
1642;2fc84e709c4978a92c3f4168a6c145080d1b046b.csv
1643;1c95842aa93b7a83184a66f5ea325257c2b6c7f4.csv
1644;33bfc254b350a34f254ea0c56d349ddae719048b.csv
1645;2cf982b22e1f2deebca01ece2c70b0e4828ebc21.csv
1646;1cbc073d7288259db8f24cd19ee27052c1eece02.csv
1647;2585403015b1b1b31ab187eace93d67f4441e3cf.csv
1648;27966ec51b51b6fd67959b36c4a51300360865e4.csv
1649;2a3a08fcd21eb4e6ed6251960b7e1e6cf1a7f18a.csv
1650;1c3e28d4bd170a986bb5566cb9f9616410f67763.csv
1651;2f38b7690f9e7ab1069f6b9e28c103de5f6adb96.csv
1652;24c4787033b7069da07ce6b0b8f85f6fd5ad84b2.csv
1653;2239f23b3b6738f24cd381b0ee59faaf39a8a027.csv
1654;206b5371a11c4b903ed2600b579171a3e6873764.csv
1655;25d4af008525a27cff170cac5381937b1a65dc83.csv
1656;317f9c2b15b77682a875328e023b5b62a9eb2896.csv
1657;3053729be9dadd6180b0b30ed2048dec12bd0401.csv
1658;2757ce8aa9cfdd87202c39c244d8f8313f4a2ca3.csv
1659;2269f102137c683d0a7871a9ea5110298bd3598c.csv
1660;32501343a772539b8477e17940f7333e8678fe5f.csv
1661;30e8d03a5cf6907154b5a3d7c7b23cdc96cf1952.csv
1662;2a1e091e9ed956fa71921a76e014e1694c855d04.csv
1663;30215fe783662edff46565307706587b3bdd60a5.csv
1664;2fadcd6b5c3ddc519094af150095be7578d8499b.csv
1665;19ebb3ea64083a71dcf7b9c2cd53bc49ec1a90ca.csv
1666;30b4f6254119ea425c5370fe40f3def0500fa359.csv
1667;31fa7844fdceee15b185eb734a7e1a09527431e2.csv
1668;27636c830ab9c45d38454d50312227747652f70e.csv
1669;2975cca0a160177ac01195442ee8f6a55c59bd24.csv
1670;24f49539fad81e8f8b10650eb9cbfd60c8ee23f5.csv
1671;232dc9f3baa927facbe91722ae717e0738a73981.csv
1672;229bb9dc175fcc4d90e46d9ad90b67ab3e49a536.csv
1673;2ec6a171036b53b0c21a39abdfd12756fd02ace6.csv
1674;31ce4647dd3ce32716212b10cfa8b05724dc32fd.csv
1675;27521ddbfb535760a7e4d77ac0cd6a0f3ebfb36a.csv
1676;225d47cea0dca6f6211b16f9bf8911e2360fb75b.csv
1677;2ee77e390b7b181cef6dfca17f4a6aeab09d0064.csv
1678;246d1372657ab63d6f10a57907fcda07c1ddbc3a.csv
1679;21c5b88a655bb1b5b8c3c3cd1dc1aefcf2c75cbd.csv
1680;33bee45e93ec92d0813e39a07e158605af679215.csv
1681;283604cd89c223271768c0a2fb065cba3a015b13.csv
1682;2748111c3683cdd338b098c0b5d2aa6becfc0fee.csv
1683;3024739cfc1f411186c0844a254501c14301c935.csv
1684;2e0b69d338fec7a243a0b2c02a7f2a9722e07054.csv
1685;1e1dd6e84f1c9d85dad91a3475f8c5cc35558428.csv
1686;1a29f97fc037ea6456b41d054e5603fbd4f76e94.csv
1687;289ee0f444d73f95d62b09d327c16e2adab0c489.csv
1688;2ce201c2ba233a562ee605a9aa12d2719cfa2beb.csv
1689;2fe52e4cee440e3ca69f615221a85064b0641e0c.csv
1690;28e355b80d2d62c5314e8d97e92fbd67f77679d5.csv
1691;2990612686e9b3dc6819d62a2daeec9c857a98e9.csv
1692;22371f1a9a91782adf48ffc5ad7d54d9a7a61b13.csv
1693;2e45e30b65fd34a5727e967dda22436bffc2b57e.csv
1694;19dcbc62263225d430f506aa5745d23a66543de8.csv
1695;1d75590848a42f84359d8ff9631fdc3145efd631.csv
1696;1dfc1d885254d7df5f71844b7de87fb6c9539662.csv
1697;1c857d4493720168ac6eba2bbeb2fbfa31433d91.csv
1698;2a7fdc03389aef740cb9d6de762e96e52473b236.csv
1699;287c4490cc1444272a65b00d768048b0cb8c1a83.csv
1700;1c8a0fb2f60c243f71d16d5fefb5b51d7978869e.csv
1701;206231b403edaaa8ff0fd1a23ca2428dd261507b.csv
1702;2df20f5c298fe15e93bc70a752c8566c367f0faa.csv
1703;304d61d063b602c2971b9df3ce167445c9880645.csv
1704;24ea6063ca2c39579eef84d27b3170e6d33a7e27.csv
1705;1d4793842e3eeae37f34abb1541b0cee61ff976d.csv
1706;19dc682cbb91c080bc58cfb2aa26ac4ab6fb8281.csv
1707;322e9f87ee07bd71dd82ebf7e431c34580feef25.csv
1708;2d85ecf540b138ba2c5dd735bcf986c58ede052e.csv
1709;20308c2a1349e993e82115a8dc869c011298dd06.csv
1710;30d6338f9b3366f9d76e5cc76e6a79a4aa3f8c13.csv
1711;22d9a77f7eb015a61ad58babdd9a9a68c29a3176.csv
1712;2bd6e33d92632dfcba4056a2d7355ced5b7ab1fd.csv
1713;331efc82eb143a10c93bb64327998b525bc461a6.csv
1714;1f4ec41f723e758522faa99829a52f00ea45a9e2.csv
1715;27b5819a442f4af88897625612d73a398b439bfd.csv
1716;1fb6893b7abf4b147f4185c6f94a06c79773d3ec.csv
1717;30420a081a88b98988e277a508b07af7e7acde41.csv
1718;284a7df2b370e893122a58ce3af9a9d2daaab704.csv
1719;1a485210a47a7eb2d39964a350d68ae52368c1df.csv
1720;2d874577cfbe77f483ae4988cda1975f8d470c91.csv
1721;25d0bd17e76d262df4c2948ef2d8a5270f00871a.csv
1722;2cd037e5b6e8f285b0a68b5d10c627d407046c0e.csv
1723;1c7d1097a0fc23516fc084e127333ec4bbf9ca94.csv
1724;28d59a7490b8337301262db257c5cfe98ddede06.csv
1725;2028c33a99d25b4388a27d93fa0d4e2fe2563b54.csv
1726;236bd666a76213bc131969e1d5b66e410fc1cd45.csv
1727;204a803a89944c81ecd8b50ddfb85e78db5df7f3.csv
1728;1db51d8c217cae965ebad4dabf0651a2ecd62e53.csv
1729;1b52d288be0b26dd5e96fd0054b08e4ef69a955d.csv
1730;2afa3da371e5495dd55f0b4dde4ae7700eaf99d6.csv
1731;21e6d4c42e4375fcb05eeebb140a805461688542.csv
1732;2810296105b6ae2ca21d299d27f83c6d1b071f28.csv
1733;21f0073aa9c5c592c81fd9db4e11d61a35865cf7.csv
1734;1f1bfc20d5fa1896482283874f8b7971e51426ec.csv
1735;2f071bf96a0a2a1c4fc270a41ca7f4535f474ec5.csv
1736;2e905d86f4b7a8cb748864eb560c6555816fb0f1.csv
1737;21a9444b2cd05fcac9c082ca87fac36e91086b6c.csv
1738;29e75f8938836f57cbdfa2e73f05939ee5f561a1.csv
1739;2f4331d2427906e96afeb82ef5c4a90dda236470.csv
1740;33542ce3cc964e6621e0ce35fedd41b34367de76.csv
1741;303c666ccc5e060cf609a6d6acbe0ef7b5e508cd.csv
1742;258dc6960914cb934076d169f8c02d51883cf571.csv
1743;1b0afab4b1d7973d1400d79114798bc05d1c2748.csv
1744;223d9fa8ef42ff808b3301ec2f96cb0a13bf059e.csv
1745;1b482a5e57ac1d83844e7204c907109483603516.csv
1746;217e7ecb495478a12b89de6ab9d03e629f478752.csv
1747;1c956bc94ce590a7ca6c2ace2c0766bbbbfaa0e3.csv
1748;2b4696bf4bc923a139e8508086f854ca52b690d0.csv
1749;2c0c9617097af6391e34b3f30dde6c1e6845d722.csv
1750;2bc264fbfdad15fb4ef382db12714a5ed5ceabe0.csv
1751;2000b56ab7a60199d3bbb2148295370ae87b3d58.csv
1752;31fabefa068bca926a43f94ef80df1daf41aa806.csv
1753;2686a3eb4a97b4cd2f1d9b05018dbe2b28df410d.csv
1754;241ba286b5b231ad009c7e9a28c85aacbdff49a9.csv
1755;2738a28645fe813f565dec475644347ed2d28571.csv
1756;2b91f521c12a736203029e85675120740c3c1810.csv
1757;2bf72671f78524129acb86ceef6c598e10c7daa7.csv
1758;20905ce137d4d5735c25f22352a653f3ebcbc4fc.csv
1759;2fef395624ecfc1747991a5cb4b9b2282aeac208.csv
1760;250c1f24a22bcb81973ea532f8236838987e0872.csv
1761;30e4b834f1684fcc9ba26d41316a44b90aa287a6.csv
1762;260203fe9a476037ca41765c677af4b844573d36.csv
1763;308e91d0c4575362a0d169b9ed31c60f79a86437.csv
1764;2fa46e22a7460345c3a4aed5aca12df56667cb56.csv
1765;19d93173c328e9ca42bd4238ccb39aa8da818422.csv
1766;26d93683447b88c154664f5f80b35cd7991ba106.csv
1767;31042ccf8374ad96d39d8156d9e2ced042734ba9.csv
1768;20af160641510a4c79b9a23b06ea83d27ebba059.csv
1769;21133fab598928cee990ee06d660b1d00f317175.csv
1770;2d5fdcbc3c2b82ecef0748012b73fc1aa7a2ad96.csv
1771;2d9482a26d740c255bf3108d1c628e97fae3cc7a.csv
1772;28040123483f1f80ef9b612102f0b2083eac4ec4.csv
1773;207bf71776ac6427c03a4dffa991148bb6dd4833.csv
1774;250615c975f713cb3e2b09e7e9718fa2eb095a79.csv
1775;1f2bbc79b56c51c0ae26ced2d7d8ccf10360fa72.csv
1776;311aaa859b69a54fba2d8a532fcf632599002edb.csv
1777;23f5f98892b12255b20f4b0a0ec1f3e7b29d5d72.csv
1778;1f7224df292f2dcbfb805602296acd9aba317f24.csv
1779;2306965e5ade6b4f24779fc475b1e85e6aa0b40f.csv
1780;293e8a49b5c0ee33d5e1098b3f4ca9b613c516fd.csv
1781;2d315ee4d1e5819f972a999a7cc1a1c83a8993e5.csv
1782;1ff38c46bce64adb553080443f72ff90e61dcbc3.csv
1783;3359ea81b72a9d6002755539aa7f91bde5fc87bb.csv
1784;3207d738e32216ee810dcb38fdbdf73d47eafaca.csv
1785;318eb743359acf11f860f81255d3a1625f33e484.csv
1786;29cc49c0a88d00ecc54d45ff5bf9128e47e9a444.csv
1787;1d2a06d34c1ae369008931acca5000233e246011.csv
1788;20ae5549ea5761744ffac3015a31a03816699a49.csv
1789;3065f9bd3f5cbaad08a1f0e35f5781ccd0857cd7.csv
1790;3341998ccda48a6464d056736f52a967b45df144.csv
1791;338d45deb88de8cc7f4cf5158c4752fb3533a0b7.csv
1792;2f2921851e825705103320bf3d61f9d76e4c6b45.csv
1793;1de438fe6e455f606c21b859df1769e2807c3546.csv
1794;1dad67bd586092707fb9e7d311d465b82b85425f.csv
1795;1fdad648ea0b100b2f81c17e715113f94ede76e8.csv
1796;1e912d2c58583bb9540a560d237fca233aefde70.csv
1797;2616c5aef5cc1449e5a6b07264e1611efc93f4df.csv
1798;2618f1868d3eaf92f7f306467b9c8d91ec7572ba.csv
1799;3053529090a8974edc1ad695d3be4d407eef9674.csv
1800;2005ffa70562f5f03b57f0d19f4d63e807762964.csv
1801;2522231ac6a1faeccfaf8f71e1bdc7cc81c7c647.csv
1802;2718092eaff4a24087ca1aa7f72d3f8f62594f0a.csv
1803;1a383f04a8ddfeba2113f27e82c41d0582feb276.csv
1804;2cedf6edf59b93290a68074986ee680c8c8e89a1.csv
1805;2b6524fc0ce858d2db326b94ff9bf48cc14cd9a9.csv
1806;2e84c01cad3e1f37940539a14a1f043fadf5b36d.csv
1807;32c89e23750b5dbc17e97eecfc5e916c15600ebe.csv
1808;1a402d69bca02c261a776a6ed65ba5668fec763a.csv
1809;2813c9a864720f35199261a3ab219750d3a5daeb.csv
1810;1b5d310d0656503b1d2fbc612625496a3266ae16.csv
1811;31d093e41e871ccc4472ec4bcfccb4a94a46653e.csv
1812;1c7b536966e355206379e97fd0e8ef71d71fb143.csv
1813;1d39fce3c09c95c13c9b8e18c1ab9a85c24ff7c6.csv
1814;264b30686ef5ca001923b9820e7d96fdb74e268e.csv
1815;309f0f40c0929adbff065933a4806a2a2c004891.csv
1816;20c5f4025a94ca3a48d6d8a23a9db2ebc8b5ec03.csv
1817;33222702ba2e2e7e5f526c667d64beb5bd2cda96.csv
1818;1a19e1b8f4e8c0fe67b2cab9eef2c95cfc44f5ed.csv
1819;265121b026dccf527cd9cc00dbd28a425ba5510f.csv
1820;1adf578fb1c7019c2293b2e9c7cc3f036f9bc15b.csv
1821;2183478af3f9343c0f566eee8b5d95a1abea6754.csv
1822;27053e838296b253c42a6b343940a6aec83a7ebb.csv
1823;24d93589f9edba05a3f0a95b350bc91cb551814a.csv
1824;272b73f1f4852e9c37a862eab96131a5d27e1892.csv
1825;290c2714886f1aaa00c374d3315381b0f0aa8033.csv
1826;25a348f34236403317091db876b29fd5063528ed.csv
1827;1cb0c02329d10e7513faabdc57113172591d5406.csv
1828;29d776d7a6f03cf59887534629dcbe5014f09aed.csv
1829;1e9929bbb08fb46de40a699d0c2d2aa7c287e5b4.csv
1830;1efc2d5258eb4387f65e85a5b9bde50cdcd104fd.csv
1831;3339f4bb346bfa3070ae5fc7dc745ef051535b0e.csv
1832;1d13029ab155210da6e202f8cb5d902d7eabe226.csv
1833;23696844593c72dd8c4d74607ff26049336fe9b0.csv
1834;27ed601fcd2be1e67274e57dcc4ea6b01040e5ec.csv
1835;23b1f3033a86c0f53ee90b9ba14634e956f8610b.csv
1836;247d3262ad1b15f331a89f70eec56b34dbe6b8b5.csv
1837;284790100b67133f3228466016a8f98ad096e24d.csv
1838;2e28d846c5181c13e9ff54ef725fb009dd966b47.csv
1839;24c739b85e7c9082d00e9680cf7a99070c427d55.csv
1840;2bc2fe97aaf88704800806bac58b85cfdc39a6e2.csv
1841;1d7f8850c5244fdc9b387038e7eeae9bcbbde6d2.csv
1842;2410516def70473a479454501fab2cdaf95d88d3.csv
1843;24de2f3f8107492057953a49ec7182514e9ff95a.csv
1844;257d3ac44f72e298b1b0c5f46561948b973ac3d5.csv
1845;1e88d68fd702c8accc72cece9a8df345c64b0b8c.csv
1846;312f1e49512a7626113891f7796d4c2c318c7e39.csv
1847;30d216d33a2ead14fe0230f40fd76f6ae2d3b79c.csv
1848;2f314a77ea26734587af46d6ed32345b0160760e.csv
1849;295d1050a0d5e811698a853c29cc8b388d4d92f7.csv
1850;300684bd7c47e1f3e8373cb250c6ad82a359955d.csv
1851;334b38e4803085738b38d29775edea658bfb309b.csv
1852;1f63075aa219ae29132b49a0c7277632b9b31ba8.csv
1853;24a8a71cbe308f92fd40a91b81fd4483363bd36b.csv
1854;2de543f374418f0b5a2570abdad819ab4e7c632d.csv
1855;3391fcc4d89196ca239c043cfb37e68d8d2e370a.csv
1856;3082305a8cb52e0b436ed787d30a75f17f1fd838.csv
1857;1f534cb2b4a2d3482affcb6d7a1dd23be34f9321.csv
1858;21da52646864c1ad3303daf10f0b3e4c9d12fa5c.csv
1859;1e71a51670cdda3d92a1f182967d78dca3bb5d44.csv
1860;337e463848d0b3587ee5f22fdc157d6b2c47e2ce.csv
1861;2f8012db8f2100bb1876e19722d6c131849e2315.csv
1862;24c20b8ab487acad45bb797b2ae0a2a910b31043.csv
1863;22b6982820cdeb330dc2086ea69713f6e109a671.csv
1864;1cbd91479a8bf77c4b1a98eb3a0dd73a5285c3c8.csv
1865;281303193aa29253bb0b00328b48e892d0cf4f85.csv
1866;25308c7825d20d18494ba38ac49632ebbb14f256.csv
1867;1e2493a8e26be4ff934b96dedc32dc7cf5728370.csv
1868;23d8bce7be2d5afed730addd3b4531f1bc721da6.csv
1869;1a7d600387654c0315c076f74d8479adb4403d75.csv
1870;2bf3f075175c307923fc400707b30616a676419c.csv
1871;22b7dc4a81f482a66e1272bc9fb6b58a2979907c.csv
1872;31cfa31a4d8a26ca083257be0e6dce51562d8c6d.csv
1873;26b43aa70c7a8314456956b5ada051dc6807dc56.csv
1874;25037be00789070e126164a9f939b64aeede0a64.csv
1875;1ef187d95b5c98c9ef187f3b5cf23e276bf1b018.csv
1876;2fac2663c1643fe03479ddfc4122ec63bf269803.csv
1877;2c9e0077309492d6c2784dc19dc7bfc44a442cb4.csv
1878;1c7c9d9c03f404119c5cc1dd98e0ebe17ea3bb3e.csv
1879;334dad2c93659c3ffac791c39b0282e7fbe18c52.csv
1880;2563d232b59f44a5431f582cdc965b3de048e8dc.csv
1881;1f3077db9137fe7b7cc858899628f1625cbf0644.csv
1882;21ce80c47dc75478e589ca52df741f47d516b017.csv
1883;1a0304e5340ef8d016dd2f73d730072c2559acbb.csv
1884;2305cbae32a50cf9923356cd30ca3152944d6d38.csv
1885;2d1c0935153f0c1139529c1c05373504028abd4a.csv
1886;25b38d2f44283253d1e8d320c8389c069c5ae906.csv
1887;331d9c08ce93e1ca8843610514f7ecb1d83dd883.csv
1888;28fbe1da18bb4a2e0f8a42013e14794b6f3038f4.csv
1889;1eb37c6ac1e51907a8a1d5f31c45fff08737cb36.csv
1890;19df6a2ae9a9070dd15404465eed98ad222b27f0.csv
1891;2bdf40e784ab64290491a7b7f0dfb785c84c2082.csv
1892;323e747a1a351a6ec4053512e45718fc27d242d3.csv
1893;1e4ac3a8108d17c0034aa38040a99be38819c12e.csv
1894;32758c2c2d6d9a18702e6198c3aedd80e2788d78.csv
1895;1dc4f757f425b080168840089f1f4d29bac75f51.csv
1896;2739ea989ec040104223cfb49d2a13d7d89dc79a.csv
1897;1f7b47ec5e68a274a145bddd152303eba2f9d035.csv
1898;2b420869104820f327acb9db991fb1fe7ec281b4.csv
1899;300738e128112ee5721442ca851bc5769f1a9b64.csv
1900;213fdedff656134ff3dbe24a7d7bbba61d13baa1.csv
1901;1d32215c90a79509e66eb1f6e3e05b077d08ee1b.csv
1902;287efc07973e7b2d046c7664771dc2e2a00b501b.csv
1903;25707e09aa87bb548138776e263ab037f4e6cda0.csv
1904;23d0641f1f78528bbf3fa7b0b749abc1299a9cb4.csv
1905;241bbd33b32abf0cc6adb68b9c80381f0856cddd.csv
1906;28f13f534ff3d7fccd966a9bb1158a0a1ed95967.csv
1907;2895e9bc46487b11d2e514ed42fca059df5ec7a6.csv
1908;2392e0e02b81ed3565b792e9794d50994acc8535.csv
1909;2f8c155ac0b65122bf485baf2bd6c2fe78e21373.csv
1910;2dd5fd551f2dc371079986226dd78f9fa5f628fc.csv
1911;335e894a725e26adfe71b89170e3fc1301eafb1c.csv
1912;256425602cf068d42a6473d317890d0c0ac6a464.csv
1913;306d48f87402c3759c22d1c5fbfe4ddce3fd5967.csv
1914;277e85da79677586ae01bb02ea6e410ebc97fd29.csv
1915;19bbeefa3a126f32fe8339a1fb11e3d9a1c7881c.csv
1916;2d32032f8498219617634b8b4e5f5c7d214d2ebb.csv
1917;323c52cddef7a35732afdc41dac2a1aa6cb60f16.csv
1918;2f74928e0d29d3724e184de8839982d6a44fe8bf.csv
1919;26f8c5fbd310c95c2e1fb04c34ed6f5d10901d07.csv
1920;28b64c3ea5c13cbcaae132a45661fb8bf5c25c62.csv
1921;290408ae0dcc207b221cee5bd2b86763ac593a1b.csv
1922;22d734ce865dda20bbbbd2695ffe67cb5bb10445.csv
1923;222f2de4774452963b9c8b640faf80dced073b64.csv
1924;2ba96cb3fe11b62cac4ae9816383256395239409.csv
1925;32ffbe671caf791831bb7516b550b4b27240a5f0.csv
1926;237cdea88e640a5848e7abb82992894618315d63.csv
1927;280a11fb6a3cd27873efa93e4600bc4227e7ee0b.csv
1928;1ba33d95f798c3f591766786b165215875278bc7.csv
1929;31fd4d2067fb03f503ce03d16e323020b9f1d219.csv
1930;20c2e99b2e557513c61d82a9d291b809eafaf70e.csv
1931;256b5eac8bfa8c9641d0d210032e64b82294b597.csv
1932;22e6bf7b64a17d055dca239d9fdac04edfb1414c.csv
1933;2b0d5260ad731335898da719538d30d414a9e39f.csv
1934;3331e1bb231ae4227e4b6e8e98412b17468747a1.csv
1935;1d6e09ce2559ff9fcb55f3351110880446b477fe.csv
1936;3078165241b24fed34596efa9f563661f1caa00c.csv
1937;2a2a3087f3f753cbfdab460a0a31c0ac64b0cc52.csv
1938;2ceb8c401218972f0054ec74556cfdecc1ffb652.csv
1939;25397e5a50461221e9a0706147a6b6e3ad449ac9.csv
1940;315303952d93ba93f55029cca73e2f483bc16362.csv
1941;271eaab0cdf64e3274bd45a4264eeac8f2d1b0d1.csv
1942;2896c5193ae79e31e46c2eb50590dc8d58fe9a44.csv
1943;26a222223bf9fe6164feaa2f4231923c9abcc77e.csv
1944;1cf54d1c77b7f0494ab971429d26e0e199952d09.csv
1945;1cc16427f0accab0051485dbbb73dbce1d0848e4.csv
1946;33cf03ea72e45ea6d6beeccc91c5145807544728.csv
1947;319da4b3a356bea3794d401087176bcd055ba23d.csv
1948;2000b147cb90354ba98206dffbc47deddddcc84d.csv
1949;2e6e30e494cf5e2216a4ac5cd2878a17ce8fc4b7.csv
1950;24beb94c313a07be6b0c745a6ca8a3d810618506.csv
1951;1b92fda04723ae9d30a58f10b054cc1b7971e870.csv
1952;3041ba0d88fceebd32a14e0b62b443961a64a82b.csv
1953;1b1b133fc211d0bf8af604d58bedafd5fac7cde9.csv
1954;1d613eb26d86e376a5f8cb5fdb673b7254110936.csv
1955;2a90543a82ae4b2916e12f6294b7a37aa8142942.csv
1956;252e6f853b7025fa235432baf9869ae4f51a020d.csv
1957;29ffe6751373335a54c9d02cec1af4cfdf049ea8.csv
1958;22493a24b3b7c2ed2a9f3c7bfdc72aeb219d67b4.csv
1959;2acdee7df15edf13c1f992bc7aed50fa3a193ae6.csv
1960;281ed09feadb379021bb0d63faa25b484ca482f1.csv
1961;2b7d5e5ebeba8a9731ed1e98a3ee177499fed7db.csv
1962;273ed1bf60b19e3db4ab3894a20598336b7e0ef4.csv
1963;2ad8032804b3deb79b634cfbad52efbf2f90da76.csv
1964;2d298d793c2521ceebdcd2c4be960591032ae0d3.csv
1965;1b8770691fe974dfb269a16db59750370b9c0c21.csv
1966;2094652c2eeb8a55eee12afad81cb3ecb86a2bcf.csv
1967;1bef85a33a74c3d1765752da0e715fc3a46e00d8.csv
1968;3240298a10e4834230eabe0b7cb5a728c00779af.csv
1969;2de3df4bc6bfab602038165ccb45368768071956.csv
1970;243532558bf1aeed5200836620159cf37f91ab26.csv
1971;20a5ebd5341de218798e2defbca3e14ba15895cb.csv
1972;2f9f32fc7d8af64617d6bbd88c7a42dec0e13a90.csv
1973;33b590b2a517896a894c71c1c0b86c593804c034.csv
1974;2d2670b7397637426c285d293f7e5671d95e0e80.csv
1975;219db23666b8e31245a5a93f4c8bda3606449296.csv
1976;1b64709bd4f9ba56a4209bd32c07a89d1beec6c7.csv
1977;2883a8e6fafe65f0dc49b8e2aa1b1f4640f1a8d7.csv
1978;2c5983eedfe4431e007a45dcf0103176ed1d9ff8.csv
1979;3370214f4f7242b2a6ef23df718ef0f8b863a04c.csv
