17600;05ea31d971a2dfb0fc8e6f9ab2e0fdcad1239712.csv
17601;ccbfa674a01885dd73bc45bd0e1888bf73884fdb.csv
17602;567e80d9e01649c261ea3c2c6b3f96cc094d8248.csv
17603;ea9052ffa37cf637c5da59c9a564c57ad7988a37.csv
17604;6fbd9337766d1c1517f1fd19caba5fbc770fc5bb.csv
17605;5171e1d61579606ba0b1e2992887a4ceac4ccf04.csv
17606;b20c2fb8e6b4589f8111d3b13b2cec7659344a03.csv
17607;374834808ed55e895c9da2d0687b007b84972897.csv
17608;d02034376ac45efa3806785215aa2d9619c7abfa.csv
17609;d691ecda5b3e10971f7e2b86c57ae462143cd608.csv
17610;9d4858b586fae5f028cbdc63f3989a9095d7b1d8.csv
17611;2840929d7782a3eba7faa5e6c11d31122b1d5642.csv
17612;537fe6e8d4bf7604351da057788b3dc76d0ffc85.csv
17613;30e2799a9062df1d00f515ed815850c8ec279237.csv
17614;0a67144ee20745181efe19f9e3b9ac0929b578d4.csv
17615;c0cef1b9248655b6ec2991f6a4c8f86c0531a0d2.csv
17616;1e47709195ea3b46d8b649a87dc9ef9568cf5996.csv
17617;0d608d4da72d5d85ee75057016a886e016b3c4f3.csv
17618;421a78ff03281110dff0fc7f41aeac1a9cf94950.csv
17619;1fe3f895e38e337398e1ab4c612339d3b8e72c90.csv
17620;c2c693b8325a114f86cbe0928bde58d0708d824a.csv
17621;123d3406f2ad2c3c7f1595a4c4491aaf3a570931.csv
17622;f5ee7fc417aa1d8a9edb7ebf5985ac0503bbf54c.csv
17623;af0af6677956d38b068e6262df42f8b07bfd5773.csv
17624;d4988b8ba76de95395bcaefe0e73f4c5b79bd437.csv
17625;efb26217d5a2446e9b9853144d3c65fb40020cc8.csv
17626;80c19db327352ed6eac0c22cc54c5a7070b6bbb7.csv
17627;67724dc1a4379f5743db6ea731144ba798b86b8b.csv
17628;09e29610427ec5c1d3dd8fab6571c8168087f190.csv
17629;3b90cc2f89d8b943261f9fe703e68b35a9b4fbed.csv
17630;fc43a6c9f2b085672a1ffc00ba5b638948af8279.csv
17631;9e6e2f114c42061a63519a9fe684088dbfd9e146.csv
17632;8265802ea1d7844ea39c53f73e51dc3213440533.csv
17633;6f0fe507e6d3d1f9d6c96044f6a31ea55fad94f8.csv
17634;da1237321f18be7b7aa63dd9e39dbcbbc30178e9.csv
17635;91e42103c3b3dcf31037b5094e75ed7c67b143c8.csv
17636;284958df11d1409cdf19bde985af2a83546237bf.csv
17637;9e66b0aad1fb51f35aa4e492f2150e2a1a50d7d4.csv
17638;212dfe1a12b32566812b27351b9629550ea26644.csv
17639;45e64c5963b9f16e654cb31ff11561e1a9a420c3.csv
17640;5890de32f81a6d70c9eee102a65587fbcf932675.csv
17641;23bfd5b47a8f2b51410c7c9ccc33981b8d200657.csv
17642;21be3e6f785d66aecb35db360f91ed910806e52b.csv
17643;1d0822862f16cbd3f7b73f03648e761df1b7d054.csv
17644;d5d16a11ca8a9c7e0f2d450022158dba5e13f4a9.csv
17645;f927a30342bb541a01402fe10e981658c9c5d536.csv
17646;605245349ff913a52a945d2beb5f87e66c32041d.csv
17647;58c9079e92f4e1f8fc663b104e7ef6e0a50e9d4a.csv
17648;347b2a3b32f80759f283ecb007cf37ed991f6598.csv
17649;2d9ea8d268e89f7b19e3f1782f955933195283e3.csv
17650;89ce74b2f97a53d57f5a2be4eb8f869abe448ea8.csv
17651;a6700a5f81c68db07a306565b71f24250e78ac1a.csv
17652;0a80e28c067a60c41727994f0fda0cf10deeb1dc.csv
17653;d6ed376c58b4945786f08b2d23010d0a29a80f8c.csv
17654;49ca1775816ea4db56a4b0b1a203bc1a0e597094.csv
17655;97bffa9cbde0cd528821d8b7d46a4485a8bcf9cc.csv
17656;819d34a22b80877f34090f17f71b2d80a70d3a35.csv
17657;7871f62facbecd9f3a12f4278c7aefaaec8899d6.csv
17658;65a8b1f2994c863d97a9702a49436529534e87b1.csv
17659;24f3e899c36064f4720bfc9364bbac23f5a9fbfc.csv
17660;189b6018d5c5a6c07a3a7f33911d9302bbc3f2c0.csv
17661;46e507f7ffb715d0306e4c0726c31cf9ae73f500.csv
17662;c9e0215e61b3b268bcba56c10f8363360c1f4d24.csv
17663;27be246c103ef6d5d0a9f457f13256e9bc405d4e.csv
17664;0238a1b19642b5488f67b429cb8368f332efc1e5.csv
17665;1bb6e0950383522c9deef49e06f714e1bca310da.csv
17666;0e254c9539f7c58b411ea5b6fe7b4aa6b93a2f11.csv
17667;a6762c8a57b1dd864f169fca70a01ae4596548df.csv
17668;12279820750341f76871c7ae807f3c9a851a3ae3.csv
17669;822e80d4e2b8f007b9064417387a6d47fd020b3b.csv
17670;ea128f820ca470e68fbd9c3dfe33c6101e625591.csv
17671;3604e0294f27e4a060910e88e871265784412fe7.csv
17672;404c1eb527f409a00befe6a8b2a42ca567594e5f.csv
17673;629a1c20d3907f5af3cb4a491645e14daca86a1e.csv
17674;9ab333499241f28d3e36b167dae209dc22b59b23.csv
17675;b9d9bfd0d715fdaaa3db0fb2ca552d34afc021e8.csv
17676;b58940f7756058fdb940f4fab7e4852313c09d20.csv
17677;84d46dc8a4907f616fa335c339c15d81c31a4ab4.csv
17678;844fbb5f9cb704a7b0d80aa69ead6b11f87a07b4.csv
17679;a93bd0a5ee80ff1f35602317bf556c92dfcafe06.csv
17680;914c0d5e58d5c2aceedb6ab07c555e1aaba6018d.csv
17681;1a6dfebcc7315a03ee559aec809e9c7591833999.csv
17682;faa2aa0782a6ca9f4072e4918205358347219799.csv
17683;c6efe222ccea091cbbf13730b844ce01dee16035.csv
17684;128fc4c67ef01890625e271452e1b9c7a4ac7984.csv
17685;bb4c8fd39bdc997092633ec943f73faf7821c638.csv
17686;fd3a384f4c327dd4eed0214e1205adb3f75fedce.csv
17687;ebdadfca69444ceb4461969dfdbe7ce99e1d33b8.csv
17688;fde32676b45348c92885a71347194532fe54bb49.csv
17689;0e04d48663e6c86878369d3e19c30b87ef7b5d0a.csv
17690;90c918c6c7fdf001ed4443adfaa3beeb1c13086e.csv
17691;440505bd6ffa90117eeaddd0b4d31f0020715233.csv
17692;d5a0f7454c1cd8d0890832eb8d1e464780db75a0.csv
17693;0be366e262aeb830454dd3a74f7cf0cfe349255f.csv
17694;0b52a2320b9a347ba750beca33fbfa84a137b236.csv
17695;af48bac577dd98eff0da8ae07bc098493d041554.csv
17696;3e966a7ae1c3351851dc1a6d23d76b1f50f54fd5.csv
17697;d7c2c3bc1a45449c7cab34a2b73666f20fc02409.csv
17698;9795eb3510917a3d19c21aaa41823003b7f88b18.csv
17699;9fdaf7225a7657c1bf2c0ed6902a4c909b6dbdaf.csv
17700;71fe4d90bdd12681160b0db7325f8cfcc4e40cab.csv
17701;70dabd891c48fbf98c05f5344a1cc8de33f8eef2.csv
17702;b543ffd7a251f9925c27df4863b0a5b5b9ca068a.csv
17703;c056d65de09bb2b0061b5dac5d6a9e953bbca1f9.csv
17704;a21078272350d16ee144e2c00faf0d68de89152d.csv
17705;76d195e36ccc6e475231bfb8d517eadbdb060b8f.csv
17706;6c2adb112a40f750bdaa9b5722bd146e274095b1.csv
17707;5d1fba93202bde59044de4d458a69e21b5ab5d78.csv
17708;e66f53d0616b7995afa37d669a50490722502815.csv
17709;cff0235863f34320b1b684ee7b3469900d0576cf.csv
17710;575eda7ac2b7101472a09743c350f5796bd023ea.csv
17711;c635d21a8dd780ebae0bfe87fd7ef1d7d717c4ec.csv
17712;2e0f9aaa36a16f31096f5b2eff9e25c40f52d357.csv
17713;ca2ac866aba0297472a5bf3eb9e5796b38d57db0.csv
17714;e00be029fff23d2dd375aa4f86cef9d79b1ac7c6.csv
17715;7467147b5d2e3a436ec805b351b2b36f2593aeda.csv
17716;654bd8540af8e404debb6f7712df44efb39c58f6.csv
17717;91079d8dc62b8211e62c0e21042ee8b54f2df3fb.csv
17718;95f53557f2720d662cbe99da98c2876391b0f001.csv
17719;d2ee7e067c6ea73e5be170b7d4d176526c30e429.csv
17720;522ad75edcfa4343e0db30195aa078484dda67c9.csv
17721;b2a85eaad193272ba43b5dc178a1f7b6e8c26069.csv
17722;b138a86cef4262e1cc6049caa977053c17136018.csv
17723;9e2e28c9f5be04b24acfae83184eefa1f57207e5.csv
17724;462449693ed63e4d1297aa953ca1d5de9bbf3d0a.csv
17725;a616c816dc149d99a4a9e039e8f91c688265fda7.csv
17726;39224a431f8cfa94bca200f1fcd905504675314c.csv
17727;e9ef40fccbdc6891111b860429b4b152c970b91b.csv
17728;7e1ee52cbf998e81f36fd534e5dfa6d83b6b7e4a.csv
17729;f1d5d3319029102a40e081a3240c092badbb7411.csv
17730;14166188926f2a4aa8592d8da3100461170ff872.csv
17731;26fe1d7eae6ade1b4ade87ff6bcb15e20903ebc0.csv
17732;ee0b3b81dc73180bf2f9b08c79448244f0476ae4.csv
17733;3043a0ee5238a31b8b7bdb8fee2576034872aa74.csv
17734;b8e9455238397edfe45e6778ca2de85f86da85a5.csv
17735;332aa52d0ccc0cad182af8cda0f82a4e625a1cd5.csv
17736;415d9b280eaef18f8a496360141d01a6f00304a3.csv
17737;18dea69bc16c7b012216bff398db2c93b9e7c02f.csv
17738;076a3b6d7e71bdddaa7450deab3a016f6074e077.csv
17739;02c6043efa52586c346bfcfda5549fb5bd3e3725.csv
17740;2f5ca4c81f006979ad80381d2fed462a1440be9f.csv
17741;c5ba317033e1d7aba0daf2ec2e09c51100040e35.csv
17742;4033e2eca1d60dd76eb5d894dad074202cb21d96.csv
17743;b63e072c4c58506623101d89b72d4c71206ceb31.csv
17744;e114333b60dce5a03dd33c58cade50c563c0597c.csv
17745;631e7c809b71d79f668542b268894ad91f5e89b6.csv
17746;38af9e502431f12fe4795ea14f315d89c82874f4.csv
17747;c90316d7f8379386513c39621d0f7b0a4e77bb47.csv
17748;15323d4aeaed14fe20110797538397a66d89a8ba.csv
17749;ef4e43d93ed9d8c4cc2a7924d17a07c5526affe4.csv
17750;68c0646cf7b5a4b4c73070ef309be011bc9845dc.csv
17751;e9370c9cd0eaea1b0c211c41d7d3718042a444ee.csv
17752;a30914c39a6a59e378c61c8675f8a5d626dff5ac.csv
17753;8918879fa25a9d2caa472764dd3ae609deddd645.csv
17754;21ccb884c0b2bed3caf97d49a5c1fda61aa2120c.csv
17755;cbb1be0c2b415a48be67b36821907229e1c236fe.csv
17756;2f3a3014cae837b0135bf1d5356c1d583423bdd0.csv
17757;9507dd99d6754bf58e653bcc76a83b3c0f33ae19.csv
17758;0c4d8866632f3b967cd7094e3b596eb2ed84ed16.csv
17759;ca2d65700dcef4081a5e02d1d1bc2432016979a8.csv
17760;81b812b5a2529e58d2bd16c3c95b4bb46377f29b.csv
17761;66c9b317205eaaac1b0bb327f200c143f65e30d6.csv
17762;bda7dcc9de65c3cbe28ddcff2f808bf785c76a97.csv
17763;d67d91d537d9127d01950d6f7eb05a8b7d9c5d18.csv
17764;adcf626e24119bc7519cb14e19d98b735bac78d4.csv
17765;4d1f801df8a8cb1fdf3fc794c0791312a13bfbea.csv
17766;ba7fc2e5541679edbb6be160fe327838f9762100.csv
17767;3bacb937f044c8efc911f7cf77b4b525e2328ffe.csv
17768;257b9abb6ec20bac2f1c7f857c3f3dffa057de9e.csv
17769;6fd431caa05459425a6cdfe9b198e0e5314d525b.csv
17770;5bea1407f7c18ef88f4d7ac325d6a7af6960f71d.csv
17771;dae0c11da81ab59144faecb7b725ac8c47348ee4.csv
17772;af61029fe4ad7d2b3ce646bca39d1eebf83f4152.csv
17773;520e6589a7c10914c49b3ed2af83f5ef84bc5f3c.csv
17774;9d5efd1bce5d7cfd3ec8a13f9311d68878748ee9.csv
17775;4bfec743cd9b5985470763fdbb807a2b00ff63ba.csv
17776;b4991ef774eb4e7811f8aae5ac768cb335206183.csv
17777;8f706b5ee6fb8d199def52178e332826e457c190.csv
17778;2aed14c0e0caa3bba49e472f27d8a8e6a2bbd772.csv
17779;91595c90cb3ae1139a1090369bab9b25abbf6f1d.csv
17780;77f1d2e532230095ca7c020212673ef2bbc4e3d8.csv
17781;d2b3531c28680ce263129954515eb9c9571fe26d.csv
17782;a2e53d0fa7f133152cb9a310420f68ccb1ed4483.csv
17783;e6b7f9095c644284c7686ed30d01f70ec1c887e4.csv
17784;3476310f16e515bb1fdeef6da542380370f5e655.csv
17785;8597530b566c6072cd8ad639fe67720f22594880.csv
17786;9db14a7632b00bc4ab5fb2e9618d8481b98e4c65.csv
17787;c5557ff86a3d5630f341285081a5d39089964ab3.csv
17788;c638161f24eef397ad7d3eff0c2bce16ed54a351.csv
17789;392fda7ac5b50766b3d7f5c09f959307c5cd43ae.csv
17790;f2350d58c349650fa25cdb2b61372f6f9b8e8d68.csv
17791;3be3ef0c679319fca285385747f998ac23556d9d.csv
17792;613a72f2c27863e9ca076056041f87446b567a9b.csv
17793;7be757349014f9c4bb934c55020827228e8d780f.csv
17794;fca13f06ebb9a7a23f11e8b073e2d6a9da9e27bb.csv
17795;10d71f398268a426c7f43f39f62b6280e8ad7971.csv
17796;d068cbca6e78b2704ccc5feba27e216a32513b98.csv
17797;792e29bfb5918f4672f9e18c4516ad70dad13ff9.csv
17798;d148b4605ee294b7ec85f667a07768f1d5a1580d.csv
17799;c0535776e45b8e93ce43e96b0c8cee4f1d783b1d.csv
17800;a064bd64d1ddcf3be61dcb37334fd7a71ddd788a.csv
17801;cf84a24fb58b0500fe630ed30e6e0376dfd6b9b2.csv
17802;e14427577e7e07ddce1b218bcaf48f1ac5cc6d40.csv
17803;9ee52c17ea0f4b3ce399164a85dbfe1f469b5a64.csv
17804;8e3807aa417aa86119e92a24d89379de4591c963.csv
17805;4744c3a173933eb8d44235d30182d7701e5bc592.csv
17806;fc0b145cd796b7f52c798192d1f206568c74fe00.csv
17807;1090a40040afb791cf1d0783f4f95fa10fd2be25.csv
17808;85034882a31e894144a9e118489ea3a5dc0e33c3.csv
17809;2b98dae39ffa070b22a00eb541d4406d4a7753d8.csv
17810;4edc7e5b192ebfa2dea3dc9fc592e9eb56cb1472.csv
17811;17b13cc96d0ac0030f2c7ee14a6682b2f53466d5.csv
17812;47607c06b9a109c4a5d6f1c51fdc9db107a48bab.csv
17813;daffbc429b3550aac130319f496726c66c9097d3.csv
17814;ffa807816bc71d1680c06f3127f477e3f3ae8708.csv
17815;607f80e8844d7d5eb181c9c7e36fb350e5fc6d3e.csv
17816;0889153e8bd8e83afad8e49fe4ba3ceb62c7eba5.csv
17817;739bcc93458b7d41c7939375aaf0e61206daa4ff.csv
17818;fbaff85179eea307f2c793bd342c627ac07d46a5.csv
17819;a05759d07922d53c29b693e5a766acbdb4d3b198.csv
17820;b930244e34f91b0f9a987798c5443ec5a8c2f282.csv
17821;6c85383877de83c8063c9fbe6e34c87428bf301a.csv
17822;c22797189381e2ac79cdc3e1f3c6b3e5f3f0f455.csv
17823;6244fdc49a215d815381d6e8845a4399dfae3ff4.csv
17824;20d91da4be960dad3519d5438db7295d97b80bcc.csv
17825;26e74b6b9c48c6ec3ad3595464d57591b5da219b.csv
17826;dfc6ff77e8a97e14ed02dba9db3eb068ed82ec95.csv
17827;bd5157e1e77a1f5e200a1c249e43f995ae44a715.csv
17828;277df3dba079714723653cc0ee922cc54248035c.csv
17829;1c08bb6aad8bbfed757c64f71b73dff67ea807b9.csv
17830;3ce12a09c5f0d5e8e7d5d8f6d9cc467e9ae34005.csv
17831;115a2738f016079fb869371882518e545b835c09.csv
17832;fe64cc60355678a43b7006e725eeaac04e53fed9.csv
17833;326e152231551ddf2422753657402715691e5ca4.csv
17834;805a5a28dc48033663b43eb65eb8511a41ce9a4c.csv
17835;bf24328586a9d32f89cf4ac116fe034f836e7840.csv
17836;800b8fe656a2310e24f8d97aeee85f08223341cb.csv
17837;aa1c6214d417c22959df8d0b04c21713dc94d036.csv
17838;ddaa1e89726b7df40a6ed8abd61960cfdee075c0.csv
17839;85bd238e891ec39cfaca1cf2689fef55568986ca.csv
17840;a2edd17a944bc5fc7506fd4e5d519d552cf19951.csv
17841;e9c78584c08ba79d735e150eff98297eb57f12dd.csv
17842;4057cf8c383300e4e704e10eca91b2a0eab5d5de.csv
17843;f022d5c1012e2dc6aac1c710f9244688708b1447.csv
17844;53f9d172be9c6f02ab8e659afe8fef847bab8b18.csv
17845;d3436315b4aeb659045c1de9cbca3300f68e0ce9.csv
17846;7774469d445f487a795e8f4cb306d863c52483a6.csv
17847;a53388dd09f066cf85b31deebe53830492a7eb85.csv
17848;63f217fcfcfa2946363e2ddb52fc7acaae72b466.csv
17849;3899c3b15d80afef1944752dafbebaa99ee43187.csv
17850;25cd041ddd48e5ed81dea05a1fc841b1e4468d9e.csv
17851;bc8b2d73f71e65384dbd4056071f618a9cae7097.csv
17852;583f2414b78d76ab9c2d411bf80f7cb99f6357d5.csv
17853;b94ed97de06abc45de3ecc4e688c9ed357920162.csv
17854;0e1df63677f95eca7153ee0d4b29b5260e92f6e4.csv
17855;01ab983c646e8e7f94df804205df6aaf13d987b5.csv
17856;009ab78e7d7bd940ef196974f879de35f922c1b7.csv
17857;2c3882e1deaadf3ca8ab34b77486600eb5560199.csv
17858;a3af4822e6b27a8bff7488c48dd189593b01578e.csv
17859;31b890d35cc3e4d9d6d2b62608f400b51965b523.csv
17860;fd5907332194353d7ec2be2d74f3262ff00b7076.csv
17861;cd0d4c3f84a1b7c2978cd9a3974af572a624fcb2.csv
17862;12aef5d2ee1b820c4258d869a4e32302903080f6.csv
17863;57570091beaa720453406818912b8a7cb2f56fa0.csv
17864;b90df8c645c41d498e7e371a379193cffc2a58cf.csv
17865;b90500a7b856b59237bc0ef1c42c132f4fd83adc.csv
17866;5d0751545228e2b11e66a0f300541e29944bb5d1.csv
17867;8e910db8a6a457e5b407a4667e8a4c5dfa8eaa28.csv
17868;29e8d184ca8182734aa88bf96cd9fd1ab819c4ce.csv
17869;120bd6eed7e254029455aec25478a4860a46764e.csv
17870;6d75608f235a3ce869c6806dd1761ee437190cac.csv
17871;c019b2ec8cc99de831add42d89295ab3889c14f3.csv
17872;37d08e4fefd96f226f922ff7ab61716b9d0c3565.csv
17873;ec8575899e5cb98581924d58a9af677fbf573729.csv
17874;ccdbd5431930f6aac18712e585eb5158508c2a91.csv
17875;87582af39733e3ac37094edb3afec413e9f18833.csv
17876;f102ca6e700d8bdc4d18712bec5ef1a0566daba2.csv
17877;0566dfb4665489fc57dbf6199b9010571e21b2de.csv
17878;787b5fabe58baa2fd890fbc60789a836307b44c0.csv
17879;a95c035b57ab604840a84a23ec7ba8f42b7b25d1.csv
17880;60a3c6f441aff320017f61160b124818112fd4e1.csv
17881;9fba52385c27606467ccd9f98d44dd61290eb5cf.csv
17882;7d8613d3b4b0acd097380440357cdd87c69c2020.csv
17883;c49347564529337e36c07817913197bc8c25b4b2.csv
17884;67f9aa6080c14368c617c06c3ddc3bfd647ba3fd.csv
17885;3b5579588b12f1f4bd5e6c1eea4c8ba0258a4f57.csv
17886;469d2702c9ac28d511d9f921432ef44e83a07723.csv
17887;21c26cd7c6f8921fcc14af7295384cb2a4b5a0d6.csv
17888;d92528299ec104d805ffa51098213e6937f72f32.csv
17889;f3ccc891fe98d9eab49ba3768f114356631c6a7d.csv
17890;3d2a015ae99a8aa2bd724f310b0f5a32f4c4b74d.csv
17891;26c662be8ac1e8183fbe81898a16ecdbfea8b80d.csv
17892;462c3ca7cde635e9e7246d323e2d907a088add7b.csv
17893;bf94cfddf0f6ea866956f6440a6b0bf4b4caee8b.csv
17894;7f34ce1224c44f67e9fe8df6fe938c9628c92f4a.csv
17895;d3b7f8ab557fea0fa84ef72fbc972dbf0f14dacd.csv
17896;08f185d1a808bf99b4c2db4befdde124260feb93.csv
17897;a40dba38cda746be3e79212ab1558e256e50fcf3.csv
17898;44ef99ae7f76320a4bb1ee7d63e4d8d6690be610.csv
17899;c47729c2700ad3de56a37f78955f3dd4d3e82b24.csv
17900;6281a9063f678875fa8f6522f5e84b78f0d414c1.csv
17901;b554d5ddafc2574ae4b82abdcabab2c3cd665efa.csv
17902;eb6d8615d067ee03b959484f29f583c40338c96d.csv
17903;5fa7634d3fe1eeb4511f84bbe215ece3dae182b6.csv
17904;d5ad926afb0860117c4bc646191a47a3d6b23dbc.csv
17905;b89ea968cf71f4e19a038e4a8442b6b5515525de.csv
17906;de24628bf8551727b4b9462aa5afb5bb517c6118.csv
17907;130246bbe2929d4391c69fef6b7dcf6409ef757c.csv
17908;b1efa72076c4698043a86589759b07d2fd269dcb.csv
17909;70730780f38f952e37a0c08421ce64c9918213e1.csv
17910;f0bdbf8aa8f44c1af46b244e6230ca952c271957.csv
17911;e2527e68c18b749ffb8266210a11da8ba68f915d.csv
17912;bcc9e9497e21c2025ff768a86dc9c44fd53fd7e0.csv
17913;b1749aa40bfee7dd0d990fcff4e0e13294706825.csv
17914;5c005d5ad6c52e6a1a9282d173d996a6a770b0a4.csv
17915;1e2340c4847d8a26d49353816533d0b7bf72c391.csv
17916;6e2db98aa242e3e84116afdfad5e250943c55ac5.csv
17917;f090a77510fd476057ee5d2636207e80a7f95a5c.csv
17918;0f15655bda78c3a62a03a19d8028f8f5cf5a1ef5.csv
17919;afc4ed80375f8104d60c1a5f18854bada29eb9d5.csv
17920;925d5841082b5d6b5973e29d771a135b9dc36120.csv
17921;71ef02a545632bae55fcc14a5fa15ec65e898f12.csv
17922;bb08e7e07280159602b2ec28167d7562139ed10c.csv
17923;4ca9a831e8193830fab1a4c09a70b2048c174d0c.csv
17924;ef4b25ea97e4850f9533f6585e0a24681dc376d9.csv
17925;2299d886d109d5d0e2b0b8191a452b94d567e522.csv
17926;49951ed4707e3580958e6968e3de05363511fb15.csv
17927;dcb5e3c4bc9d4f73c138366774e42d3a32a1ba47.csv
17928;231b9cf512e3aad52f61bd2754bd1737ed356b32.csv
17929;cc1a26a06f593e20f844b275da6885e28cb9a2ac.csv
17930;216d94f24f6aa623e712f4581a81ece1ae06dc6a.csv
17931;be5bfa4ff662f6502404ab7607beb2eb6cf001a7.csv
17932;6bf5e4d91215f79b36cee6e996230936028a3f4e.csv
17933;44c6372eecdfe13f2461d6ee334d1e4138eee69e.csv
17934;52dc441672d31d78d0985fbdb1cf61cc82a45e64.csv
17935;65a9faf5b2ccdcb20822e4de4cdac5c77caf635e.csv
17936;a80ad731216ff8fbac734eb5f7029ded6627fea4.csv
17937;cf8d6466c7c8ac20c99192c64f9cd2cfe7ba1c6e.csv
17938;523a530f03f2cd064a2d2c7cb6b3cb160926a803.csv
17939;fe616a77cabd96529a2c88b260f3b5ab56638449.csv
17940;3ff331a6c50b50b9908afbc8ae34a0128eb3c144.csv
17941;0a3617b2f0210bf01d84e512ef65ff614335801c.csv
17942;292af2b130a0c0c0f6d3640a4f74ad9ed7131ee5.csv
17943;4dbbb469d8fd9d7f85f2e6b3d93439ba90352c42.csv
17944;58bb4af3c8facbfe1aa740dc5893a5b4518807f7.csv
17945;85b43c086b804389a1363732f85de88cca9cdffc.csv
17946;da634c6ac7af8e7681ac8d7804f9b63fab2d8e27.csv
17947;22a32e25a92dc02310b1d4415027759921b446c0.csv
17948;93cc9d6ec55f627eeffed0148142832fc46e2da6.csv
17949;2a1bb79cd11bf7f52a896ea78adbf3834b5760ce.csv
17950;bb2d7f1d4cd06c3e1d251509d35b7471621a527e.csv
17951;ac1bca8c1cfc9dbcacc376b5ad2a29391f4e2d01.csv
17952;05fcde0b042a42310a19070fae6de9a2a9935e71.csv
17953;2a8a83200b66ae807ce70d4e86ae189d4f3dbcce.csv
17954;c1a8dd2a8788b428422396ea083351d75f5cee88.csv
17955;b22e00b5e7ad7a07213948ca532c3eb950602c32.csv
17956;a581b86b06b3e62dae9b13aa9cc910119f9f6513.csv
17957;fff4688e7755c8ec74863f452c345cfeeb04d465.csv
17958;9bbcdc1db7feeedcd55ba7f4e429f2c8358b4221.csv
17959;dfec0ff3dc75401dc9281eef15f65e2a8fc90f5a.csv
17960;a1742cd44c9bee84d4c41bd2ae2a2b175be62636.csv
17961;1eecc1abca3d4b25fe067412d02362d60508d563.csv
17962;c4454fdac387668cf36e3df7348e53b71895c31e.csv
17963;4e7184521051e83ce89bfc8a71efd71c5c07cf56.csv
17964;699c921d16635997db00f4e8e7201271713aed4b.csv
17965;982332dd543e919cc90e403de4a175ba3ada3bed.csv
17966;60a281761c385cd49696d15a36326c1ef74f5ed2.csv
17967;2d502e7bb600b3f1b16fa83995717993cbe316e7.csv
17968;0b6115f8cf864fcdf87693955438b7a8a14ac135.csv
17969;d818265a6a977c56d49c1336a7dda840aeb5e08f.csv
17970;6f14087e6b8cbad89f69138965c0a5f1aad07a3e.csv
17971;b991db75a1ca0dd43f922a2ec862c3e51ef256e1.csv
17972;41f28afec098e61c475678ac2c8546f640c8b284.csv
17973;d99df1cab8516facbadf6e7f9564e524447f64fd.csv
17974;1fd83ef7922963984411d069c4e2abcf0f4b4eec.csv
17975;a347a23ce4452adcb772163e22fa377854605ad8.csv
17976;0e089d33672046b01e6d73e3947ca4f16f985e00.csv
17977;f3cd160d6f257ff433386449d7b1d52f337a193f.csv
17978;af027d237d28a214db31b89c67047d49cf6e4a5b.csv
17979;2b517920b4c978971337d286fec37b5454ad70aa.csv
17980;161bef059af06fae635b68b4f14ba98a08760783.csv
17981;1801513c69b235e2631913f915203bb67a1757e3.csv
17982;b466c5c6dc539542eba79097001d04e2b3fca72e.csv
17983;d7a7a27ec27d0fda79264b5e8d91b70e725e00a7.csv
17984;4c222bd3e1c78c48931f4e69164fc6ee7bffb5ff.csv
17985;e2ef2781ce459884a3032564aa6130c9b9de9ea0.csv
17986;9a7af32c9898a6d695d885fecb11309511b7e57a.csv
17987;f9b04a0def58b3ae4a225290e65136ca98cf9e38.csv
17988;c00adb23628d20c4e5be796a259de309109ae627.csv
17989;eb5590f303a4c74a8342c8c6e28d1f89164e2a08.csv
17990;cf6dd828bf03cb9e901b7954205437acba11225d.csv
17991;6dba5abd850a3eed2e6bcd1116d3959faf6e4c8c.csv
17992;73f6f0e0e8e54a472a6beca1c3fad63fa0771437.csv
17993;388cfdd56af0a13c350db7a6b4ac5e65636a1ce1.csv
17994;b0f36a47c75838cb7c148f87f86a7a879cdc7665.csv
17995;ceb1cc6c7d5b1961660f3a7b148e8d60ca2aaa73.csv
17996;daae66becbf5f3477409f82cd5f6bdd6bc05e7f4.csv
17997;570b581e3009d8f4e3b26fbc71521a43774c7fe9.csv
17998;d9aeedf580d93baeebbf465a6e08856608643b5d.csv
17999;8f9dbeeadab370c7dbc889fe2b67aaaf15c8289c.csv
18000;de122e138567781fa6504ca3dbe6240d6cfb1b4c.csv
18001;c653c3f9c97ba306045ca94fa116bf7a2c6a18b9.csv
18002;fba02963ff1a1c65140d203a02a9c15069c4febb.csv
18003;693c7e47639116a10821f66cad4487ff2c312401.csv
18004;659db3a5f124c0a440d413b1064c988dffc43315.csv
18005;da0640bc06b77a07fb72d0a4d6df84434834d633.csv
18006;f6b67038a06adfa604e44be892ab19c11bb4e485.csv
18007;bed7feba6e8eb740337967721fdfd733db7cbbe7.csv
18008;e1d18533a984250b32398bc1e121abdb2cb05ae7.csv
18009;1ffaef89637069dfb39d3da07bd3ef8ead63e3ae.csv
18010;0017543a70b6b8d729f3bbd0a84f24683a1854d7.csv
18011;3408d8976b5714493d54bb8e58bb4a4ba4a18e57.csv
18012;27b2c24e392bcbd8ad16a42aab322ea091cc99e5.csv
18013;98928eeee2d49df093b3a8e397391310461fed44.csv
18014;4b3f80e6adabdf3f45dc5766d513c1832d1e2f48.csv
18015;f4660b3b979ffe629e64c2ca47090841dd66e6b3.csv
18016;23646fbc60788f0323d48fc1711cd9b9afb4c2b8.csv
18017;206cce915d59612e8be81ae9d39212762bb2fc82.csv
18018;3e53c6654095071dee57b605a21624531cd3a24a.csv
18019;505003a36bb8367a1d34b4c7b9e30b25f338c96c.csv
18020;dbdac006dde2a4da395211ae0559615779c7601e.csv
18021;1ab371121f26f1468b469e5673ea055eeb8e62ae.csv
18022;2226d1e1bc57ca5ff9b937f193b7315cd4d7c412.csv
18023;cdd3f9ce27563aaa648b7f25b66e3439d507bb65.csv
18024;14ab6eeafd7fdbca309142856b179fe0438fd61a.csv
18025;38679ae42c078726c9e0ff947ba79f3c5dd7ef51.csv
18026;e7fa9d575a7d7acaa850e2062f17ef30b3293704.csv
18027;63611f32868cb5c6ae9703cc8ae3f1cf972c7bbe.csv
18028;40faeb01baf7a997387a087eba8b699bd3f7847a.csv
18029;4e2cb0a54b6fa519a52d293d02bf8b1f3e71eeac.csv
18030;d423380e92f356ef0e0692a8e6b8e619eaa5f203.csv
18031;c130a29e44f4f6d193abdfcc96d63a2dadcd0289.csv
18032;68902cc063a3d05282c54201c1f047cf91d783f8.csv
18033;1033a7b4f089ea45374b7764cd685b83ca124705.csv
18034;183198c7676634008382c37c641eb28ffa5e6a55.csv
18035;e7e62c87c99c0edb2e54e37a43424ef48d0a1971.csv
18036;ae747f2be1a6a0370ad979fafa7783c6e57602cd.csv
18037;9cfd956a4bf5b1ad8f07f07f89fb38f261965970.csv
18038;48516562e47b75ec5f66456970afb32cb53c805a.csv
18039;16967c62d35c2b54fe7f9bc7ef87e37cc2800b9c.csv
18040;5a6cfde9212ce2fe4f3e713273f78edd3293ec99.csv
18041;2e8074f0174d01d3e90bc01f3a99f25801ae0368.csv
18042;7acee59e418b9e894b99d68265e5b60f7c5f2ba5.csv
18043;e592504c0b73ab046f2e32aa0bd3f3c52a28f661.csv
18044;b27ad20ff8fec87841205fe1b569a0599b967655.csv
18045;8b83b7a705bdd5012b017cfe1c070da3e130e872.csv
18046;827663bcf4a0a4eb0b7ca97f3043879f3ad5cc0a.csv
18047;fc00aeeb5cb014196c3a07fbd9db0c5e80b4a8c4.csv
18048;e4d9441bf8356c2c336dd6c0fbda1a8dea653063.csv
18049;9acd1c32bc6c2d54824ebcf5e3cbe4c03f2a0481.csv
18050;3c1a8c61f6c227dc2eadb791ab941ed5db582092.csv
18051;bbe5374493d1151f7c499d1d189881be01cfb876.csv
18052;2e622610acd8e572493cf6a786f7c26fbfdf4a77.csv
18053;23f71cec67b168779d76b16f771126d98fc6f22e.csv
18054;ed4f66c6cffe73edb4987c041f9dc7eadc967950.csv
18055;f1792f328dde54bc93427fef11a5e34d0bc5e246.csv
18056;0d9e6240d05cf10e7c2177f7c66f51e4d4e6f63a.csv
18057;9afcb07e2677a9e42e0fe8302e23fe588a4fb6d0.csv
18058;4a5b212d408332a3dc04192241669e46df4da494.csv
18059;932bcdd2f6c6d487386e8bf983e4874387771be1.csv
18060;d9c4e17be36d01b53b3d05399fc1fa9ec14c913d.csv
18061;0e63126d6843224b87fe897700278f228f0d614e.csv
18062;7e5f03dbedb3170a358aca139b86ab93c394de1d.csv
18063;c4dc1ca27d6b14bdb5fc1ab3fe9cdfd342a15bcf.csv
18064;26ad6a4c073e767120b64264371bbb6509f40008.csv
18065;388de2b2bf26d85e97af0b86cb1441f017559398.csv
18066;5346efeb778d32f6a5ee3e62cfdaae11588ac093.csv
18067;f4add95c5780a47a61a941086e17d45f1179b3b9.csv
18068;e888985a66c69031003933c33f92352a8c76ad0d.csv
18069;5ea498bc6eb694290d6fd2b6216eeaa8f5451174.csv
18070;e6ad7c4a14a996eabdd0bf183ffde0bd9c70249d.csv
18071;96cd30ac74035b601569dbba5653fa2c95872a3d.csv
18072;31849f5638539f463ef370208a0a06e701996017.csv
18073;e2ef8eaba834d1f7c99a1999343fa11d5bd1217d.csv
18074;e5886321aa449af79ecd3158dcb7aba93201cd6f.csv
18075;16f87a9a08595b50fe86c41c49bc115fb0d9149d.csv
18076;c7f2da8b7a494ce48b1f08903d67e9e7fbf1b946.csv
18077;a5677dceccc12663cba33c54b7ccdde450cee775.csv
18078;696042982b12a54e75240358607c5af9385942fd.csv
18079;3746a896c091d1c1253bad5d5f7855bb26e503dc.csv
18080;3cac7d78edf31905cea85da1838d2dd72e154802.csv
18081;a39e7b5b0ab86e7610108b88e3a527d8d4ac302b.csv
18082;3ad19700c433f9ef9163750966761e3c6c53640a.csv
18083;71eeaebb6f3fb6d19ba8fbec6fd861df8dd46a05.csv
18084;cf898f37f39faa3d12659b304a701203ebd07825.csv
18085;99c637d5072e2c8ea3f2aaec5f74c1591ca87710.csv
18086;728157c34f07e1c21dbe725b96bbb08a9449504c.csv
18087;d7d8f824e452b25e0c952d4deaa31f59f7475849.csv
18088;cee69b0546222491ded5a51eb296c5dd9bf69ce2.csv
18089;64c59ea004ffde038cf840ce5780b156e7f23d18.csv
18090;dde4bdc501273fca76a1a64efdc7ec6253d81ab1.csv
18091;5724d3d87c8441c3b3ca3cbe294965540f42ea68.csv
18092;c6a72d0b6a1510ac7ecb3e16179d9784990f6314.csv
18093;182ccc7ce0c791ad24ec86cf090575d81e5f07d9.csv
18094;006be5ba67759a525ae8e211f43bd8e4429a64f0.csv
18095;a2baa4e07df066fb5c7cd8cf4445966cfcdfcf30.csv
18096;6d23eb821ba26191f3915eaa6641333e2265a9ca.csv
18097;4e9fd8d4bd375552ee024e94b1484664d3932c67.csv
18098;ee9ecf938304f7f068074ccc6271845eb6128c76.csv
18099;6470d4f3600eef6ea0949a078e1481d1b7c3ea2c.csv
18100;a0d2789e62818f66caf6dae2f107801763c3edd2.csv
18101;0a603b52939b7dab816c56ffc774c1ddda67a484.csv
18102;6bb4965cfb43e780261cb0479d224c0ce4714bb3.csv
18103;1c616a84b4f9479c22a6094bd19a26fd85134b59.csv
18104;20f7e61631b51cb08a0ad490205116a2c7628a24.csv
18105;f7dfbb8f76824a20013c5d60b40e75f30e8dff02.csv
18106;303063235dc128b3aa37530cdd4dfb20f0fd56b9.csv
18107;71ebe97023de55435f5e26a94d41cd0e5f743826.csv
18108;ae453f1b3f495c4cea808f1ab92de2c7fb80b72d.csv
18109;f0a2bdf972a540b47ac6b280ace610a053a342ab.csv
18110;03be1b13bb27c345596bc823c25963ebeb990640.csv
18111;a5d3af041bc25b45f1724fd5b97b265fa30ac274.csv
18112;827f9bd611a76f4d4163eaae0df0f9509895e5f2.csv
18113;edead548fccabfaf28fe69d6495b8693a6279697.csv
18114;fd067cf2c50e32608dda7225e5437f44f962cd4e.csv
18115;ba0da76d9b934ba3fed10ced2e77cd74c972fd2d.csv
18116;397ee54a9a622008378c0a36ed9a2ebeb0bbd3c7.csv
18117;55bc581c140ed079689fec2fd3167aae44f063ec.csv
18118;3e03412888918245ff6e23b00b78ba81f6b9395b.csv
18119;855b8bc513a4ad916e2070d07511133a83bdf289.csv
18120;8b405b3817f2546eb3dadfbe91d066f1a7f403cf.csv
18121;a3f41e6ee259789186950193c4f1de30601d799c.csv
18122;f20a4ca033637fcd68195ffdb405bcd7ff5c4ba3.csv
18123;e29fa56c5fdb3898c255431c6a129d22ebbbe825.csv
18124;9e1467f219921f256472a6fc2bdf95a0c56dd96d.csv
18125;3007130618efe9e8e818751f03f9c8ab57446b72.csv
18126;b2b8275bc20b01a8e09ed20d34946314a2f63e7b.csv
18127;06214e7a233b353175d92e387934af3da7b5ce0d.csv
18128;d5772ae858256cb8d44805aff6e26800c6868eb4.csv
18129;8b4a0cb80b6ab51cb5060596b3452679d127c699.csv
18130;0d25a5099c72439db1e38a532de32cd45d972641.csv
18131;053157eb128be3d4084e10904eec6ddec309f9b2.csv
18132;40870c8e2ef7abb8b88bdeb1651b18a531a3bb86.csv
18133;c57a94225226db249a718e94fd6bbb4e2bb7e175.csv
18134;c40693d7da192042071c73fdd902700d942b9b4c.csv
18135;3e1c1c763eb344f48c2e01492f2f63fff83e16db.csv
18136;ba94dbb19b3a574e0f02dbd34b75c42359a52358.csv
18137;ab3f5b8eaac29d0824e8e3fdaa6e3a0c3df4bf67.csv
18138;c776741a382b4b6a00d9deb5f97bc2fb113bef74.csv
18139;3a5f5151e75f16e9c2202a0c46a37547c6c4cc0e.csv
18140;7dabedd043a03307ddc4cbd4e4dbbf7aac54f754.csv
18141;ea9acc00f6517564022741d3ee3fc394577f80ac.csv
18142;40b19e61122433538ff22a68b0f7d4ff4f5d0821.csv
18143;4860f7eda428bce3a48d404200e9cca3c2786645.csv
18144;09477e8262fbfe90efeca2a040de4e9aa30b7b2b.csv
18145;6dcd28b2e6fbc2355e06e89d178815d61ade018d.csv
18146;f55fc661f430d004998de0eb0de4e2e1009074a0.csv
18147;ba4afe00e152de82121a4445aed52c46833d927e.csv
18148;0bc8ebad714c09cdad950f2a46e910e74f891de9.csv
18149;4b56223338c555d76f67e7f93f616a6cfadc3468.csv
18150;342bd44f189b8abde24735ce207595ac8fbafa9f.csv
18151;1e5b64c822f6ad70e721ffbf9436d9661f92bc2e.csv
18152;d00ad11498cde55994ae6de515bc1970ef108f75.csv
18153;d16f78176f69e3eb2258085f98fba710e6774d8e.csv
18154;ef00e8f5511080b7724cf80d289003c3dfa170d7.csv
18155;221fba7a72f9c7870c6397e9ef670f0a2c4d60a6.csv
18156;c890ed14ccd5c6bdebb854a79bde38632b980677.csv
18157;162a1c855ec5b9294a9bc3697b945779b1523385.csv
18158;ecb692cb02705f887a6921a6c744a555befe7ab6.csv
18159;f0800afe623d2700bfe1225d91e657dc8d2b59d5.csv
18160;30eae3d28d8186a69cd90f6a7bf796ea2184fe6f.csv
18161;0c572052701fb6af60dc6a000a524c90f3116670.csv
18162;ca9fcdfcce77001a05e0d23d36ef18374e0c91ef.csv
18163;96a8ada05d6b2cc0001aca4bb8aeff2a383e00dd.csv
18164;61c1fbc500c35200d597d2fd73b2785f065b1361.csv
18165;ec1ffddf6d1cb1f2a96a599bf0d2b3c70d5dec58.csv
18166;25ad613a571cd6c9f3ea5af6727a7b1af41eb763.csv
18167;da47cadf1cef48d1fbcac6f6301899a970ccca7c.csv
18168;ce9acda036d58398866dfc8c3eadaf70e45ed786.csv
18169;caece448e2edd5980b73c18691c167ccdc9d13f5.csv
18170;6efbfa215a506d5fbc448dbbf82dcb4661b38149.csv
18171;5b5fe021a624b46b871749064cd5523a1f570336.csv
18172;f2a849eae4631c45dad7a1d2f5ebcf2496135c55.csv
18173;c2c9ef242bfe57dc9b4703ca80d24cf724bc264c.csv
18174;1d07e497e0b1a4de9c6391e55c5aff384f56260f.csv
18175;ced3df6e4f625c87b4b9e0cabf8aa5838e2ed563.csv
18176;3497a84e0d8736a527ddf901055c1eb9b457abfc.csv
18177;d7ec035824c96d4be6dea3634743ef9986fb392c.csv
18178;fc131dc2b4872ee6c3cdd325739368c4e47e242b.csv
18179;3de45e7fef20e727dc730f4cf870f8567c8ec9fc.csv
18180;abf58dbd05bc4df8585c2b955baf851b204092bb.csv
18181;841791e86c12318b7552ccbc20932cfbde1e094d.csv
18182;6ae872b053aacef8a32771f337891808d8aab79e.csv
18183;4520cd4c15579ae26cee487bce575f96b0dafd96.csv
18184;4a35ac0a934842c639c368058512f68c440bb627.csv
18185;e34e5dcb71e8edc696b08329e53e6ae4e7f09a6f.csv
18186;14731c68a9c8e84229b68e5606ca96b2b3292b6b.csv
18187;8127e7c5d844ba0265cd6713454caedfa8c195f3.csv
18188;78317b269fde6645b647cdff4eddc5100d8c66c7.csv
18189;2076e388465152607e9c3f0c120a48770cd7bd53.csv
18190;b9f24fe05e2b32cc0dbda158364943b2f15b952d.csv
18191;19952da63c90a701ae0ded9a46a4ff54267293a1.csv
18192;f01b7b3b107bf46c714558736c1a31033563b941.csv
18193;1e50575338a347311a2d04f7ac2f897c31174818.csv
18194;8210988dcbb5e56199f3354e348fe33f0fbc409f.csv
18195;62c240173c4ad4e26546045f50ba9c06308ae203.csv
18196;1ab3be28a3e67aca45aede2cecae9339848254a7.csv
18197;1ca17eb3b5de5a0f09d4eb9dc5bbc4affa529031.csv
18198;037084a9d4ae6eb98e6fde025190980053981a70.csv
18199;a5c2871a58df8ed446ca293ea01781ba6c7f2203.csv
18200;01f48822661d416716bb7c132c1fffd0a4b68ede.csv
18201;94905c1dd5156e8390911f5fd65a93fe7f049518.csv
18202;5218321e53f914168ec6959b6ff87f13240be7d2.csv
18203;4513491494e0513068bbbcce601f92efec1d8dbb.csv
18204;53418502dd5cdd7ae9e551ecd15398af5613b5b6.csv
18205;cec4532414e43295bce63c118492705f09304ab4.csv
18206;c6f6bca5df35e3be870367a816ac2e7419d63d06.csv
18207;ba334a8f734285257878e0df4e64a6131818d0c6.csv
18208;942d4ee076c27219a1ba400860e15c93e4e3d049.csv
18209;f8021e7724b0abd6d388c2c544706cf91af6fcb5.csv
18210;f2a9cdee5bb36cffa2a9cef520a7d79d8dd93563.csv
18211;476db4612637dfb23fe3797a46f7215539701ae3.csv
18212;f83ff7d3c8a405f8b6979b6a27c46fe5becfcdc6.csv
18213;86350f9291fa5cbf03bb638e3d4c62e543334113.csv
18214;17b092942efe36b01f5fb5a5e49b5b0d81d379b6.csv
18215;b6eaa7537908627f75c30f6fbbbaefd207ac3507.csv
18216;c1d51e5fd848c7b73da84c14bd82a273fc682f79.csv
18217;1dd754bc45872dbb88f147da1601ce6f343f6c9b.csv
18218;f3e83760053020130b44d81fefe2d20a5b9f65cc.csv
18219;3c40376974f82cd89320389db4e4a48225a18931.csv
18220;d3d1b82a318250a2e7193878c11a4e14817b07eb.csv
18221;4646406a1557fa1fa99d4dd7eb197840c3f44bc1.csv
18222;adb1e01e3bcacbfdfc1f0f585df098d39e417a08.csv
18223;d90d824ebfd4ffc8c3045571391e41dcceedb420.csv
18224;dd935e1392dc5e97fe50767c51e324e2578258bf.csv
18225;020d76b46fd89983f3092d4e16e2d32c9a76df9c.csv
18226;1b47cb04a54a8bc6912840fa8ea1b0cf5f8084fe.csv
18227;06aa58a2cc3f1a4d90256782bf1d9ca62728839f.csv
18228;e7210ac3d454469f476806df66d97151062aee85.csv
18229;2a07e959105e6437ec97a6ab6abd0260f9b6ca1a.csv
18230;c061167f6da3dce30ac5b9eb3b742a72564d9515.csv
18231;6bd909db67202372c9d945f9678b91aedd952ca1.csv
18232;a8919904a410f2f11e9cb1a665f129854546926c.csv
18233;2aa208b1f87b5b9572c76712511cb2401a0f2739.csv
18234;f5a64232ca63ac8b5a62ec8c13e98109173ca5e1.csv
18235;ad4f88e2fe4359bf084a954cc9fa73280e83b1d3.csv
18236;b8e6bd7d27717bee3546f567af60d59153991c87.csv
18237;a08629ffb6fc1b030dfbaa4f1a3e233e1e9b76d9.csv
18238;b90d85915f51ab637584d162d5bd78a7e02cdae3.csv
18239;6246abdae70103a9e52fa3ced54bc3b7f689cf07.csv
18240;6592c9281a57c2c5bd2c3885d3df79ed0050f4e1.csv
18241;6c4490ac6aaeb754b7688e66565b1e763b9fa30d.csv
18242;493fc85d2d65c93216007aa6ce5d105a9a694380.csv
18243;c7051470d2c4d38201bdd2823a0c3d5d0937ac29.csv
18244;88cdbbd6af44809e269b6577acc94823f0283716.csv
18245;a7dde4a6a21e6ca7cf08c236d1510e2afabc54d0.csv
18246;e7148f0a08ab6805b79971d1fa0b1fbacb66a211.csv
18247;7a703bbfc65873b88efe1cdb23b506064038d326.csv
18248;a8bb98f59be4c058592e12551553b77be35f3f96.csv
18249;7ebd2a48042928c918bf8714dd3fc56446de5426.csv
18250;6dad702cb7969d99544c6b8f23c534422bdd0d69.csv
18251;bf80f0ee336a378cca9d2e08d63e7a80ca85bd52.csv
18252;b4a97a04b13b7436c036959ddb6019a435dcec66.csv
18253;1d359abc5f6e3a45896271c370993a5f2c1b1dae.csv
18254;51fcc2884bf01279f7d643c9dd1915b3d47f3929.csv
18255;d232d89b5f4ac564682355db1ea6e3264df72060.csv
18256;20f47a3ac1b2f390789aa4a74d119fbe89db7ffc.csv
18257;b8818513e2f69eaac05b68108bf3c5aff69f4400.csv
18258;a195fbd23bff769308504c0ed54ff99f80a2e9a4.csv
18259;e5d135a6b5b890007b00b3fa069168a206724b49.csv
18260;b21f6a299e3b5b40ecf2e7ed99e941b3af72b763.csv
18261;6e2c9f2f4eb33812e4458660db84d6fcb2b92bd2.csv
18262;f19fb35c6648929cd986ba0e0513f423d09ae5b1.csv
18263;c5a2342f2be367597c69efa11ae83c1a5dc98525.csv
18264;25a4a75ef24da327729afcca5080cd7f52c403e0.csv
18265;c469759d516543f12b6133c5881655470ab87318.csv
18266;bf500c9cbe8d702be5d0a459ae1136c9bbffc114.csv
18267;be63bad2625dd720f06c1632dd5d1f4564171e3e.csv
18268;1c6d56820c629e36ca11ba41620f10709b2f3393.csv
18269;c2eba84cd09b95e1ac81838474be54d908bb7b06.csv
18270;363a8d40fdc60c4d83d75c3144df1e49ea8f8102.csv
18271;fba3efb775bf794c557c6bcf83ee5b1a443c701a.csv
18272;bcea326da7ffbd034aa531671d14f0b907e561cc.csv
18273;fede4c831f7ea2700fc6f590b7cf2ce4a120fe7a.csv
18274;644ae76041ba28d18572e9a5f85fe4885a2ded83.csv
18275;189c25db19ffe602167dce79662f4f3a55e9f592.csv
18276;8730086b29035decc853fd87ebeb1281baddb7b5.csv
18277;7129550ee5359e39855a76974cde679431de3c1f.csv
18278;f6a6dc8d5fef1f2757c9ee73342eaa7286cbb074.csv
18279;064c04b451db7ee813746dde89ad46963d39a8a3.csv
18280;87d49d44e18608466012d44acfd6676f5e87ab09.csv
18281;c5b89811fed3ea7f07b4fcf09b46bddac9358b29.csv
18282;fc4689e9a0f8c2d5711673eda0dc66be1a820fe2.csv
18283;42708c1a2725c0ddee310e8eaecb0b1f247fdded.csv
18284;29ca391229aa25eb645e6fcf82778362200a7207.csv
18285;8b35cdc9512b080b4af150d3769e4997c34d1a56.csv
18286;45ca2584297a3c3f952d86d8f5392a633881322d.csv
18287;1f402931a00ab4f625c657136f3ee4350d7a8288.csv
18288;ef3b4449cae9fbb2cc2b5c7cddc4f35bf2b59602.csv
18289;0c4f07218b11ce8d45ce23f8a6f1bd280a94d975.csv
18290;ad5ca5b8e559a2cad209b42e36e37eb6732b1267.csv
18291;b52f7d5f1dfdef3aa96d5479d59f6d36ed520c5d.csv
18292;05cdf948ed465bebbd8dc732c26dc1cd16f95624.csv
18293;b6f2c24676b41e4d8733b75e144f53550960ca52.csv
18294;96087de237f212abb07044bfee6b357c7376083c.csv
18295;eddb83de5d2a896188afd55a65bfd522a1f8aa27.csv
18296;52f4f48712bf5f5f62bccc2c52f91e96ac5f084d.csv
18297;15e9f70dc4ea912911e0e77a7f50a604a4f977ef.csv
18298;290dac8bf97322db9abdc6eca2f353d71809da4c.csv
18299;0fee17674a737ea782ef92af48aea326007e69b2.csv
18300;15998c56cbc9d5def9fed655e7b0263f97fbddf5.csv
18301;67fb898b3496a9cc4ed76f3494cda409cf04cf8b.csv
18302;98426efcca67bd6594c7f8417c6063102342ea1c.csv
18303;c68bd70255e119366379e34bd50b9f875938853d.csv
18304;cdc2a83370c5657cc5fbb6f86216ddd4a2193c91.csv
18305;86c7eeb6ebe62c4c48b4a164372d213fb06ed65e.csv
18306;f44d136581ea5f2f6b02958c1869395f16325cbe.csv
18307;10a348db9547e1b4aeaf14976fc6e5e33989d7cc.csv
18308;61646443e2692515c3e0a1788da25d6789462c9b.csv
18309;d23df04e5c47a3266df989142798e424255f5c15.csv
18310;e6c2ccc70741ad540f89382996e4753912e81f68.csv
18311;b64654f743eb0b1ba43c5de271b1b439021c15ec.csv
18312;ab8d9f99379eff52237162162a3dbbcdb07b251b.csv
18313;1c1aff9ccfa539a96b8ea4d09d1bee1707a58e7f.csv
18314;4c9356e8feead0ecd3d707cd2d52f5ededc5646f.csv
18315;ee197c18999212ede96283c636088ae1ee232ea1.csv
18316;648edea6424ed4befb37edf94b1a20520e292108.csv
18317;cc61669b101c17442d109c49830f34c49aace5c1.csv
18318;60a96220aaf3fbe0cd27e8ad20551712939d2e5e.csv
18319;89a8014750d94c20d0ef29ac876dba759712b588.csv
18320;5746096d7720ae02b802a6f8987814ff1f6b88f2.csv
18321;cee4079474d521175db7603f8e66b2caa8e9c3c4.csv
18322;59598ce6ca4d02bf36a44a33aaf467087f26e50f.csv
18323;fe69dcc3011734beca6c32debf336cb225bcd1bb.csv
18324;8e3673efd4b53eabbbe603faddc34a111de80484.csv
18325;fb824a8c9ca3c15f49dffa5e22fbfdc1b1fec4ac.csv
18326;2382ef0e521c49d0f0c42f67f3fd71868587a73c.csv
18327;24d049413465cf770a0f69deeba4de6b962c1a88.csv
18328;1e3a5d2550f0100585c11f215235646b1862d435.csv
18329;584aa286fb6e7f2404ff67c5cfa025b33e110214.csv
18330;9560ff71fb9ca41ad601361935cf796886860597.csv
18331;b71e4eac6dc2570625a3bd6425a059baa8c5130c.csv
18332;bf98f9a11447051887d407baa8451696e0b3f979.csv
18333;0a9145664ca5e8dd902b5f01f70a53e638ab52a9.csv
18334;166b70bab11b13953f7a074daa76bbe53d7300b7.csv
18335;ce65d18de2df32a6724454779f60159ba65ffeb6.csv
18336;2394f46086f9125174094bc1ca712cdbd404ce16.csv
18337;ea5e25ea4e0e08805b724ee4ae848b71e0e4704b.csv
18338;5fd05f7deb080516bb23cea6b89ad22008514db1.csv
18339;287eefa43ac355c45966bac3684798e120341027.csv
18340;c9378cce9bc45267a62fedacfefdcbd60c05862e.csv
18341;770639044e4b8a79dd97a13b5bda0515c5c55d94.csv
18342;b02e71f6059bdc0eb63e7e8999869e7c6e5c31fb.csv
18343;0440e70beeefb9c36921bb8032ac02816f3c27a3.csv
18344;69cc70c4145466462b1f3732801a2c4c5cdb9f9a.csv
18345;e120dc55f9304731be91f259ba840ca06f2a1c08.csv
18346;08f404906bd45b2f7badab02cd66c23d8496a5ae.csv
18347;503e62e833ac68ac12fc1007d8acb8e22f1221d8.csv
18348;0a15308c6bdc2ab87432c5d9aa541675dcab8c04.csv
18349;6c47de6cdb3b6fff17d0fd819a7a3dba678a939d.csv
18350;615f822ea45e03824b752aabd831e2f594608d4a.csv
18351;94f3718ea8b9fb991c8129338549603cdd53cda3.csv
18352;1ba47d7537c7acd19c3e1991f650b59ee6fc8c83.csv
18353;b4d320f85128000d6a4775bec4250bbdbdaec4be.csv
18354;2f61fc548428f3931e7b1112cdd6c39b1de1c1aa.csv
18355;303d3b559c947393a669954280bc79dd52531031.csv
18356;d2713bb2a465b5883b3e7be620aa4303df34fb63.csv
18357;a52b98bda7eb538e9095985f05e3252f712530f2.csv
18358;9e24b759d631248d0ae7814d30966d48e4159971.csv
18359;7eb397ceb404d9564125387e7462df723c542d2b.csv
18360;bf359c9cef856210750ee2f495f9822b8f8b9045.csv
18361;61df7f40f7768c73817562e5c0878dcaa0b41f4b.csv
18362;fbe12c6e4c0b73b20969509634122e268b3137c3.csv
18363;bfa379b686f05c7dec75708cfa044c653e8dfaaa.csv
18364;a9cf23f54f8ce14919f4f9b88e68e9fed4f54002.csv
18365;58e1f7980f37cbba2ef03c511b450eebf0902b40.csv
18366;090d3be3ef9a924b03d84dcc6ee6f3cde2753bf8.csv
18367;a29da3ff89510405fc9ebc914f6614236e439fbc.csv
18368;0e1ba60f4c653e334a28e82d31efb9424f61eace.csv
18369;ea1c913b7cdbb1a7949b603947fe823ffede5bf1.csv
18370;566fb147c952fff9010fe4aff377f6a460b6fde2.csv
18371;670ef52bc9d875ae6086b6b76d739fe85652ab6c.csv
18372;52da582d52fe94db1ad926067dbdcb8c13fcdd8e.csv
18373;aecbd098f93e07ad95a1aad10c3359a1474e91d0.csv
18374;7449684ff88a860dd7182cb57067869351d4e49f.csv
18375;d638629cae290ead87c590933f9a222956087b15.csv
18376;df67138602e86807940f2bb401b520ce3ef3b1b9.csv
18377;56b0e4588f73acd5516643d36987d360decaafeb.csv
18378;35fd2c0808e2610d71581212993cfc81eb830919.csv
18379;49660bd4a95cf56781613dce1c39cbcb895e2982.csv
18380;ca252c3e6de4fc1a1be047cf6fc880ef8a3bd5c4.csv
18381;958771fddf16278b5aaed7ed850861ba860dbcfa.csv
18382;438f183a49a1c6cc580a3edea609bebeb2af0e9f.csv
18383;e4fd1ddb11f258d34085b69f59c574b40ded063b.csv
18384;a281d9181fa8d4876f575014d6f95e465e7aa706.csv
18385;4905527694d78d051ccafe15f482868a486b0bf8.csv
18386;266a8f9a9666a980130726b560f12b764402c994.csv
18387;a6a3b16ed1eb9ba488431d4f59ac2cb561dd1494.csv
18388;7a87527e2b7a7dd372cb09d7451a57a6d5343d99.csv
18389;e021d75c9a2c8f02f80ccfbad4133b15d1777576.csv
18390;d95aa8c36220d2ffdbb485bc3cc6decbb8694589.csv
18391;15af82d2b035a683cd96e472081e5bee8b9847f4.csv
18392;37370952229df69d06475354f8332c09294156a8.csv
18393;c5085560ebe495a8198e1097d59273072f7ff9cf.csv
18394;9ee66a43280212c07e8428c02e2a8501fd62751a.csv
18395;30349b7cadc44ef67984c6c31c98a1f6e7dee63d.csv
18396;b15efa9252d0bf22c9f5de638f72ff54b871b9c2.csv
18397;1aa59a501ff48e4fdd2bbc97a6d6a0974f56ac0a.csv
18398;802255d090830f18b4fdd7c01db2492f06f273f0.csv
18399;083cf883fb91c648a9c91ad45252386f734e1f32.csv
18400;cc31e7cdeb3bc41d96c0de64506579d59b6fa443.csv
18401;6039e0b90e5270b1fe1642df9df7a9cfada22cc2.csv
18402;12ebc361e7987296b4b0e2812b604ef189c37269.csv
18403;3dfa916237b9663c3b6f17604d5e970bc4053898.csv
18404;8320aefc8a36d788ba1e463885b3c3eebc878d4b.csv
18405;698f7dc293eb191d05e0e6017c39cb44a0e897e4.csv
18406;a2e8f990c5cda834793908b061c0cf9eb663b8a4.csv
18407;4da1d5e428d8230ae8b87d9b94b930181442db14.csv
18408;67cf8c36e3426e07718b61f8203f2a364adddb65.csv
18409;e050195ea96fbeba498ebf88facf57810e09ba52.csv
18410;91bb81fe30065ae9e480cde7ceefd1d3979d4505.csv
18411;c6f0d74f9ecd2bb6043f3bcb350089591061628b.csv
18412;109ac576c495ec3c3f4366c6f0f31d69e9b60dee.csv
18413;4eb6d547fc6159d90f6e6a0d3435d7057c944771.csv
18414;9fc3c38d068a01ab2b569860699610f37799ccb8.csv
18415;341a510819e8fa76bc13caf8b42d4c5fa1f86041.csv
18416;73d931532f2713cfbd58e46de4874fb83ceb38eb.csv
18417;095a3c2260823f7e480b2dee27fae86ee6ad2239.csv
18418;cab98f1b37768539e98924c21710fe2133cf1cf0.csv
18419;51f56783febe69530ae6fb6bd2725cbf0ac490a4.csv
18420;a46f91ef4d8dadea62ebb7ba9127c50b51cb9a83.csv
18421;e4c4f6a93633b2ac17771d3386131521bfabf7a6.csv
18422;ee792323edadc17fc9749c97afcc81c09f300071.csv
18423;328427eb3b28975c100e3d87c8845850bf44a056.csv
18424;9e435d366289082c7d800d9a5740ae3c6e429276.csv
18425;736cc0efa92f12e033b70ffabf769b42e20c1c34.csv
18426;da549ffda72d08f4ff979c041b2742781bd2c34c.csv
18427;d40b30876d8b015add47f6a8b5bf7596348597d5.csv
18428;a5153b2d372dcbb97abc94b5bfccc309fa01c7b7.csv
18429;0025aba7979aa27567a65cf6f19d6120f7f4691b.csv
18430;b6f2ded34afb8142ed6a2d3f0768252f02d38fa0.csv
18431;842c263411f7af3428fca224c287f5c979e2b883.csv
18432;acbb9a29dd7993a6fb653985858318d313b30ab5.csv
18433;ced95ff43794329919b7d92e9aaed7ef1ea1c956.csv
18434;f65e3d5945674c418d871ebf4891e38ff8ab64fa.csv
18435;85f5968642411598e44291f2a10df85101b8799f.csv
18436;d17aa8353b135758e20b545f65cba86e49f562cb.csv
18437;ec4bed1eb7df4f7bbf4f791724d9ebb43e949efc.csv
18438;1dda696e7bf65ef55851e1f7778eddcf8a0d8404.csv
18439;16efac27b38d5a92ce455ff76410e45b66ef3aa8.csv
18440;85b60a3ec35f02fab4bd946746d9e25f78e61a5a.csv
18441;d829f4e806ab71db2f518d278e64ee4e50a1a802.csv
18442;a097bafdf1b6590ad565aab12b87dcbde1546b13.csv
18443;38d0fc5751432cbe78c8e9ce0f12bae6ed3fecbb.csv
18444;96463c2432795b88c66565d58142bec50bb90aa7.csv
18445;c42c451d6fc4a58b462e81d3cb06b5cd390acde9.csv
18446;55ffdd0f4c113e59ddf3ae633d00fb676abff48d.csv
18447;640be92e16b8cd501f383a54374033a19a59877e.csv
18448;fab17986240a3e1a4f21fb15f744f39c511a7bc1.csv
18449;b835ca19db9b3efe723e5720f510f92ffd5e5000.csv
18450;bbba4d1840ca85dea4a5f2ccabd9cc5aa267e43a.csv
18451;c623f5a2e88639ffa18ad6bdfa6545c52b791197.csv
18452;2fac43437842c1cffc4ecfd2211bcd1965cd7ceb.csv
18453;9a46230c01ad1d5ad88c86eed45ac248bbd11e6f.csv
18454;f98da9c3b895a5e810f9f81b258e83bbea635690.csv
18455;373d8d71ae999a1692066992feefb3cbed6161e0.csv
18456;5f6a4c37c7c20e77dc239f09da7b00df8a07ed10.csv
18457;97a9fa3afbd78e235fc5c53ca4d76a8392158f6d.csv
18458;ea800dcdcf09ab648a3229d2f1e02159877a4f53.csv
18459;73efc9aea409e5b761f806c5ab711069d3b47329.csv
18460;1ceb06442e398bebe0381399dbc65e4c3c512ae4.csv
18461;61b128cf9e18fde3e08452e7a063d1ab158bdc6e.csv
18462;97309ae72b08e072b58de042f1a0dd7f724279ee.csv
18463;f9d8a3248b620e10c42f497580e3f32172d38e55.csv
18464;ee0adecd0c932de2f4de6be168ac1137f0d56d97.csv
18465;070457e4944df4f442e686817e16d52a48a9ef0a.csv
18466;ff65e36452a845d53d1bf494cdfc5f262dfdf29b.csv
18467;60705896848dadf424a0a985ca63d7d4a2dce23e.csv
18468;24874af5c599f668e87df044bd03bb2743839af2.csv
18469;d0df26b080f9404eb51bb7268ec715569362d56a.csv
18470;fbc80286ef9059b139a183244a2c086c5610e17c.csv
18471;f6597f5e22e2d2abb997d85cdca13e656aa30372.csv
18472;259d27126fe70de7356c2654c554fac8b8eac1df.csv
18473;4d3a4af185bf33f6542c99ed52bb670a72cb1d80.csv
18474;5e624beceefc04a32829c64a6009daa0e2dbd18d.csv
18475;b649b64eff09dcefa61cf8292f605846ed1dcc68.csv
18476;f5a577a6b80c1fd6cbc4b7e05412eb78e0a67a79.csv
18477;fd5b793c46374cb6c07cdac40021ec53e36a94d8.csv
18478;3602172f70e41a6365abd164e90f0588c73114aa.csv
18479;a96f4196b4533f5df9109025150783b2acfcf25b.csv
18480;20123c610d0b71960511f69c8d3e5f195eace4cf.csv
18481;6f5df8326bef9cfbde656dc2a0413bc37b29ab0f.csv
18482;ac380c2d346a8618912746fe126b35b7a9315026.csv
18483;8621c540b04c06f609cf66857b87625178eefc80.csv
18484;80cd29a0c5a24f4800179164335ba04cf502d689.csv
18485;2b269d2f3f05bfcd6dd61c1ce2eb19937d338f98.csv
18486;2785b34331aff8974c4ebd861373b4548b35498b.csv
18487;93ce49039e2f463c2b3b560043295ec8f081a70b.csv
18488;17fa987d41148f8881fc63574a2af7532c840e2a.csv
18489;ca63fbf016310428c2fd78c623ad72b6da609b3b.csv
18490;fe6f4ab0a97aa2e09bc1beba9ce78033c762676a.csv
18491;9100b941c934c3d01cca98ebdbd6923278a240d0.csv
18492;a51f54c6e1214edb093da6b796211a8da9f3447a.csv
18493;15f395c4bce9a3ce432f46133c419da6a7b7d0fb.csv
18494;1148bc8e84534a529383aa70e546476eba118f6f.csv
18495;9c5767be61590fcf1b16f42009a4bfbaf5648d9b.csv
18496;1eb7492c3e3855d9c0ef3a5072fdc42b9cacc620.csv
18497;8d6b0c0ee9ce6efb0bffee4babfc4b5dba652ff4.csv
18498;c182210e8c864335b72c529d72291601f998918d.csv
18499;4eecd2d9c023f1c31011a08941d4b07a868d930e.csv
18500;e1a92eaaadeb57ad1273b68900ab659a34e1db12.csv
18501;a6e86c94af0d5da2d07a4d4047823ba8f829dad1.csv
18502;a8b1ad82c7bc9d3f2cdb2714aadd3f276cb706d4.csv
18503;819d63a71302ab84053f5cb07e97ebd0fa3c773b.csv
18504;cc4cc4bb6f0a62dd8d431286fd6a73823b8c82d7.csv
18505;4395f822c4ef18ed422614c808c0651a5444cc1a.csv
18506;0747e952033c026053556f81bbc72df7cfb04bd0.csv
18507;3ef8fedd5f214658449da1c65eacf73434ce2609.csv
18508;3de64b3940bc3b03b54f7d05562d3037d426b10e.csv
18509;4d4e37e1f52089b12bd9e9c0db01c1aeb8e9e2b3.csv
18510;c5ec12f3c8fb53fc9c4534abc546da1c8aeaccef.csv
18511;e524a52d39148fcad0abe9e1f20ae2bbda097a3c.csv
18512;65bd8c91a8d2a92c24e1c99a490bf3274561f130.csv
18513;7a5abdc1ca3950aa3a4dc9cf30f85891da4ae241.csv
18514;3441103c5b6729f71a2dea4f93eb7da338c45763.csv
18515;ba4ca13b4c965e95bbe898dbe793e613df5ea8ac.csv
18516;2ed3c9522b4a1917a873caabfca2693d9acef8a5.csv
18517;d7f3cae66cd1116757baaf9434876c273d6ab546.csv
18518;eabdb38c878ee9e571b6894600a1e1dd2df464cb.csv
18519;cd032cf1c7d6bda8be974e6601b7a1e8d79b25de.csv
18520;f32df2b12c58f0e31b9a31c92c122b28b7b17aa3.csv
18521;92f947640a27851b6aa248d0e465b26527e94ebb.csv
18522;0148076f54321df00acc0a55eac1fe191fa08295.csv
18523;dca71f5b3bb92d985fcff9d222ef08ba269db395.csv
18524;b4dd213022f970330ef1929c160f3ea168034ce0.csv
18525;6a6f2e1a09c7bf12adb288a9adaa9925d158da5b.csv
18526;1e9d8bace598c2eb45f015ece8f267f2b5783875.csv
18527;54dd4fea073190301a843a685922591d6cd31fd2.csv
18528;d711228697b4f078be1aed3bd76e023e3ab56b9a.csv
18529;c7f8760df509ef0c7f11a4c1bc9851f15b07fd78.csv
18530;3770ac55babf2fd6c2efdc3e58c8936a99b7a272.csv
18531;a8e9ce3f88cbb90d0acbfb93fe4abda49f0b1eb4.csv
18532;27a1dcdddb8dd4a242c6afc0d87983553a662dd2.csv
18533;9c247710b7131e5ceb69c80c20fee9915003edf9.csv
18534;c2bf2c7b3bed7d797774ca9b1df1cf2479c458ba.csv
18535;d2d95788c3cd662cef7efad97646e0a9d2b3e47a.csv
18536;14cc8f6b35ebc99c8947e857e0c25343c924145f.csv
18537;ca6b020cf98175e051b7f5f7f415ba2e229e9d34.csv
18538;8470e235e9f820661ab1f620f2e5419aafd00d15.csv
18539;6fb68e502fc106fe515f9061a84947d90f52efa8.csv
18540;7bbc1ea49a5caefdf52953d806743e90d6c8c4fd.csv
18541;27d67d938af5e717097180d74a4d1065ea2df898.csv
18542;87dfc1515971608965169339701f291eec28dccb.csv
18543;ae259a3fbe7fe1269fb1fa49803adb40316e3c3e.csv
18544;3c1f841d1c0cb37c828a43ea85cfad757a3e9bdd.csv
18545;72cba01075ae9d819df7176147fc7abd84420612.csv
18546;ba3ae4d8cb0024b97082d8d96ac36f05cd4fab8c.csv
18547;03b2ac9edc6434f159edfa30e82673c94469f3ea.csv
18548;1febb2750ad9e2543d17fd3870b9766bbfe3cbb4.csv
18549;49eeef68715e49929c92187f8491b0c11006ed5d.csv
18550;02f3d456efc7278f0e297bac239fe7983c2eea89.csv
18551;0bf85ac0cb9e1f6d1609a60dd39c4d668b0bb31f.csv
18552;92cdab010be368803096eefc403d602848952358.csv
18553;bceef6c5fa995308f21200ba16de5c65f7c96298.csv
18554;debb8d8cd3b3ab5b4fbf750f7719df004956225b.csv
18555;efd3a0adec621ead095b64ec9a3440f12af64ba8.csv
18556;a413760cebf82b6c766216a590fd5455ee49db61.csv
18557;1320a8a828a5da3f25000357252e14fb19547e2c.csv
18558;92a98ec6c7db40adfafb17e070e545d80c792db4.csv
18559;0a9e5660215e84164e5f90a48951b1876079cea6.csv
18560;00683d59d56123ae85e080d00ef1b3edd3f7405d.csv
18561;c20f7f0ff776c8a5c00660b45ca1123c811f03f8.csv
18562;a0db2db383fe9a59378790bc7ecb6890604860ef.csv
18563;3319d950fbf3c0110251ef3ff983ceb34e0473ab.csv
18564;ca27987d2c3eefc59cd83f5cb8e391a290299fcd.csv
18565;8c62b7c1b7a40af11f4fa70e4720826273923391.csv
18566;777a9de0eab6a83cf7ebd2dd84a16c079e533275.csv
18567;31a1d28e9d3bf612e830b2d5c3cbd5ec17d729ca.csv
18568;518b321d838209ce3ab92de7991f21f27ed7943b.csv
18569;efc7604ddb49c098ee68aa59fbdd23833f4b3469.csv
18570;9ea120bfec39d58e42dacbddbe5423147ceef1f1.csv
18571;cba903ac661e6ab29fed8b4966b650e7ded316c4.csv
18572;bbed61bc17cbde9334396f131b9661939b82a259.csv
18573;f513f58f3b0468656b956aa6067d15e744edb486.csv
18574;3f893c8176209b798e129adac6c6ce6b17631a27.csv
18575;766398b576402973f5fe2e2e5b0c5a9d6017b0c0.csv
18576;a7ad8ecfa35cb008adae76574e40eab8ddc4cbdf.csv
18577;56728f5d794505494fd34baefcf69fe72c9811f8.csv
18578;8be0c5efd39e687ea65f09fe31813f108af70663.csv
18579;db10d33c71cc8ecb074914269e4575b5b53daf77.csv
18580;1d17c2d96333b07394615a6f8fa1f9201a6e0742.csv
18581;f623d9a234bd5de15e8c446774bc4671263c1add.csv
18582;9a1102a26468c35c483ac9938a16cdb8c8a61759.csv
18583;91f08bf64fa059ff8249f55d555a0cf1a1a38c37.csv
18584;39baa82181ff59bba638bda992aafd22b41e4abe.csv
18585;fc7c8a3a08f76f4b5214731a1997e515fdc3a6d8.csv
18586;179b37ae6a8ca5b8483c5dfe2bb588beaea3821e.csv
18587;d14dea0eddf0c33aa993ee6665bf0b16424ac87c.csv
18588;8a088b8eb70e72caeb198aae3fb144dcd850c253.csv
18589;5d8ac40066e2ec592f35b115896f64d76073b7e2.csv
