0;101cfd5e3640a849c54c9da62bc91ceb696c7718.csv
1;15da0bac7ba69e867df1af947566ee74e80bdb0e.csv
2;12bc88e7428c240181f181ca0358dac85ae16289.csv
3;01213aa45eeb8088eea6f64614ccc066e2321f73.csv
4;1275c64d711b3973f7e25ebc72bbc7c99341dd00.csv
5;0850c64c0da308f2f30ed9f9bca1f6eb4a6423d3.csv
6;0542a6ae26f57a5ffa35dcfebdec5004ff45688c.csv
7;05f1c02ecdb1798e85e750ddfa81ede861f94cf6.csv
8;08dd1169c7aa45621e5f48bf6246b049e071e445.csv
9;1297127819be12e7f5319edd0a9b35fd5cc566b7.csv
10;0d7c95184b8a77a7fc0e35995ddc804ba4145429.csv
11;0597b458ac250cffe02827f4448a2bfd4e5e05f3.csv
12;1292b5cdd7a8850cf1d0ceb1df706012c469da62.csv
13;04f4cff6c1a32e0edb50bdb8daf00f82708a5142.csv
14;069a3aebc920d5da476fef73fd5d47566c780885.csv
15;1204dc3b147d4e4d5ccc3d4aff7551d39f5fe438.csv
16;16627f4c7134394da448b1417a771d13ad7cca4a.csv
17;0a0afb5dc02afa81689e0e75afe2f9a21ce09e70.csv
18;0fe7a393c5db38f3913c46f25a3ed75d14f76900.csv
19;107df8f8ca73520a287e12ed04bd7ee29cee72af.csv
20;06c172a11ee30931ac537dfb70ce020dced50918.csv
21;0180abece22ace6548f4601591c98059808d0509.csv
22;1968f8d8ffe3f695372d919c9966b1ca412b83d2.csv
23;17b8edaf62be1b907bf750a94c4b881f3db1f7be.csv
24;0cd911d564b693ebedf57fa37c28b8ea5705c174.csv
25;07ca288609eac312987db5e4e69de3c5a8b21e2a.csv
26;0266337807a2aab25e7dc43967cba01860fe5d86.csv
27;0093f9ae0861afc0d29fff935ae6a3af898cea00.csv
28;1341e9e33488d304353f31081a8422ed8715b5b6.csv
29;0abbc904e7a1b2e1c3ea7be75ee2a61931e0a941.csv
30;150e648964270067a1ea14caffbc3427f756dafb.csv
31;06795e24716acde6e56c25d7845c92a97fa0268c.csv
32;17b715fd64ea139c0ed35b555de365b47585da64.csv
33;19b7b4b54328f5acd2f56700ef9b596b06f84525.csv
34;15909c5986b0407310ef629ce19ebe562be7c20c.csv
35;0ed26fea4f7e1a99d4d0fc4db8db5bb252373bcb.csv
36;0a1533470817bc5ef0d0d0af56386a96b505dc0d.csv
37;07bf7b392feb438d436be66e2bdfe7513320231b.csv
38;03d7c96afa37141562c3ac9297882dbe59d2e0e4.csv
39;154eae1741c2ed718dec40b25f60eca4b56e0a74.csv
40;0cec675c685c32258b42e915ab84a45851b6dd26.csv
41;0dbfaa6ddc08bef9b502de5cd6c0a2a3b7af0106.csv
42;05c54da3a4bd3e92c4d0e5286e331e333408c9a9.csv
43;0771924722e625f8b49b2686a41e899954a962d0.csv
44;0ce5bbc5edc608a6561d64e63edaad4a2bcad084.csv
45;00f1ef126735474ccaf3a8d1cce9a4823d7f1228.csv
46;0480084eefee6333df832a821af8945ea7ab379a.csv
47;082892d44934e61adfef5cd6d5867439e30b183b.csv
48;19744eafb1b8520fa460274845713451ad539e91.csv
49;16fb795aec2acb8b86ddac119772abde6392d40f.csv
50;028382edbe67a35f1e099fa0607fa9a4922a45d1.csv
51;085522850a68603e453f67deacac2be1293a483f.csv
52;076d18c2ee294256a400299b5c4631aac187d47a.csv
53;140cdf5d99f486ccd0346d07cad3fa66b2567c42.csv
54;08ee65d70ad0dae18dd402eb531103c2dfbbeffb.csv
55;147b848766e7280950bd8ac4d1c02efb55e63ef3.csv
56;10abe76a05511196ea1f252383f0c70d592e7444.csv
57;055bc4fbdbbe262da7684e89ea4cfcc154a42291.csv
58;02a29bd2f39ecdbbb5e51a003c0bc7818029f384.csv
59;02276a07ed2aa49afe07d97e7d7286b2b6fea532.csv
60;09cba4ea15eda3c3bd33243487c9bd32928d9635.csv
61;095cf0472e7f23349f22a1f538eb2c8d590d33e1.csv
62;1679d2d946adeb59a2ce943f067d4bde57f5577d.csv
63;0f8451b64b7aa2e642036d79efc1969125c45873.csv
64;0899d745009fa75954f75b381c040aebd927832a.csv
65;0c4f848837c2e8eaf750682d4195cc9076d0cef5.csv
66;12834756cf70a24e0bc14906b131ca587f86dc02.csv
67;10dd2aeb61d54b45337a96f3c6243b72d6764732.csv
68;0491da5ae5c2fa38824350bde5462ed82ebc24e7.csv
69;168ee484462356a280cd7fe162b1b7a8d81e80c5.csv
70;136f5dd69cd65fb0826ded4d9f51af7969dfcbcd.csv
71;00cb1a95986171a256f5ef14701bd8f571221a28.csv
72;1638100b254164ee9af7d66be61794a7efa07b78.csv
73;0d80c3f53b8900bb8d958492553dc052c2b3c628.csv
74;12c70c4d576fce0b20fce2b35e47b05baea97e35.csv
75;131bd567befa85f74a01b837c52d475cdd62aa38.csv
76;0529ed2074b15413b032e82de1fcce37efde51a2.csv
77;0c0e91904a6c84a7ee80cc69fe83370aaa3ca708.csv
78;0bd9e38537d45c72b8507471690027a78f8f4584.csv
79;1804d84a48b0228ffdc40a1af0eb63d469630852.csv
80;188e7ff1e260864c89f266b5597de26d69a84660.csv
81;012debf5a240a496518af146ddfc16c958339c2b.csv
82;177c9a5fa045b94ea25f72ab17240cdb82585946.csv
83;0baa7fbb346a50319eb57a4a1556c3f48938d0e6.csv
84;014d7df59dc6c5ed456bf19b76b394e920d3a9dc.csv
85;1174cadd31854c1128f0bbf2a61d31b2b72f61c3.csv
86;074b685a347c109752be7efe757c3985190ec6c4.csv
87;101419557b4a7bd29cd534dae1a31d7169b36c34.csv
88;0596a285261bc529af5a4bea0447bc838f45866f.csv
89;0414c8763c6ec295be60d86698ec3a76e981e54f.csv
90;0ddcebebb542f8a0905a3cf82a59f404158d3de2.csv
91;11a3797796973b32b0763f8127b908f4783e5734.csv
92;0951f5ec3710990a5c181e04fa8fdf7d9a0376e5.csv
93;0638a299934da797243f6f35a516e172a38466a4.csv
94;1399e34d62b515e482ccde6c4cae500b19546909.csv
95;0660d9281c1607ca1ca9cb62dfa00b56f49ddee1.csv
96;0defab5b2520008da1413d0f75d29fe0ae656ea9.csv
97;0f22dc9665935f7eddc6343f87ad667dae945842.csv
98;111968f7fb102882c193488965e41d5d0f0103dc.csv
99;0f52f6ec3e15cc1cc45803c3cb81618d5ee82b7a.csv
100;191480bd880b13cbec0b421f7689e7d3f0fdc120.csv
101;1714d3fbd1b8622c8c01ac242130d85b2e74dba9.csv
102;12c9ab49212adab891025a8c40240a518b9df65c.csv
103;177a6a35f4f7c31f93d3a6d7011321215d6e6e05.csv
104;05ce1f7ae3a2051067e57e5e52f9cdad0e26a187.csv
105;04d02a37dcbb17916d2a5c03288cb9b59000ebba.csv
106;000b7d1517ceebb34e1e3e817695b6de03e2fa78.csv
107;0715fd9f3fec7a2b86f3344c3c3a56611bcea4aa.csv
108;0b9583908e91f87840a0f844e7c4ebb546482c50.csv
109;0d1448dbed0b123a78907316826d116ad97cfbcf.csv
110;0cf083b09e13b9c6d8fe008590784d479f67f2f6.csv
111;05916d82efe1f937ee48f09df4e5d7c6fede83d3.csv
112;105268027d44ab275991e358674462f77223e882.csv
113;1124c1e10cc4c2274b4e328c53347c34ed77727f.csv
114;0e23b62f7dca85c31f4f90603d2a28dfc7177947.csv
115;0844bb60f91902a8c8f4e398a4115a461ee5198e.csv
116;056b14876b632e0c4f3e75d79ac2d2f77b56fe61.csv
117;0dc958db13e5ac3b76b8204a8081ad0cec38bcfa.csv
118;05eae269e7bd3b7b841a84c02b1c13a670faf012.csv
119;0e536891c4d89b74cea0ed4788fc8e3bff5a6787.csv
120;0d76724747e4dd9c957017bb1dd628f087f652a3.csv
121;1460431a11ae554624fded17f039eacbda52effb.csv
122;19a804b052b806f48b58c353d70c4bda178ad87f.csv
123;0304ed96b29c38014a17bacefcc294a02c04d0a0.csv
124;18073920e12ee20d939dee5116c586da8accfd82.csv
125;0a3ef8eca5d6cd4d7a0fef83335cc02a2347492c.csv
126;0eb44c0cc59184754a0a2cd8ee3c8b2302a8927c.csv
127;0a01f5cf1c5cdc2711bcef74315dc54a6e143df0.csv
128;07396bda4a37d13aaf15fdf67d61971549f4162c.csv
129;04034022f265da392051b3e3fcef2e580247d6c4.csv
130;06ebe6e32a2e7241e23d3fb51c4dffeed389861d.csv
131;160c4bd7c9401bed81b339157fa4ab54242ca8ff.csv
132;09525027db30dc3a6945da255f80b2099e239c48.csv
133;1412106d8254d159356dda94db652655e51bd729.csv
134;0712e5735c51991b7e0ce4bd5e63882703863459.csv
135;05b8deee7f76cda7511eb605e2ba84a8f46bc10f.csv
136;13fbc589f8307a0f1a6c7eccd2651743c780bd6a.csv
137;10f63acdd41437902fb627803c57d57dec2c4716.csv
138;0792384d074cef963c808eacf3c63e3654776a2a.csv
139;0599be2719a0557e53ffb238765c811578a0cc9f.csv
140;0d33d89c32913354f7164225a906ff85339293e2.csv
141;1542e8e707bd5fa1cb6b3919722fc30ced018c1f.csv
142;185b7ddc439bc3490a0c97ecc00861497c6bd481.csv
143;185e505daa1da8ee7ece18212693b2550410a190.csv
144;0f9aaacbdad195c0133c25eb6dc02585ba7e1e2b.csv
145;126b264339dd9d8ee65cc747822e16c83af57e12.csv
146;1560867701aecc60f73407501a5c5c85e53c8522.csv
147;0973d85bcb356a8881de8928e93546875b91f27e.csv
148;05186884eb6aed574507e7f0f9316375ffbc6494.csv
149;0146de390eb6bdb814a5bd33459ce2c74176a72d.csv
150;05192151667b1bb4e3405de11f6e4ae2f844e7c5.csv
151;11cf6b6e850c012a4e3aae6b61d213f261e968ab.csv
152;06359914cd30a01242bc28b23f91b4c7fdc46de8.csv
153;138200f99f62c51776c9afec55d856e854ea8ff1.csv
154;0c58c5ce46bfa52188d231685cc1c6a440840b85.csv
155;0aefcfb7f8f424c21f70dbb39518ea15fa9f01cb.csv
156;0d12fa6f695fdb75443b00c49514e7850ef461e5.csv
157;08885e2da682c5d027e986aacc166975e01fc60c.csv
158;16673eca9ff4c1f57f53126415ad2f89b8cab557.csv
159;11ae714b01d105e39919f2a6d9b2471153963d25.csv
160;01b7228c42eb0f45780a3539042ed9ed68902afa.csv
161;0c04a2b5c4c91d76c26736dd05ce6fc6385cc167.csv
162;17cfe7cc0c68b1002bb31a2b2afa988ab9cdc890.csv
163;03797126b6e6689cc02878e641e5271d3b9a5d3b.csv
164;1842bb195a368132b3f4b433e1b1a71590fdc31e.csv
165;02a9fd5f564cb3a5b6b1fdbcd9df585b8e24a2de.csv
166;188f3e97042155ac1709aa8b74c0755760c3b50d.csv
167;15228615c1656f39a5ec8dcc8bc26ef0371d4040.csv
168;0bd3aaa2f3ee6d82b6b94051755fb751ad66652c.csv
169;0fb7458693f388bce5927bb1f9be866eb36b6349.csv
170;021144f6c1945b9bff9ea9e4b04b24dcf53330b4.csv
171;1952a38871ef31c0e837ff0ee666bd0350c8b32c.csv
172;09242b23825a9c7e09660df99494b673e5abea3e.csv
173;0b703c00445f6c0bdd40d95f8e9dbd405a3a1e36.csv
174;0a00a6df208e068e7aa369fb94641434ea0e6070.csv
175;1546fd2f004f233eea33c99a54f863ee80ffedaf.csv
176;0b227d1996bc5dfd895b43f6c6e2449c58252c67.csv
177;023dff96542ca1e77e3a1d08a2f3893ca1ebc057.csv
178;156a158db0d7ad5302b0944a4b44f2e1669a07df.csv
179;0877aadd2c55095b8a663597fbb39150614f335e.csv
180;0146a0b36f80ebcb868c7e16fb60c1a9d2afbf83.csv
181;0a11a6e99c61da77f540fa28b3ab843761537711.csv
182;17334b138ba80214847f144ebc57ce27ff9c23cf.csv
183;00fcc6277c19f6b180232d7a6fe0b0abfafb21f7.csv
184;1703fbc6de47798061e7ec8d87182906fedab8e3.csv
185;0950a175aab70c54b0990cdf488806a419e0e420.csv
186;1579fbff7af9b156c6f49fee0526e48f852ea460.csv
187;00dce8da5fcee849b30c9d7a7e358c5855b14ca9.csv
188;0e50da92e79541b109103e9de56811e35a8475b0.csv
189;0938d2fb07611897abf38cea727ddbeea77b73d9.csv
190;01cff21366d475b5bc294c90da89a521b510234a.csv
191;0910e151cd1fb8d455e54cd4e97f867627f934c8.csv
192;0241ada1b12eaacadc56a59586bc1728a580583d.csv
193;11bf75e973011d86b1039b707ed086b98deb5642.csv
194;040c9714be80e4a337f6737d17e94171c25cc076.csv
195;09f23fe560ba923e5960707d0b4451df85253b36.csv
196;153385393dc1d0bd2ca687b7c5bf8e4cca46ee40.csv
197;057a931d8bfabff534eddd75a96af84a1b6b3deb.csv
198;12bc05b6a9ae2d8823f67b0a8200fb7f72c45f9b.csv
199;0c917c3becd5b37cc4e44ad2c822ba132d339728.csv
200;132d1b816cee6d18c9b187abea847143644c6dde.csv
201;06249faa885cabbce6eccdf1e40ffe2f43fb5092.csv
202;1868242435edf92a6b0018f2569c2012f672ddf7.csv
203;111e82fd55d8b42cd523cf365b53dfcdaa2165d3.csv
204;0c22edd80a03a1b9de7f3d29b729ad1006d10674.csv
205;03ca47766e6f3e8d5d71fa25d86803f82d690b38.csv
206;133933d03341e293921239f0d6a2b3ea4f1f574c.csv
207;162d42b98a0abdf3d7ee609fe464918e457f55fd.csv
208;08c1093aa1c393ee5364089d26278781dc3a3405.csv
209;0e803f9a98199d4c1e322f933e9943db653460be.csv
210;16ab54289da4d53548b4cf171a642e19fd81e660.csv
211;033321dcd825a79a8ba380ba3d52d4ea71f45c81.csv
212;03148d1ba3c986ec7306ab2a90bcd6082c512f49.csv
213;10c5b88204b337e7d05aceba5fc73d041153d0d3.csv
214;0b3baf8685f86b7d620418cb17d29a60ce1d498a.csv
215;0e261abc97b50372753a8415e5a6b12da8a6be05.csv
216;188337e43aa524493372f8769b6bac8b366850ca.csv
217;00acd3fd31ed0cde8df286697caefc5298e54df1.csv
218;0f5842185d3392825e5ab3768ecb832fb25a3b25.csv
219;13df1c4e393d2c19f9ea08ad9ef9de4a9476948f.csv
220;164f04163f53a4fb15d74a03b6ab473b50c30989.csv
221;0dc51a358655e78b2b47b4bc7c8b240556696a35.csv
222;05a3101918abeee449871529fb0b788dd90df479.csv
223;0fdc7694db5cb27919527ac35059e5da0ceba547.csv
224;11022b299f98034d0060f9c036333f1b9024d7a1.csv
225;11855c4ce9640d35da8dd4c54e913843a41c9252.csv
226;00ccc4ef2b6c6f238836b7feb5123bd6a822cc08.csv
227;0c82e4a717a9242e0462b24a8759f98f0c83d677.csv
228;1495c1fa93db3b9a5d12b5ae15ff0c8639b83452.csv
229;0234207cba8165f1e1852b92ae0fa0d9e2f870fb.csv
230;104905bcc37d4afad386adaeed57fbe4fc73a595.csv
231;114b18b271ebb99486d88b94f526864870ec4f11.csv
232;0471b1305913315d977959b20005dea68f1881f7.csv
233;1821674721e32961f0f8c6aa3dc7c13c96b693c4.csv
234;053aa0c7280e2bb41a033cb0ae7c0d6bd07afc40.csv
235;0f7d645dea0f766fefcd547a1b4a9ec29d2533cd.csv
236;04a253fd34bd82b3cf7868fca967469c66e392ab.csv
237;0b48e310b1f5d0205ad5ffa292d950d2808185c0.csv
238;02480623218229a12cdbc4800defc262f7cc175c.csv
239;16874a8b95e04383b0ee7049220a36354ffab2ea.csv
240;045b111f0f2584890e9271399aa93c917a496662.csv
241;0b26d9ec6dfae866ae3f1a3f773036b1c8627147.csv
242;184e542785c34e5800976a2a6200b786893a94f5.csv
243;10fd473d3d99f0ac86c9c0d920d6a9e5738c843e.csv
244;0c8f8268c09f20a735d30d7ce8238b9cdddeb1db.csv
245;12a4354b2c97189beca7e04d721508f420928396.csv
246;09e25e413faba97b87efc701d1ab8d2a18386efb.csv
247;13b8c068799a93b4441116bb6cabae222d126d32.csv
248;1185a17f1cb650e0433ab8c84202cc242c54f6cc.csv
249;02974b9466bf593193d05ada669d7ff0567bb657.csv
250;0188acc1eba8c0a3adef55aeada7de552cf855be.csv
251;0b875918f93152038d3a87f24e51abc1fd99a348.csv
252;12d7a96036ca9e861d3636d55d3841452e455c73.csv
253;06485dd45c17460af629f7c74234bef914fbbabe.csv
254;16eb672447620efa83aa59f913d690a95240f488.csv
255;0f537e86e84193917fff3e7152e74148d158c5be.csv
256;039c9971b5d76f30690029be76a86daf1b986619.csv
257;155de81e6f3c3ca342aa733e289b749a5394a26b.csv
258;0c95f3083af8f4daf852527cc3d25b6b8af3a54c.csv
259;18f11e6900b1a76027c33f5e61ae9cb66d7d2370.csv
260;0b104ed7194e21c4ba47460db675b638b0d29bc4.csv
261;0330ede445d96dd0a27f474f945d6ce2e7085f15.csv
262;00fddd1ce0dae85355b9fdf8bbbe6bed4475f7e8.csv
263;178363fb71ad0ae91e621e6e51fc03bb521f5695.csv
264;16ffa1f7efaf96880e6f3c22d2de9c5672169303.csv
265;05445d95af0648219e8eb051ab3015b2a4615027.csv
266;11f3022ad1def6dfb1b29712112b96739ff3c498.csv
267;1054ed358dfede6e22877513169bef30c491c363.csv
268;0edc8eae4da299b0d013f38e62efdca8cfb78c85.csv
269;17a5402664095260470c65dee52c38311b3ea399.csv
270;18592fbe580d07f487157c4f81de8baecd9700e9.csv
271;103497533321c2f879138d46b60ae87cd2fb74cc.csv
272;0ebdddb4b2be156528488682f16788d191765eac.csv
273;120138f6ef07fac0c75d777ffb9946480f613065.csv
274;08e6541bee1b67eab1918bcbbe6f90463ecb651a.csv
275;042c9d15e000e5ea7b91612b4c10175e88112278.csv
276;0116dea9b6d4c58748d1a38b69b4fe6e06868aa4.csv
277;120aebc8b074393770c411ebf774ed18a5a2a1da.csv
278;0749cab30d660b29d52b5346b02773a3f36fda0d.csv
279;14f427656a9898ce76f31cb012f258a9aa6d1ce3.csv
280;1894cac8794748c11482c059bc5a2c6d4f1e9527.csv
281;0ee1c7181e45a196ce3e91a128cc64426fa6de5e.csv
282;0d1d976e7073e6c1bbc69805f5c61a2f8607c911.csv
283;06f8316b5b1cd5f0737d5ada43c3dd9ebce27a91.csv
284;1469710f9b5dce0601307791210b86a225dd1be1.csv
285;0f06fc59914545bf3fdd7ae0b2cd8fe2a4208ace.csv
286;1803065327394f7f38931024cd4219d47f5f7d8b.csv
287;091ddd7ed4beb435544601f4642da63e60375ef7.csv
288;0ab32c7726deaff1ef10c2ee762c2cb917d92929.csv
289;11ccc8d0c6d5b3297821a0e39535ce9dcb4810ef.csv
290;04d9df812fd77e1231263d42ab45e570cd94d956.csv
291;1986e96f2be6bd012fcd4d0b731caf62c7a4dea2.csv
292;16283e25f01d47898ad2b82d56bd81d5ccf44a5d.csv
293;0e3da58a0d46d88ee542720cc9e1f594a3d69a79.csv
294;03e779f9defa0b9cb6a9943947e41b9c1532e3d3.csv
295;0df2a9766ade17a0d9a625ef02722fc167ee0526.csv
296;02c9b77cb2898b1597278dbf32a0c61be93d1983.csv
297;1621345a6fa32695580f1455de8a7f6284a0f9e9.csv
298;0dbd0395f35ca86b7afb6e0325025b8741dfa771.csv
299;06cf324e3d0f793e5c722894c6ea6949655b1f10.csv
300;17192bd07c09aa9e70552f7f15f90f0a6b8180c6.csv
301;0162b627476379a84d5a92480a881efdd3063f66.csv
302;069d6ce905dc7992f5bc8692218ca3969ab3e227.csv
303;11fe16ac2f99335e81c64bb6b83761ed5b700963.csv
304;0c58e0eb436a3d0cb4c5acfa41babc03b3dfe825.csv
305;02fe68e2ba45e7f0c6f746d4b3db36f8f99ae4f5.csv
306;009002e8a66b8c1df088cf04069629fd76b13bb9.csv
307;0539cdf9c5215f7d1f53d1cb7af556ba1f799937.csv
308;12590435a221d10824ab106e66d0f9fec397db40.csv
309;063e66410ba38eaaa9cb883cb0b48d69c76f03c8.csv
310;112c03868171e79e5f64b72e7c837fd4875d88f4.csv
311;0090f410fb63dcbf8e7aed0354b4416522b31096.csv
312;15dd9abbe4084c12712f094415c5ca9980aaacda.csv
313;0049ba8861864506e1e8559e7815f4de8b03dbed.csv
314;0eecd538aac394b774221c37ddbf99eb606b96de.csv
315;09340528717039c904847d959dd4ff0adcc308ed.csv
316;0a124d3aa26def70b2db71f68c89dfe1996daf3e.csv
317;04299cd1ecb45c984de64da12daf3ccc1fe2abe2.csv
318;15be11732e317af7fa6c86abea963f89af68cc36.csv
319;0892e16c218542d3a099d7b10aec24cab4bfce55.csv
320;01b5ae0cce289ca9cdcebc4079f960e833cfbd79.csv
321;14ce5ceaf5d2d69b5be566af6122dacd219ce893.csv
322;1575931c6fe7aea67ea3ced0ebe1df4d2604864c.csv
323;0f64095c3f030c293ac087d505f3a3f64d110090.csv
324;153bc127b399f445ca2ec0e0709379efaada43bc.csv
325;01110a24b6ce133ae80d21a36c7994e364ba296c.csv
326;19758fc382a2921a000c9d85a33300d3e3b0e2b4.csv
327;084f1464fd6c0885f64af9c09c1460ef50dddd01.csv
328;058f046fec5eee31c9ed0bdacd37aa22ba485993.csv
329;16f4fcc0f008c01ee4711085e070b3dcb17040d4.csv
330;09de57e5401565a1e80361d32b09ce66b3a988c8.csv
331;06624de6d8b09e5db9ba01c4cc721583331a40b5.csv
332;0072159e1ebecc889e9bcabb58bb45c47e18a403.csv
333;1613fd55dff3cde4f7f32fd5b667e548f860b5d3.csv
334;06989a9659f1b9b10abc5b92a90ecff38a778d55.csv
335;0b137fde2327ae4665db6aef52d1c98fc4053864.csv
336;190505ad74408b21fea8434a44a2f43b1ef198b7.csv
337;0d39f9a729c93bda7f935324ca9b9d7a7e88e689.csv
338;0a6d27149c1fc958d4f6a598cc165a7cb0ee0185.csv
339;04cf308cfa2f72131ecbb07bacb894bab15aa66e.csv
340;039ca723ee32358eb70a084eaee19e1b6adc3033.csv
341;05252b1035b0647c566b72ef0ef269f3fc385c90.csv
342;132e94687b6ac1d68f3a33dcf090bc6f5865bb98.csv
343;07899a6af647ba443bf04599aa35d111d0d08cb3.csv
344;01c6ed4b3dee404e4d908af40ab93183b573e9ec.csv
345;08174b668145c88e0e719dac2a03b30fb68f5de5.csv
346;05aeae1608e74b17f7c92bc7661e98742e0b3fb6.csv
347;059d5acb8af8bd2bedab06b5dcc0510691fe0f1e.csv
348;0e1c072b035756104151484e6548cac0517cc5f2.csv
349;023b805a96c852619186f55af4bbbdd5f9fa8156.csv
350;0663481b2eb5194d2a48d2ca2adec6fef3f2ec85.csv
351;063f48cf2d9b53b075433f3bd1a63566feb240db.csv
352;1536008edcc909523ffc39c62b8389ba0ee76f95.csv
353;181bef55321b315c053d17800f248442f38d15fa.csv
354;19717b7bfa9911835e3c0085633f6dec5453da9a.csv
355;033460fbe61491f8505732ee22a5cb3387f3e4a3.csv
356;04d774680876efd10e478ed5f2ef7a7a2e860acf.csv
357;18e4bf7e0c2d81caa5795174a4f25d5a035e09b1.csv
358;1455bb070334751379d26c7c161a1f17b8d07a0c.csv
359;0f34f180295196b73c5bf7c4892fb023d388cb15.csv
360;1808454d2e8c7d1088e58a5e3a52111a8c507554.csv
361;049d68aa5279d807e4125c33a3d563f6df987cb4.csv
362;12af3b3c07569926eb1ce96ebd4d5bffd05ce54a.csv
363;190bc9d8aadbfb5c848ccdb9f4fa98610780ba56.csv
364;031fd47b33af0e00eeb5e76c0d010df92df6bef6.csv
365;02c4e304d5e063e9bd66d293a8c1472a5865c173.csv
366;055ed1f10bcc96eacefe967b946a0b8c1674e197.csv
367;17d92d371f5552921b86de6fb6cd7e65344ddb2e.csv
368;187607fca4b1dc4e30fe91d36520432aec36f795.csv
369;0c161375d1b822a44e873c134760ddb8600a550c.csv
370;0b0ce0d563375eba593f552fc31f82289982c829.csv
371;14b4d32ff078c4db9661a587e43a30a7bf227ed9.csv
372;0a4ff36a0de0c6c9efdcc2f20e3223a31e4c05a0.csv
373;04a02b2f24ba9cf14a860a98b25f65ef2afd73fd.csv
374;192e7d37cf521798de0394c2ad593f2bb77f5a77.csv
375;18c21db94a22f1358057c6d797164ffe1585b395.csv
376;0a851d4005336287cd41901a8fcd0ba3bab686c9.csv
377;168667e863cc79cb44157edf0e39ca66a37b2b7b.csv
378;0e7e8aa9e5d952e8486bc9599764a9fcddd7f579.csv
379;0cfbd799dde9aedd35ace107455d6b0bee8fa640.csv
380;0a4f344f96d5a21e3d0f33e199983738c37a1631.csv
381;193361dba84bf8c443b6ebd5ead3b3eb54d49379.csv
382;015729be3f439e9ef2033276a4ef14df8873dda9.csv
383;0ffbcddbc1c2527eca81dc62b12e587ab61ff4d0.csv
384;196eaa0045b36b7c0e56594ad4fbec1e8edd3e9c.csv
385;04e314a46a06814267d29c2e6dfc00bf4121cc94.csv
386;066619641442d9c3f6a547301849bef0b8b12f2f.csv
387;0700c01d64e50ef5ae5943328bd734718cf614f4.csv
388;12c3660c37af4a311a3a14667a12ce48388dd6ce.csv
389;050e73f86cfa4ab3f3fc84b0cb55ac779fb9abc2.csv
390;0b8c67ac3dbc51ec4287e9a76541767146106129.csv
391;0ae65070d7cbfa7b5454181af026a8ea7391d5d2.csv
392;1329ea9b040bdc8af7c30f7ba4b5755e352deae8.csv
393;04603867552ffafcaeff68fe8bf7f190ebb08a78.csv
394;0e82e56decffd22f29d8229da88e38840404ae37.csv
395;176274e5fb44083ebc8c91d87e013d624533c7f6.csv
396;00352a58c8766861effed18a4b079d1683fec2ec.csv
397;11dcdcd827d9e2a609a7396a335d6c9891d99c28.csv
398;0aca544ad7a5fb37f4bf005fbc8f735c2d6feb66.csv
399;0ce0b8bb68417974932e98c094ec93fbefc5193b.csv
400;11f2984bccfb6cb8952bceea9209357821a0583a.csv
401;123683340d6d91bf7251d4b91b7503f907dd56cc.csv
402;0ffdc4749db99b8f7df528c41a5fef6a1ebd37eb.csv
403;0d247bfdb654b9e691fe6ea077512e4f11509611.csv
404;044b6504465e3d1b00fcc328c6731bcd034b1691.csv
405;198bdc284caeafc6bbff6f925f36eec10d3d033c.csv
406;03d40dcd5d29728439528bd955afcba42bc0c2b9.csv
407;131276fce5681acc1232981163627299ba9d662c.csv
408;12da906ead0261056dd4e2c3e0879fe2eea7e7ee.csv
409;1582cbf653a14f9033c7a33567909f54e736ba6e.csv
410;0be7b06a39aa31b27514a501ebdd477f42b0919a.csv
411;0b180c5c5edf329811114548e19a708303e7c1c2.csv
412;008d980cbcc283a9b707de3d9a02573dde8528ac.csv
413;01880ef487dfed3681dd6d296a0a82417b8f38a0.csv
414;09b33aa5411a9cefe4ee46a01b18efa4861bdc74.csv
415;0c6dfd6796df35e619aa7b8099bd54174415fb52.csv
416;021af77daa9633d212e816cdbaf9f89240bfa3a0.csv
417;0586c9a5cbb333e62fb7e18d5239eae3be34d42a.csv
418;02843e9be924677d6541e0221a26501ce2111aaa.csv
419;0edb041a9c7495be584434f3eb3298f3f8a1327c.csv
420;10a9a18d6d821b917178be32b20f98c9e21d6028.csv
421;05257a2230897ea006b3f68dbf0d71e1e7216f55.csv
422;03dce266594748330a10d2d11dbe611bf42aa42d.csv
423;16c14c63746634d9cc1a2d4257b7d7560af187ba.csv
424;131902a67f5e00ae13b9239427325dfd53413349.csv
425;0401a5bebe76fc07dde0f103a248118ce30facda.csv
426;18f3146e3ad376486f1ade8e5c89c086d434620a.csv
427;0a789bc7f1713d549288d3effb72ff34cd3b0ab0.csv
428;108ebac20ee26fd05a2ba7ad43523957c34d871e.csv
429;08741b63c08d63c1a86dd3ef3ce3d1bfd39e560b.csv
430;13a1c758877b216e51c51e9ee532ab5c3e0c12fb.csv
431;05ab8bd6ff732bea31fa673b450d37b58da78c46.csv
432;07420d39191900a262a4c5afff61e0ef80eac575.csv
433;078b6935fa30cd20a00da6c6182e85b41ab4d9c5.csv
434;0768babd4f340cc1b5eb49540be3decfc480eb8b.csv
435;0f157fb0a719dd0d52fb921fb1369ccb6477636e.csv
436;046a56d635edc933ed8f30ccf1ae9fd488dfe645.csv
437;197679559a6aa8d3f30bde60d9387f1f9f975c0a.csv
438;0b65341c3090421acaac37ec4c93212277be55bb.csv
439;092193fe026d59729062786d8f576b553e11a97d.csv
440;0212e200dc708984bda32b474aa6a1437c6a3c3d.csv
441;0f91a79b8aec80b0320b6de47b30c38b3fc4a170.csv
442;197489ce2e74e5566e1cd13fdce4a26b4eba45f6.csv
443;0f3fae76f66b8f351abbef071fdf7e6efc1c325c.csv
444;0b7de7591cf59d3b9e8f9db423431c0850eb0276.csv
445;170fc4f86244f8f795de48b349db6759add5a834.csv
446;169ca2aef2c810471d33aa6522aa25a70594ae26.csv
447;123db7e17bb17a0d4ff1e7ef87cb629d6ac78125.csv
448;01234cee305e37a78cedea8148bf6177d47fe66b.csv
449;0ed2c41c3728dac9545af1c1b608fb25063c617a.csv
450;0d8784d230453109b9340461f2692f0f2d048927.csv
451;11ad2acc16067afbf2ce40d422647c3d899ecbd4.csv
452;054e3e247ad11de2be71be7215e30a44222271ab.csv
453;12f712c348c26e092759d804778defe2d2d4af6f.csv
454;0f880cb0b394ac20be2a2868fecaefd4d8f341b3.csv
455;04c80346278c76be38e11fba9ee1a0fccc13c57f.csv
456;0666ca679df1885492aa1420fd995790d363b8a5.csv
457;09417d5a567e93e35a80a241b9459f2b84ef0b0d.csv
458;0bf39c12d7c4576441079e2e758ec1eacfe015d1.csv
459;1516a62bffb7478ad5cbec0bde15290baf5384a3.csv
460;09e8d6985e74029c794e543bde68fba0d07133a4.csv
461;0efede5fe4185af68b00ac20b99399af133e80bb.csv
462;1291b42497aeef11d21f1fcf33ee7e910a3396dd.csv
463;144e61fc12d3c6b2456689f7c8f0c4c1abcd3dec.csv
464;10ce102dd3c76f690ebe84048a5d734598b3d2f1.csv
465;018b618ea132d47ffb43b003a6c78cb9eeadc017.csv
466;0706374e8a8a5eaf3bff4d2555c0f0db11294755.csv
467;05ba033423b8fcd8ca26cf0cf1611e128048f9db.csv
468;17a5e67e3855ae5fa7d1a711f3249b6813c28386.csv
469;04a0ec4b6cb5eeb0d2cbf2c8ea8829b5c476b1b9.csv
470;12cbf7162f5525c020e909c85db4142007c64603.csv
471;062d0779c4b304f4188666a3989152d9f9557340.csv
472;11914635e8fc7c041e815263d5e20ca4ad9166bb.csv
473;0a24f22d8d49dc503c52d43dbc51459fc06fbb14.csv
474;0bca841af11fa978a07f916ec43b34d7c88b71c1.csv
475;12127085d9546a704eb677320d4df5b44f4dce8f.csv
476;12c2a6ee1e3e7cf0f915e5c5454627b7e1ed9db3.csv
477;0f4b565dd039cbdf2573b6f674e9a502d9230703.csv
478;123ea6f7fb7c9dbde72ca2a6a5f1c5d0986966ab.csv
479;0d40afa4fc54a163858aeffbe43be47bf89b6f39.csv
480;15d784a335abf0ea0266e9a2406b8d87f25c8f2f.csv
481;007bf75961da42a7e0cc8e2855e5c208a5ec65c1.csv
482;0d354b208fdfa2806bf33fd03e940e057b339de5.csv
483;014336e4855d194c1833ba91c8ae3b302cbeafe2.csv
484;1008bb267f9b05fcec7b715eab47f4a5c659c7dd.csv
485;0e24e06b66ebf676c3d15bbcaf7120dc60413702.csv
486;1817050ed534376723c94abc3b5496beea55ed5b.csv
487;17dbd5741595c1e5b7508063b31147be9263e7f0.csv
488;144bd370f94a0844a954100eb08bf1df9403ddaf.csv
489;108b012df7e6ae774a2a83243c0662f376637426.csv
490;04b9001d61d666e065f28a9e628991f4d76d71bc.csv
491;15f3676a843fc2b08f47c1e0c49d78f63519caeb.csv
492;06e89cafce095f075c8a197fbdfb78c259133a8b.csv
493;06589343cb2fcc62a39c587071c8a9e76836f993.csv
494;0cc12d028d0f63383a4243bb73d76f70ae229daa.csv
495;027f86c44365e0ba6a6c26e24134c4c3e98a72ef.csv
496;0e6f08bde4abd9fb12aa599c325e381692c83125.csv
497;0acc757154434d8afc870e55c010962a61cc0af3.csv
498;194e09560f46554663015f54423f7f5d7822025b.csv
499;10e691d6bf9cfc219bb72a2761d37ae5f1677f77.csv
500;03203ab50eb64271a9e825f94a1b1a6c46ea14b3.csv
501;17bcc640fec147856a5d625a1d17970429665b65.csv
502;023858d3191988a37587ab951db561a3db3ae2cd.csv
503;1713f0cf6cf8f5e4134cb4b78d5ab4d2c3cc8791.csv
504;085c71736d6b79717bb03aec375310d9e536f851.csv
505;14723bfc42908c3f8f522692be41062a7cda62d4.csv
506;089acb4677633e0cf2d35fd728e686c8aa887bc0.csv
507;0bb181551513e8bfdac02b7936920ac3f50d01c1.csv
508;111db95189df3fa90756c174fbb5abff1ca1bb01.csv
509;121367ffa82e8184994419d47238c023968a6374.csv
510;1449e7aedd623536a61d71bf1505622093774208.csv
511;166142fd39f6000cf789299a7df7fedc36b300cb.csv
512;13194f8e42df83d260e53ad9bf7448577e9319e5.csv
513;14626b4b98947a5534bdcc578b6659c258f7e7dd.csv
514;13bc396fab607d24e0dfd5b38704463d13a85c08.csv
515;0dbb8e8757f40e57ded9443666880d99a63c8d7e.csv
516;18910856b917289b6bb3cc2cef0f78ff82ad4b02.csv
517;15dddee0b99b7095553fde91f32e7ae83c15e9ef.csv
518;039ca136c69c998e9a2677259d9de2941a13304a.csv
519;1477e7acddb857281705b48912ade3fd5b3f2a6e.csv
520;0094b25e2500306fadbdfb41d520f2970bb086d3.csv
521;0d6a162406af842f2324077d73de17b2e85cffdb.csv
522;0dc0752aac0fe3ed755331c8a1d2b52894c05adf.csv
523;0add910e9efb81f7b906101a7790b812074dc8b3.csv
524;085223671e50a88ebdf4ce8a67747460540a9940.csv
525;08ac78608c5be04ef1cff3fba52a3c7648bfa21a.csv
526;0c0806be80c60f0e61f084f12ed847c265fc1d68.csv
527;1505495991d91a5fd534af456a460775b93ce996.csv
528;0b0208d63d06379d846edf649d47041fc2c1aa86.csv
529;0a4f30f5fd02ad89dc9ba18964325c6738807465.csv
530;0b7d50ddfae18226d4a66c578d9235d872c85056.csv
531;164f0fed97b05b34ea5df0f4e4e9e204d05f7849.csv
532;121638b718d18f7bb5086223540f74cf61e49800.csv
533;085d2f0a23b102cb7492350434746878eb834785.csv
534;1340cfab5e9d9c4e29144766f379fe8f10e4cc29.csv
535;03d32bf9da6495150f5016a0bf2d4b7647620c7d.csv
536;106b81593063e1df0817b8ca2e0a90823003201d.csv
537;137c77a97b865b5d85e90b50782a1bdf78539ec4.csv
538;013ff749a58f92db7e227f7acbe47d050175851c.csv
539;0bcbf352d92ce90e1c2595fb458ded32b45002a0.csv
540;05c9e683af7313183ee9d98292a77230dd15b0c2.csv
541;10978f83e192204ea4f2347d49886969558a8b99.csv
542;0eae6cad68158cefd58f69d7517a869f9621d3c9.csv
543;0d673eba8d23c47646d0f5b69937ee87716aa1df.csv
544;1196301d4e04f2283f18f95fbbbd6bc5cf6e341f.csv
545;0eadf5a901c0d89fad2c202990056556be103e12.csv
546;0ba1801a150e25b029cf3c2a38573435b21dea80.csv
547;096d707e74acc27426416dacf89d5d134a0b9866.csv
548;0bee52e6477404d2aed60b9ae06ac53bf92660de.csv
549;1392d02729b5e2f1a63ff3ff259e10a8c45e5a55.csv
550;00951716e01c8e0cc341770389fc38d1b5455210.csv
551;15753984412d073dd4c6daed84e3d294f728b636.csv
552;162c064dae8c02e477c00bbcd60b974ae794649f.csv
553;06094b031f02c0307da315a1428394c2c075ff2a.csv
554;08beca0f49f6c33cf0ea4544f6dfe34b5932214d.csv
555;08b862f9103eb1590d60bd0312f750729b3f2c7d.csv
556;06b3f93a98def37bdbfa4487060cd836fdf1070d.csv
557;0396bc111213d601eeb67ae191530309bdbb6220.csv
558;0969d53ac7a447d43b431dbe9744e416de26df38.csv
559;0aef63f4f4c4cb195e71b50d0c6e721aba9f2a81.csv
560;1039a57c4d17c0c4eebcff505014cb5f11917cf1.csv
561;022efb5d64e88419546d697b6a5a96e6bc8a9fab.csv
562;0c1318a0ed68a50f13ef04c2cd0741d2e7016104.csv
563;060833389f07819960d34c91e0dfdc92e053f6ac.csv
564;16406822b5673734cefa5a986007b6fff662c7b5.csv
565;17ef76b6acdc223229e3a6ed236bed4c2fc0f811.csv
566;0b05d3ede3351f8b3edb22c74b0cfe933ba408c1.csv
567;137b25ee1545c4b01332709ab1e24dcf935d6f96.csv
568;095424c03a6e78279e47488552d961bc328f9c84.csv
569;04d638b3c1d8b8fcd771e569e439b364d4ac2c1a.csv
570;18fa3d1a5503e1943ce8e657416f9da8fe2cb475.csv
571;129341a52b43ccd59368d094950322d983ebe223.csv
572;0b7581ab8ae5da78a11692b4c7d9399ec6dea283.csv
573;0e8f07d17aaa0e83209868716d79a4527952c0ba.csv
574;02652961663ca435c195fb0ed3e43642e04cfab3.csv
575;058b0cc7cecd43d80ed47196cb5376fa10efb58a.csv
576;0a89d01436c87dbd802431eb574ed0dd486d4d6e.csv
577;03b9acce84a4799d4be1152a36abfaf52fb3b523.csv
578;179338a972eb486bae25e1898b54441c7534e0b2.csv
579;069bf4da8f0f4f540b9f6a16021e007442e7e027.csv
580;02fdaf97dd0af539eada2af2f1563e0d77a28f92.csv
581;074a37594f93652c9db7cef967b21eaa5b70f731.csv
582;09ccb3b9fece55e72c3acb85c4259de62a9c9e0c.csv
583;14b23be79f302d4603f64e7a45d56574a23b59f5.csv
584;0c3ceccabeff0296e424a649fe5931a1671f9905.csv
585;06e2a26a1925334deaf6621d3b2763924de55b14.csv
586;06753b3e708ad76787b100b9009ccec622f267ae.csv
587;01cadfe2bb23b6989e57fce2ba744691557faa93.csv
588;16844dca24405d3c94a4366cd94598a6a7357fc8.csv
589;048b240dcabbd623a6cda8c4236ea50d7961315c.csv
590;0ca5279816f66f7fd8c0bdb09d15f5953e019b68.csv
591;088571fa032ef5eb915d17b62e106a698a301f2c.csv
592;0fc01f8a6bb755f52b6407df7cb8c9accd15450e.csv
593;1371b38bdca612d8a0f64f38d16d41051936a5f4.csv
594;15a1cb9e790f884e0513e9f0112a909e95a96c67.csv
595;073cdd46009615f49f9c9c074e55ecebe8305d32.csv
596;0c433c7c4e2e090b2d89d8456f9febed54b71966.csv
597;00f7d667e3362066c08f7d6594d1d3b0cb16e08e.csv
598;02d808df510466b74102dd922486bf922a5ed947.csv
599;187062df058ff8a8110c008bc1f489986423ea1e.csv
600;0d5f9dd2c1626d1d3a4228b838fc0bc666363a3c.csv
601;04ed44ad0aed30771e1ba0f38e4aa00101d1b8c3.csv
602;04bc03c90437934a75fc6fdc228817234ef84c3a.csv
603;10093bdac52a5e404369bff30a4d38b2bde54276.csv
604;13f8fe9cd4b06843fce134699ecc8b89cf6a2353.csv
605;13ab857b7b076f5a00bb3becf27e9780fcecf26e.csv
606;0435b8c5081db34e2c6c62b8f7b998927fa28776.csv
607;0ed0bedd5005e893440208e3a176694c21e29db3.csv
608;01669153236899edec9fff5fc4fb19a742c3dfef.csv
609;18f3b3f9f77227f4941079cdb605af4e5777c061.csv
610;04be45dba1c24d640d5da8298c5f01e3165d84c4.csv
611;04510f144938a17bf2c2a9683ce3479ff0246b94.csv
612;1378320afa873bdb81e3f3314a430c7a208d2d08.csv
613;159542778cfb78258a07f195a5b4aaf400cdcbcb.csv
614;15724c0c0f8675d894aa76e25c9a29f4266d0440.csv
615;0b9b177210a4b23ff4745f2717083ba047a9e770.csv
616;0eff8cb176dc1e97612266b1ed94badfeab4e575.csv
617;1686765b6847c2b132d0129be10f7263bac5973e.csv
618;10206d084e0ca2117abdb7f6909d9b857ec89b69.csv
619;0e5c57371f4f2cf8e3d56871a391c25ee43aaa4f.csv
620;14c6dff031b3bcf8a7ea8486965b1dd888cf46a4.csv
621;0e7881e97024fe722e03b821d76391d8361a8008.csv
622;05e6e7a72d16a7294079af8e96f5d6b42d8ce51f.csv
623;0293ec2b1cf8097392297cffd06854d2f37348f4.csv
624;0d5be5a4268da7c08b478ca36721d46bd67bbe69.csv
625;13ca3c0ac118c5e4f5ee9e63cca69ebd14247dbb.csv
626;12c7bde10bc2422a099a326c99cba1ec1e496431.csv
627;10f87d75360ca119636fcd75da502bcb0bf7845d.csv
628;17787dbfbb012b537726971936c74cab0aa701b1.csv
629;0f78cf5bc61d9cc158832a1c680d8aca449785dc.csv
630;0b22db40e9e78fb29f6ae2938ed8ee2d00cd46b2.csv
631;0cafb384b401aeefaa3286bb0cf76309434e2288.csv
632;0132b8c2721692d9f53bd33a738fa94618bb4e91.csv
633;0391c13dbb9949494913c209424ed61d3a652753.csv
634;130c4c6c7faab2f0c0143b6f0cd0118b27c91dea.csv
635;131f1094ace2f4b3baaf5937ec27a2de808992b6.csv
636;097b9b4ada3e89942ea196c59226e95da1b7969f.csv
637;17752cd197628ca49a7b800528bdd68532e4a148.csv
638;11227aa67f131d1b8220d5c45b4bf592f0a48ef4.csv
639;0db6ae77cd580f4e8c3cb6728de4a2a6197a727c.csv
640;015a5be4701f244a51d6c244c2ba5b69ac68dd9d.csv
641;1363643127b0fd76d3c6b848e07cfc2ed3f75328.csv
642;07aa57dba201a91643276873f458daf66fbfe0e3.csv
643;0977f51bf118077aae3d344adbe019c40622beb4.csv
644;07fc7bb8cbdb82bd4b17681aa92a6fc06d5fcf82.csv
645;1146cc4ce6094ad35cc188166285b8c519986b6d.csv
646;011b8a7002da6c0fae7ca76c127567a6462daf5d.csv
647;0e046152bb9c537c62ed4c4616a0b627ccfc992a.csv
648;1904cb0e767c673c78ac5d6ebf6260c1d83bea13.csv
649;14c756dfe065a0ed1ff950195576f8975d209c93.csv
650;17741144abca0f1e1d185c042bc777641a6b00f4.csv
651;0d83a837839b75104b3925a1a0be27ea2883b419.csv
652;02766b20eeb39ff051a2f110def2e4bf8b9b010b.csv
653;0fc33fa14a11605a4d898da8713ced56a28ea110.csv
654;183e393843de9d6c653897f1039ad10af9750347.csv
655;0bed614165ea5e8b2665c8914882923858293b1f.csv
656;00623bf2715e25d3acacb3f210d6888ed840e3cb.csv
657;147422b51b66a3e9c76f32fab4b4a004f67e8a16.csv
658;104a23fead757f1b8272ae0813db98b413375ae0.csv
659;072c2b54785898927452a92474f5af84f3fc7ba8.csv
660;0ca8648d40bee3056b3f9840de6d34b57ed121d0.csv
661;145bb000d606bc2ea82e7e11f79363796bc9b7b1.csv
662;1964f7fc2a8610ec6e9ce9f1baaaa46e9c684914.csv
663;170f0a7070650e42066d011135cc9e9d9f931223.csv
664;165d5a3cf0dc10f8229b0c6fcf149cd244cbd73a.csv
665;01c25f9838ef8e005bf720c4f76e67a9f1038ff0.csv
666;07330c35eb8beda0a4b515b8a0edce5d42662417.csv
667;0031e47b76374e05a18c266bd1a1140e5eacb54f.csv
668;0e68ed59a0acf6df0c5ce5a4716b907367fed3f0.csv
669;119585987862e9f02ef0a1748462fb38ecb95b53.csv
670;15372a2da42ddcb56ac4edc88090a6a425c5fad0.csv
671;0dadaf875ce55724213796d3670ad73c5d8bd2a1.csv
672;14597dad9c71c07579c0a5e5e9878aa1c003f50e.csv
673;195a96bf047413d53b4c5a19cb22af30d6e37baa.csv
674;1926a717f92225eb7539c0fe190cefe1b067f08e.csv
675;1673be3a6c0cd5762dcdabc21816f4acdc102e31.csv
676;18421f153f74c6b0f8f9efe88c2aad6b70547b99.csv
677;05513568bb7b58bb7df33023160838ac885a6144.csv
678;035f1d6b6c461d045fd19d69e4e9c1de221f4a0d.csv
679;0f8ef4ce069bd394d71e350e4c214d8b2e425a84.csv
680;04c221e49d8355ce52360d5e37dc583f6502cc92.csv
681;14a0b8d9f05d4baef14cfa9178748cb9d504d523.csv
682;15640dc97f36ae7b410f731003235ee8a3cae495.csv
683;16145009d7725e0b39d5522f56ac9781d258eeb8.csv
684;088207699688d96fe973df88c1add87ac8339645.csv
685;13a2da5074d1480d1e302628606afd1f17ac782e.csv
686;0ced1f946cce007aa319a0ba38aef2c4b14dab0e.csv
687;1535ca43838cf5d33c33e7a5690ee76786eedf69.csv
688;078abb148599f16b6a3f8cfcf2599994dd9155f7.csv
689;084df43c5fc9b52ac507f090c6d892b69e5b0999.csv
690;04c1c40f4464bc035e57d0ecf2f8a033e4e7f466.csv
691;05e4c2f6b0affdeef1b7d99d5b481bee1c244a7f.csv
692;198ed53d956a2707716d175cc6516bb720f52d82.csv
693;0f7c4b6a69f7c82ec245cf64dada9150d1e4b831.csv
694;0a037565ead5cb2ee8dbdd7f6a0e381dd4b7ad83.csv
695;05a94d5f5083ff58320c659cd519536d3e6aa4a3.csv
696;0b14aca39651cc93fb2ca56a4ab433f57716ca37.csv
697;17a425d3e66241ada9c347aa0e0387231be31dcd.csv
698;073d6557ccb048fe248c2d4c09a21c33f8632371.csv
699;073d9b195e4d3e325a8ec7cd30b9ec23bb0a00a7.csv
700;1522b3c191730bb3161a610fadb3bf06095ab902.csv
701;17cff89c1672094997155613467334c9b1b410e8.csv
702;05e9af5c04c17b89fd8d65d62a381eb22e8316ed.csv
703;15d52271667c76c6db91907ad72ecb65fb88ec84.csv
704;0a0cbd4cb08c862deadcb5aaef22a27b770c0791.csv
705;00c19aff3efc6e6430f77d81580ac927990ad5a2.csv
706;13b976db365e4973e7e0fe44646393b672c4a2db.csv
707;15253c08a446817c195eab73473fc2f215528705.csv
708;0a05a7b95ce42f0b53c86a24842ecc9845a7d023.csv
709;05bdc3cf6dad125ad6539580352cb341eeaec2b1.csv
710;06d734de60efb9ac8c98cd02be9f667d0c535fb0.csv
711;10020b18a770b4f93c8413bbf60029225d151471.csv
712;1552cf77b6385950e197c67c2ed55ed6e1879ced.csv
713;0537823ee7ac420f3f6e1a1261afa425dd4cd1a6.csv
714;03ae4b61aa2d9641f38287806612fc16f58d4299.csv
715;09db5b9c6d7c4f5d804c532939fb4f824c409bb6.csv
716;13e902f62fb20b66fbbc69e9ec434243342d16cd.csv
717;02b8dea56378d11fe92d6a60ff37a34b0d6ea63e.csv
718;03fd3a4ec79ffea2a049338b2818457e98496df6.csv
719;0f304b4819a1e90568fc333941792d00d93fe386.csv
720;10829aeda495398ba475afbd713e36bdc58cfcd0.csv
721;0257e6797e12beb91a4a4fcd7130f90d84260718.csv
722;058c0fc94ded8fa4e7a302081c3ea738d16a4b1a.csv
723;1358b278b691bdd7439d849fa8a002f9f9b8fe95.csv
724;11f8eeb589bf8737b2805b3bb50ca12b73884c64.csv
725;008c1ceaeffe7abc87b031af39fae2632fa72897.csv
726;0257dffb6a2cc8bdf6d252c400a38419ef256505.csv
727;05f2d4c337413ae496e31e2259020f3e328dcfa1.csv
728;0089aa4b17549b9774f13a9e2e12a84fc827d60b.csv
729;04dc7b970967766934f12292c0a007ebabe22652.csv
730;11588188717735eb36e684003283dbe2d9832286.csv
731;131e5a7c8626d4fec5bfe8d77666d1d8556e5a4c.csv
732;184c8c4637d343cd81dddd0d3f5e6c922f538afe.csv
733;0dd1ab1f5811f3a1fe36f45577846243b3cf14f8.csv
734;0d1ca8ed239b0d50c0dc8a21041a1a1c43045806.csv
735;05ac1ec253ec738ab9f78ca477e85a51f7186ced.csv
736;17d4c1e70195453379ed6529851c51d204fdc926.csv
737;1731adb9524645ed8e10be851313f796f82459c0.csv
738;10dab751e09a2f4ef5a81f68b82c76c8be09343f.csv
739;026447f6e8f25d774926c5f38f8c8ae1f62aa54d.csv
740;00142f93c18b07350be89e96372d240372437ed9.csv
741;07ac15697a17a271224c7477de061f4ca6fc62aa.csv
742;10f4664e4d1e58018892a7a2ab1eae868d59f2f3.csv
743;08d822c186460651ee5f3a44d365b0701aff56e3.csv
744;109a7800d93fdf2a2c64a261aab1182dd5b607af.csv
745;0f45da571ca739a0ec5c818fa2d39025398673d7.csv
746;069b422b624f7d6bb46b8381030550a88a3b30dd.csv
747;1664a9df618ca74e099245a2bd65f3172aeac284.csv
748;0e5ca6286111f518f4d41267587324c92a902aa2.csv
749;083d4f33c62061390ac7dafcc4e9a4e44518df3f.csv
750;07177128e49e7d7440cebca1eb70294a3fc27cbb.csv
751;0cf9f507a18a00de76b8bb61a2c5c2b66680dd50.csv
752;0fcfac3230a7ab2f3b600fd06eebdf084066d01b.csv
753;02a009e42054081b441d0f4b203679c4b0cae38d.csv
754;19543f1c6c501e70297919f68504d1957e459c63.csv
755;01a462bf8cf2cd973d1651b991d27c9556d2ae3c.csv
756;10a769cac0a76b41a6a82be148c1a2675e9d4604.csv
757;024d0bef5417a110fb52607e85ec80eb4d7d92a3.csv
758;05774f9508a8c3399ffb20e758f933ffadc40fbd.csv
759;05620ea699e7dcf77f750bbb52911ea18b005d8f.csv
760;19b9ee3dcd89f01eea3e48b333888b1ce70b296f.csv
761;12fe4cca998a403e153ae872595eab2676c77d2f.csv
762;02783b0989ab6a54fd4af139d787b69b9d9d009e.csv
763;0f93e8fef9ce127337fa00f8b16607d39c6415e8.csv
764;165cfcb6f439f6d779d1e94b0b8a3db96c79b22e.csv
765;0b6962f3ef4cb5e76d6ccd144af840b6aec67474.csv
766;00af80743cef9bd8c04c532d74e9c67f0c9312e4.csv
767;08e78c0222e84457195ccefb2e371f1847670436.csv
768;06190bfcbc53a5d5d17e0a60a3a0f6488d8ae1db.csv
769;0fb887acf88daa31d5ae2b7d176baf904d6c5dfc.csv
770;198399348c2c6a7dafb438b3aaba23b43733b105.csv
771;02998402c64a65e3ea2fd0fdd8f688aeebda6192.csv
772;0c8e1f6e428a6688f68c4a989752d3f052b58677.csv
773;0a41b85153ef8a084f7b3476d4d38832f533e914.csv
774;06f33aa8d51ad1c6081cd855c8d274d47e1ee74e.csv
775;03b35e72b8abfe6c88da27e72b5ecc8e77211dd2.csv
776;185bc5c5addfa50d75d15b288537d11bd4a4aa5d.csv
777;0bdae8c38f570965cc9a630a44b7089c2a5da0ed.csv
778;14898820328acb4f3dcf85f33f3addb113d5a97d.csv
779;09b0945d4963d363bb670d75070c19a328fbfce6.csv
780;11416bee008daf3c42621002ba7f3a6939601b0d.csv
781;0eda9491295d6a851db35c358ac0c4fe956dce1c.csv
782;135f5ee5fba1a4280521d45e4fa882354f63e691.csv
783;1090afa5b76644ce9e3be9d9d0e67ad651f846d9.csv
784;1763110ecc1742f6158f410a0c4f0b923118fd79.csv
785;1185137c3c9ddbc0c91aa718179dadd11039f771.csv
786;03bb746ba6fb4c250b5f8f9ff0e5013b2c49b8f7.csv
787;0577bfc182ea9062ae7d4e4c419a84777b734a4c.csv
788;0fbc383f838f9db0f9146ae8889373a9375ec056.csv
789;196d55353760e8e1ddbc2e2cce92f806351b747c.csv
790;042a57ce54d353b67f9faff39f7829c45dc7b101.csv
791;034cab326c750ea98f621e9c65371b8f139fbfb4.csv
792;06d210540bbdfe3b898f2ffbc4d1f9fb74a5a4d8.csv
793;11115aa43542f817d78ca0c8ec2b50e04eb7cc17.csv
794;0727980b80bddd2728174a65e08275cf73000f7f.csv
795;0caed37c7a0a32088fac2254720ac241b12d2c7a.csv
796;17fe16cf66ebbe693a2e75dda11d14513fec7519.csv
797;103c89c60d7d24bb8432c4b7a61379f9e44fe6ea.csv
798;0c589675855cd6a533025c50fb319ecd269c2d0d.csv
799;049294a884d39102b06a634ba0f4bd3185fcc478.csv
800;007a59ca5fcd04a5abfcbcf037e688320788ea08.csv
801;16a04dc7659daf72dfd1706f843b74d691048b6f.csv
802;09e56ff472829444bd7a1670f61fb696fac7ba2c.csv
803;0b530925f860fe1a3191519482c19e8240834caf.csv
804;15029a39f0a27d1bbccb6fed1793ea25700d9e57.csv
805;1771673809c10324fde2768ce37d548a5077577f.csv
806;02e34b2fe0968cb8a46313fe767858da7e2691b1.csv
807;03e9a22249dd6e201e347bb87cf96a931120f5c5.csv
808;0a08fddd9dcee1b1254a05b49113521bbc423ccd.csv
809;12aa5eeb50296d810121cc1b2f87f053c39ce204.csv
810;04799a6c57e1d3f9488b24a4fc2580bbb3818665.csv
811;13d3cd2797da7eb9cc334821680a7b30badafa11.csv
812;131e6a035170ed5bd2dba6bec02649e9508a0c55.csv
813;06b07a6407734edcb3af57da5fe2898ba61d1df8.csv
814;0113b9a8d82039e8474e887038d643853b5fdfeb.csv
815;0181010a40e179c9b66d8b1f0eaac4fbf0ab6341.csv
816;0a617f5467e92a9a638ee23204247128635e32aa.csv
817;1843389daffca2a8b5e04048821ce881eb068269.csv
818;0e08edfdafcee24569ce5be73cec8acb26142ba8.csv
819;134da4eba94dc9b9f03a9244d62aee56abe0de56.csv
820;02753048c4dc699d155288935b9dc6517a79f279.csv
821;0f3fc911c8b5e8366e833f19eba35a4bb5acbcb8.csv
822;1434efe4d841738948735807bd1d1f1e9a36225e.csv
823;188a2e1351ceae0aa8347e1a1d7af1e3b7b66a02.csv
824;15f2b1915443fff0466f0dd89c7c0ab6761833b4.csv
825;0899b0f8df5f20c6a46ba1dc7675c85858b59a68.csv
826;1986b0795d747225509369644cec05194d09a43c.csv
827;0ca675e1d62eeff5188b3cfa32f4cf16ea634dc4.csv
828;17e4de7b95ed440d0df3a87e85e9fca8b64b0de7.csv
829;08e6a1b558bcb3962378851963c2e67681dabad6.csv
830;00c88aab2bfcca0db253c972382e5eee245d071e.csv
831;15b819b2a940c6024a23c3c73bb25ef5dcf408fa.csv
832;181d47c4050ebc63d4831f8dd0df88b785bf4985.csv
833;02da3b3b4a31f4e15f06a0f076524bea9ab0f92a.csv
834;02aabb0b8eb8a3f3692e162442bbed19c5f915b6.csv
835;1943218ef9d1ec2d53f632ca8d923bdb3f855356.csv
836;03fa4232b3fbc44b6029d52c3120f4e82fdc49c0.csv
837;17413f651645c2b9c92555e9ce1404b9290eccab.csv
838;0f76bdee678e512d5bfb2d3597ad57a1b5d74bc4.csv
839;13d39b597ef6853185ff1e43a4420984a8c6416e.csv
840;01c6c44650ad5466cdb134a28d0b14700fa3906d.csv
841;0df659d4611fe09f4fa6ef2c22ec087985182ccb.csv
842;047a76d5e047a00728847bcdd162cb925486d0ab.csv
843;12576b0dffeb58f9ef7c7ad536e925ef1ea61ca5.csv
844;0043d044273b8eb1585d3a66061e9b4e03edc062.csv
845;02bfb4c09489a5f48c23e8441e37b055bf7228ee.csv
846;03a158fb5fcbfccd841b4a9638e840a0302b9459.csv
847;055df119df20e08c2830c0b300173e343a760d38.csv
848;0cf8f9fb2f0481a0e6a4b83cbffb07acfa20d6b0.csv
849;075c0ee81918f2e0158b9e1807c0a588f3e3949c.csv
850;0450e1d435d63e69e1867c2eba65c0c08af70038.csv
851;125b3f6dd69d07e5dac7fa45b6567008bd1244ae.csv
852;08467794d024d78c7981f7c39743a9faaa1adecb.csv
853;15d37cf2a310ff8cce48b1c1f3eaea846b17bbd2.csv
854;121f06c44cde088607a6f4d16098eb6101513c01.csv
855;05da888d78a628666b186a2f0773d8d4839a994e.csv
856;00ae0041374cbbf28df0d2cbeb08c1396a4f7878.csv
857;061eb24a1462aba7b53e6c099fe5d4bd046dd56a.csv
858;139b81bc9c99d76cffc2014c4851942d2f592950.csv
859;07134c54c481b79d08d271b83ef12aaf07866957.csv
860;1951545d70e8568083cde219d2583c1aae0c4061.csv
861;08d0057eaad519e3d6ef88ffbbc2187b2c11f126.csv
862;01e22956c79df3220a67bce71cf22de95d29b723.csv
863;073bf7a5962595098cf9d08109b0db9ea1cb3303.csv
864;010ad052b58172981e089bc73b9ad16a732960f2.csv
865;0f0bbda51be06c5872606d245c145bfffb3971e4.csv
866;026c59766e222f22b416a6525ae3194a140b5faa.csv
867;10905e5423cc57fa9bd97aba8a348a3866953874.csv
868;17d6161faae981aa6c56ac58d9c1d30ed581b05f.csv
869;0f48ba54e2976264796ac7496f9080b52568fb51.csv
870;10fbf7274b0bdfe7153269489851fc3d8f121bcd.csv
871;052a16d442ede77ed4bdeaa05037270f251dedc4.csv
872;15f3da54587d39ca8a3c8eabffb84fc463266ab0.csv
873;1624c6455f4fb4a8e871403b0e27a217bcdc83b2.csv
874;17889315db35509927f4fd1fb1d656b800365377.csv
875;132375358de5fda800e6b1d8aedf2091e4bc7ba6.csv
876;11f13e2859eb22b349dbef68fd8124b8ba445aac.csv
877;0ddcfc9bedfb0a87a7221dd2448bd41d3ba9cc51.csv
878;00cf719db65d07c0c7bdea9defaea448fc5f5786.csv
879;142a615ffb970d12beaa9597bff2b9c49da4bb96.csv
880;062a18fe6bcaad19bd60d8b47d3287079a915545.csv
881;0807d06a6db06216d0b9399f4658a4ffb581db03.csv
882;173ce92cbc6f228d5bfbdbd7ba7137523ebe36bd.csv
883;088750280a9b691e8562ad5069ba521aec6f6015.csv
884;06ad398fdbe5c8c55aafb34013ff47b35f0cee35.csv
885;0cd1453fb9f28809b7544dcdcb0d6b3b4e42b3cc.csv
886;04b5f15cca91a7b810216682780f8ea6e1ab3046.csv
887;12fc7df6445be6360090621b75df383ce86772af.csv
888;075fc26a9bf29767e3e3e29e22121ce3980fcbf2.csv
889;18d519cf1ea884ddf381067f0733c18d8ad94c7a.csv
890;0d237306cdac846338be8c303c50ac10404a79bd.csv
891;12329a694934f5824e1ef7d695a7a1fa0310f52c.csv
892;05a52fe28de83b331a2625473d6eabe95af62cc7.csv
893;061e49a521b8ea0acbd7c3a61360cc8e0b07e3ca.csv
894;03774b269b5de5338590b1960b6468881604a3dc.csv
895;0c842a151c9e010a7c70151d029c91a118bde887.csv
896;0953fa36903063f60627e07f7b4e07f0aec3c4d3.csv
897;166ac544dda68154d0cfb96da75f30e457d6eda2.csv
898;00326efcca0852dc6e39dc6b7786267e1bc4f194.csv
899;0dbc8dd1c306474ee5d560eaab38a9500bceb7d9.csv
900;06dd6bc406a0c9bbebd4580e8340be5f3444c386.csv
901;146fa23813d36d8da4ea4ab928d5cac594fdbd44.csv
902;06c0371d82953f5c35ee8bff3e5165d5aa1516de.csv
903;018269476cd191365d6b8bed046078aea07c8c01.csv
904;060201d43460ac305a26ac4b0acca66cd41c151a.csv
905;14bd9c3a28aaeedf9a28faf8ea8a06a59adc3a75.csv
906;155cca2a90a5430ac391b46983efa4c13f193289.csv
907;021fba0f252408868fa29b65686dedb3b3d6bf02.csv
908;11dfd91790da005937371365098de726ddfaec98.csv
909;0867cf1922a634eefb3a3ad07f4dc6c9c94828ea.csv
910;07ddf570a1c38269ac3d1826cd8d013faeb6a339.csv
911;035dfb6e2398c95bbf6b65db97b443908a43e093.csv
912;023af2216525c16fa52a75b99cc91ebb03e93107.csv
913;0511ed1c3e91902ab662c81f8fc20c83a840e8d0.csv
914;18c1ceb51b621792118f18381b9b3606b46717a9.csv
915;0022796bb2112abd2e6423ba2d57751db06049fb.csv
916;14df48701b672ec768ed4fe436e82b69370520a2.csv
917;06525dbe27937be0f8263a0e8ec743f68d9f1795.csv
918;0326bf875d2a22d7c4a4328dcd34c2d801fd110e.csv
919;18efb24780930c0ee4343fd31b37b39ce3c3b315.csv
920;18d6b41f2b9f5cad93519eb39f422f7f008a4ed3.csv
921;00b88130d2a7c8489e209742494303b6731d7544.csv
922;18176d1030fff6410b83e0df1591b3617fc739cb.csv
923;0080d3bd9fb92e022c27715c2d1249042aa998b8.csv
924;0f6b1645fdc27b32ae9fdb4f99dbbb30eb1dfd7f.csv
925;0263ef539a1344a642b1f4ff11aee6bc6ca84a34.csv
926;01285aff189f375f52b762256d8f419ccad3077c.csv
927;09561ed721369a7a9e077f7bea9022499c12b13d.csv
928;0943374130f5f8474d6d480d4d038615a0e36de3.csv
929;154880a8053db7adb802ae5350656b649496b4a3.csv
930;0fdba4c24e81ec738a498e2ffa501d46c22745a6.csv
931;19babdefd145a5becbc2a0b189eabdafa697de75.csv
932;18a116d870bd24c96d95317418946ce0873f2180.csv
933;0cd96fd42139b22b63e5752eda2c38990a18763a.csv
934;0b1af480d35b739da799df76a25463bc2ee4bbe5.csv
935;1697f41650571796c51a52e8f5412d293f620c79.csv
936;0c0d04ca73a9fb6e792fb8e75a7bfd015a9a5d3f.csv
937;01bf19ea2cb2baab425377eaae3286190e9bf975.csv
938;11d016e4272c8a89fe7986afde61e6fb91908304.csv
939;1029b20dd40ca982d05b80adad4c125beb10217b.csv
940;118373b29085c6212547a34993be16eb98008dd0.csv
941;105eabe3e019ae2bb0f93493d7f43d2c1c19e4c5.csv
942;09d2a697632210efee7bf9fe6ee07b66bb7248f2.csv
943;17bbe32558609da8c1aceab2b751383aa9c3c18b.csv
944;132d356a5461491379ccfb628fca604ef66b53e2.csv
945;015c335c8cb9e5eabb352e81c0f38bf6f781b202.csv
946;0d9d79fd824d74dc2fd482f8db2b8d1cf8a5a4e1.csv
947;0d82c429737f250a7bcd230fea2e4725edc2439a.csv
948;0af4dde58a77d937a918f66595f7946e02d2a915.csv
949;12332e3ee5f8253ed8db253e1acb48ea3bc8f27f.csv
950;0ce2f11a7c4da992b9a8686bd3b2ed53064a2ac8.csv
951;0469d052ac583aa5b739be7fedecec5307548d49.csv
952;02b20ad26d6b2f05b38712292186edbf3aa05862.csv
953;14ae1c8c866fcbdad5e965f296a90a8cbf41f689.csv
954;0f7bb2b30b0eba1a065a6dfc88dbbd99053ff1ba.csv
955;033b167546d99b583a32a437dc71c73bdad6e83d.csv
956;1829dd66176c20fb22a9d7186d62fa596cc93f9c.csv
957;0d1d6d059b8f14bab7c89cdcda4cda11e38233dc.csv
958;025509677d6507aaf63c46fc8efbe60b6d63a820.csv
959;051cf89045450e5eff3fc9ba4fdc518fe1d623b8.csv
960;13580111f45eb6e4af4142774eb95f0e52350e92.csv
961;11d9deb4869385080d322af3026110247fb4d145.csv
962;03f315449023c980e42af7eb150d0cd9cab57f5a.csv
963;162ffba72e95c4b2686b0b273b47c376aad61ba7.csv
964;0ac675fdff45bfddf5aea34d37f58ad7df4f78b9.csv
965;107824986103d1409f047ec9823d75b7b25d9702.csv
966;0cc657a6afd867489d338c52528ee1030d4a5c34.csv
967;05513da119ba8f48c1c468a8a40a591b731c4479.csv
968;0d0a0fdfcb384b60703d3ea329672f668d7c118e.csv
969;09f32524e7d13409a47b77c3f7af60251df282f6.csv
970;0e8773d0887abfa54cb1b618fcdf491e7a0a2c8a.csv
971;1244246ac28247b5674d6f4a8587e064bb565d7f.csv
972;04fa24d6f02d6b2fd44a0cb7aa2a7e7149e6cacc.csv
973;1699f74dc5e3e5ee7417778d18f7f5a46fb7c879.csv
974;09403dce0f0c10723150a14e1ea2f00b11dc05fb.csv
975;1628fb770b782044ef43a9c63252b5d3b25a38ba.csv
976;167b459cba8933f49d8cb5585f442a68fe326361.csv
977;0a4a2763f35864555a20b296c1daf1614f09e28f.csv
978;0741533a3a9c97880fb1d7f184d569a6e5191ef1.csv
979;15ca0457de2d05a3796f024899edc9c55c86e4ba.csv
980;14374db205f6934d9cba148624462000bc6ec7be.csv
981;02049ffbdb20997055c4def3516af0e6e40dd427.csv
982;0c2489ea506fea5ac57b464c2a99f893cc867ff3.csv
983;007618ad76a3548195ab5d11c1e2459931c91cd1.csv
984;18fb0cf6fba22d9478d4f5774f37f6b6bf09f3b0.csv
985;01be6aef7ae6555eef2062bddb57f8643d1244e9.csv
986;15a5a243bb623a17ee4f0c18c4e3bea8c065ed11.csv
987;04abbb8d91bd1a15a6c70ce3c0bd339f92468265.csv
988;009892e02bc1a4c9abf6f547b979e68ecbde8087.csv
989;18a8af7a7be62a2ccc66a4f65c94ac94bf2f8639.csv
