12650;f112c54cb08caca42865c197c3389393c3a63cb7.csv
12651;a9d69e3bc76839731195a21cf69f2c40323c8922.csv
12652;da1d5f22da76db8e47d5a994d360df5974f8adca.csv
12653;c7fffb9778776a7fc88144c264b6111927dea03f.csv
12654;cb9c068090dd2df30473089f86c3e5aceb8e797d.csv
12655;99a3774ff408724afcda0708fc3c3223c0c74c6a.csv
12656;9355a72a0a991335468192ff1ecce4caca0ec5fb.csv
12657;497ea958225fdb58951c6069d4f60245dabf22b5.csv
12658;1eec8a541f9d0ffa0851cc31d69356836abdfff3.csv
12659;324f06beccf2f18c586037c8206ad8414cca24f1.csv
12660;8f9fa3cbbbdba190f2feb9d877578a2b3a1ed655.csv
12661;045ca16ba40806eadbfe0b8f420cb81bea7c10b5.csv
12662;a0f333d12d4d9380c2b886e1ecbe0be36f935b78.csv
12663;e6f33a8a477ff222dd41cd758405332b2a377f7c.csv
12664;9bb776ccd5016928c925a331e21c2d98813db6a8.csv
12665;e8519f0bc04b01f237d4093cbb7e82ebceb0f8eb.csv
12666;407284d8852ff557edc0dc4e838026a033f8ee17.csv
12667;d7194d66d5891aed89ea7e21949b0de91f42d049.csv
12668;f9bab971b7a0cf9d130f86dcb439981f280e2276.csv
12669;f0b9384dccdf98ef1d2c2d18b707d5e82df91679.csv
12670;2bc42d72f7e8f70aee929da9d80d88eb17051362.csv
12671;c593559fe08dd809232108172f214205d1b3a436.csv
12672;532df61cd44504d530aa2054591acb8187624299.csv
12673;227a2207b13f6d9cfbe27b82d3a957c268ad19c2.csv
12674;43270fbbb998b335e93fdceb3dac941deed1115d.csv
12675;f2360a2ebe43e316843477606bc29fb045999e7a.csv
12676;2639af832e7943cd094b97cd9803655df23605b1.csv
12677;951ec9412df983b9d29cd1143d1cca40c523bab9.csv
12678;f9d7c3aa3f9b57f71e3551881b161524b26a263f.csv
12679;5c2b3b892a6c90899312d91e4cdeb345064edc06.csv
12680;657602c5e4a96575433b73793bbf7e33110262e7.csv
12681;2e2b7785cc0f1b2f6206ad58e19fe7d178a838f4.csv
12682;1622e5febd59e8a8fef0afd6a256324fb3473a1a.csv
12683;fd2b10f512e5cf14644e4fdc1077dce2988d6981.csv
12684;f80204e8972faa1435b2e04eb363a23aeb10925c.csv
12685;d3033697d2534f42b061bb1bf4b8402e6b2a53c5.csv
12686;b7afde848461b9e1f1ca5d926d3e3c5e3ed2b808.csv
12687;e899d9a77e037eb95b17f757f5d4772f83ece642.csv
12688;65ebed54cbbcef4f3272ed8151df9ac187bd1ddb.csv
12689;b845cdcf576e70016064994c2ff1e792e5cb28cf.csv
12690;3bf778a7e84f062dd8e7a5d37a023a54968236cd.csv
12691;56452dcbb28bcaaada2c96aaee646a1c27bc8230.csv
12692;42adec567c2bbd9a494edf3a3c1dc9455b33084a.csv
12693;4f7c0df011e53936b93f38aabee187cf6f202a99.csv
12694;7dd2f819cf4a5886f4200de1d23d37c6e590d036.csv
12695;d85c5753c8cf0f5c30b7d766e0b90a801d64667b.csv
12696;082892426f4879c2bc7b763650c5f80dec0e9ddd.csv
12697;afd976b623d40fccd44c2d5bc2ad108daef36c7a.csv
12698;1c913d58ec78edf91fe652b673603b304504f80e.csv
12699;ed6e99f26a23ca4bc1cc339630730394507322fc.csv
12700;b33198836baea01c8d009fd34168b60303137d51.csv
12701;a9d9fca4fb167b81456adbef78d4ff7be77d8b8f.csv
12702;5b7aa8ca40160bc9516bde49dbbc787c3b82c5ec.csv
12703;7789852d2607338406c1df13172425c955d0f568.csv
12704;3a7090a9f803865dbe07b3bbcb0243741e7781ba.csv
12705;59c725e7aa0e91f3d055521d1786091179015003.csv
12706;deb849e250a706bc165ea6daf17350349501b88a.csv
12707;5d0b56a7714e922e86b2174636466f0dd127d353.csv
12708;bc02ef2da1ec45ef01ff96852b4f3ff74a23212c.csv
12709;06319c6a4ee9c07baf13e4da077cb1611fc66892.csv
12710;60e0185c8554c20122a11a95da79f88fddf75331.csv
12711;b8be6d0fad2f30c270eacc88f96245799462838a.csv
12712;bc3bb11f7b1c37d4e348ad542f6d1c4bf9eef269.csv
12713;63043c8f0ecce7d38dbbd7906488f6fd48d0d268.csv
12714;136a7182afa52314cd3faf8ec98c7e4179450374.csv
12715;c5db633489b120716baef1e0e144edf6f6ca42a0.csv
12716;6e76810fc458772467ba2b8ae159eb486f0cbbac.csv
12717;119f62415e2acfe16087cfde48f3ed7b3d145703.csv
12718;d1cfb0e5e7e0f8c8efc63f4295d77d341f0332e9.csv
12719;b897789885d7e354ff7991528d15340bad90ff57.csv
12720;0f34c3caf71458b544936bc3f9720f107a3afcfb.csv
12721;8baeff5aad4833fcc6df2ff34ae870f5c8b50b12.csv
12722;694e01f9a48f4f46c371d645fde6de570c7fc5f3.csv
12723;0611763ce6ada52bc932f6f19b40f745d4018dd1.csv
12724;8588b896b81f44dec6aa90413072aab0a4f0257a.csv
12725;0bccc69fb138e2f1ffc9a510195be229486ef8ce.csv
12726;7205d53e63976d687f01d4a74c90bb5672bb2b2b.csv
12727;d8172a2a6371134b3128daffebd064ef33cd7eb5.csv
12728;2569a897397f31d5f344fa2f2b4984fa078ea467.csv
12729;980a1c3061f06c1a2fce65219d170881cde951df.csv
12730;3d5fe225c8ecbcf321743073897596542eb0c362.csv
12731;32d7635948b54f9ce6f019847fd57fe95306f721.csv
12732;97b248fe02f9107a2dc24f772ab05c6ce2638289.csv
12733;265a64befc940ea017cb202810f17562c9a315fe.csv
12734;c59763db773dea021436e5defa61b4eed56be463.csv
12735;a48c9f2f131f56839769188eb30ff8093a062849.csv
12736;7404c7850b6c12c928582a7833fc36fbd7fe7ed9.csv
12737;0b91de43ac98c1f8e4bcc8f56f95b9f91904ac20.csv
12738;fd965a834a7e7beaf21d6787fc121dd827e685d2.csv
12739;59f9d985f286b877377b15113f589a748abe9336.csv
12740;2b73816b76609a04df4bef086b6ba5a19dfc37dd.csv
12741;65d22c9c8eb2b0cd987ff566f6bc6a1dc7a5211e.csv
12742;ad526a18035f66a52033302b58122a681d65b2e1.csv
12743;af4a679a2b559e8fdbf77bb6502e7d22d72dd39f.csv
12744;0bc0a39f973e3f8165b47831fc8b0922d5ced66f.csv
12745;c2ee01cd5dfb4c002d0b5d1f5d243f35f0cd00ee.csv
12746;fd8ad55403c46e7cee32366a873ef062ec322bf6.csv
12747;0f592ac14778d52494ccf3d0e8b60743349c8cba.csv
12748;dca62735df89a3903dc137e511095984c2d9f21a.csv
12749;432bb65d3edc27682dcad6f7acf636f355506b37.csv
12750;f7f99b10a8f56b2e0e85885a30ef3e3f3258ce7d.csv
12751;aba5cc7d61897c7d4b3a36c8e06ca2c394db70e9.csv
12752;afaba219bb1ef133dc868c04c0bcccdcae24a629.csv
12753;02dbd61a09c3a529e687ae3780e82f5742e222e8.csv
12754;d9ff14ddc68468e06b5ee4160388f179e9d09612.csv
12755;3ccc7934a191f66aeef572f322381ca15512e450.csv
12756;e4c93a18d68cdabdab5f1ed3ba9621f611f3aa9e.csv
12757;2a7b8f5a32b86a548153a01540abde647d354207.csv
12758;033e592038bfd857ef05592913f133bc748fe660.csv
12759;126d44c2eec5d1875390efe25990e03a662941cc.csv
12760;c23e4f0d7e172be805d68dffc43d8f6682548f7e.csv
12761;13743b59fc40891e47e6574c9777201082685b84.csv
12762;c84b7f713cf6774d4958a1400ae46d198eb39c85.csv
12763;1e42d880e2e4430ac2c9010b42ef5f9ec6486d06.csv
12764;dafa879852c6f4a9a328debdd27f37fefe876ece.csv
12765;ee453a0b3ffef2e3b8ef098dd67035dc7d0dd115.csv
12766;68acd1c8fba0a9108f4b60ac85f47c53359f8499.csv
12767;49aeca6727e8e74c5a0fcdabe36db836c55d67d2.csv
12768;bc2dd961374c77963630fec352b6e827e60f48a3.csv
12769;918f511526212ad32fa488de47e98dac8d08339d.csv
12770;3c48ea0a25364781ba8cd736c7fa271e00ea52f4.csv
12771;c6ef7b36318bd1baf0f3a6638ef571b755d8cfd6.csv
12772;e0ed8f95891fa5023941023a13550a1cb8391478.csv
12773;0f9d3260c64bd8ac557d82f594bb6d04b6827936.csv
12774;9afb35f53239d7fc6c241632cef92d1ed9742ef6.csv
12775;ac45f663ed3b7143b944a5385b5d82754087a6af.csv
12776;0c998c59a8010935f0a57a533ccaf0be68467736.csv
12777;917630308f0265e62aff9b47dd1808be33922b08.csv
12778;5fc68b3413bde1008f65a55022a25109ccd3e3dd.csv
12779;1bf8ed88f11da1e8b313f9f5519666a82bad81fc.csv
12780;b5f15dee7ad86962bdc6c7f1bdc5c24ca0aec369.csv
12781;3d139640a5dc605b426aff76c014202d75337dc5.csv
12782;99ef3466c450ec791f9567ef38c0c27c72ce95e4.csv
12783;2ed369ada7b38c432b6aba56e9b7505939585af9.csv
12784;a274f31ea58ebc7dce7c19068659331511f25f4c.csv
12785;c3b91fce1b20964dd2c8096541903d4f46e3f7a4.csv
12786;7b58375a7d4753722657fa2dede29a217f7f1d63.csv
12787;f1ed6cf07443899783a1d364fbd7b44c467bccf9.csv
12788;ae402e29204598d16eb615bd596149839b79155b.csv
12789;c3fe672faf83bde603c04cab9c87d9ac822f80b8.csv
12790;2487a80305d3b4c14e4c0a9fca8b8358f639c205.csv
12791;ec1385d8356cf57df6df25a5aa247ebdab148b91.csv
12792;87ddbcd56f86dd565c6a59f79e665f4867960d0f.csv
12793;297af3a9e45c96abf0191b085d895dc60a30019e.csv
12794;0429e5b02e2579de8c97e5874a218a455d906780.csv
12795;7f778c1f145191aaeb28a0654b14fb3be68a0bca.csv
12796;d8f7b906ec0418b0f23cb53c443dc2c93063df7f.csv
12797;842b3fa26ca61e4998ff14bb91785165f882ae7d.csv
12798;58dd52551a4a67169ce218bb319698456a10efbc.csv
12799;fb5500040367952bc322ca428fec45a1ccf4ad16.csv
12800;3f278f89e4b5a324d1e5624eb7629d58e1d9b7ce.csv
12801;2f7714494685a13e4fdccbc5b9c51adb4ba516ed.csv
12802;a5011bf95be1296a5f621ab36871d9ea0358b5d0.csv
12803;2d0588fcec5bbfa72040db822c2b0c84860d6067.csv
12804;650cae3c285240bc19d3592b477e5138e27e74dd.csv
12805;fb312b448327c0b83635e5edea6e7dff24cf0790.csv
12806;62c5951acded6fd64ffe992245ed66cfa8a047c8.csv
12807;62dc12ce03cae962f93564a85f420272184a6712.csv
12808;37f0e62dfe88c82b15472e9c43ffc2d788bf6e83.csv
12809;0683242921e92c47d1cb4cc7c8eb64a2770d972e.csv
12810;7934bcea36435891c73ae07d1c163ab9c51994f4.csv
12811;bd4d9f021048a82ff662906bbfdeaf2948a905c8.csv
12812;f702ef30765ec7d53747c6bce2c4a812927fc2e6.csv
12813;d1501d93b454fa850a635ceed555f5266bc1db6a.csv
12814;653eee914debc68feaf5509fb450f33075cb1f36.csv
12815;11d75160da5281fe36b77cc22c187cdeaf6ea06e.csv
12816;009edb5bf522176b963718e040978c2588e3b4a9.csv
12817;6982e33bf8b6b24c148b8b0c6724a46ecc026e7a.csv
12818;80dc09241dcd1a352c550ef3d8635c87c5399d22.csv
12819;4e5faf6f41e0bef11386b33bf0babada0e0783f2.csv
12820;225102534f103300288d0a6e271b5d12c29720ff.csv
12821;dbd1fc34979b5df6cfd073279f6f9cafe9793fec.csv
12822;2c29ff48c88939e57b87ce996f8769b37b386122.csv
12823;d785df22b7e40dd293869c502877d0af4e5b1821.csv
12824;c64ab50a02b5062857c721133dd951f1f253ab22.csv
12825;d1f82c14ed87a510f3a4c34f18cee05846823a7e.csv
12826;811b889c1f33c6cd01e17b14fc24ee4c264c9b36.csv
12827;3e7204f7030a9956a95b58d84d283d85229cc117.csv
12828;30c2e94f92c614e1ce7f4fc14ab55b95a88624b5.csv
12829;fa62176343d9513bfef397694e41dba21712d300.csv
12830;e6016892312aa847c3fb3a6945823ce583944aaf.csv
12831;f19c52b0a6ded6d0c66c4049811963dd9cc7590e.csv
12832;3a7a21463e1f6619cf88237e8b3c5a18bba78017.csv
12833;97332a6b562615bbd7a88a6076a3bc1d7e3d47f3.csv
12834;f4b3e7d959dc2fbd6bf15fcc4f6ac39ce547654f.csv
12835;05835441ec99d4688f532f74e9610bae494d03ba.csv
12836;19953b0a844a606812f7ea58aaa9b5ec2643536d.csv
12837;16a812de72963ceda960a168236e8dbe91832d45.csv
12838;e4dbd77557eef75219bee3edaacd7edabd2308f2.csv
12839;85c351c1a3c81bb14076c075be4c774809370072.csv
12840;2864760723e8f634a8cae53a6fbf48b74089103f.csv
12841;45d747c81ca2c36c26e66349ff45abc6a43b612c.csv
12842;644bd897bcc12b1b63f04e615d170f88248fa281.csv
12843;6cf5095850e83d633002293144c1162712cf2644.csv
12844;873dfd49b31be5bab3a08dba485e736bb3f63c12.csv
12845;6d4c75d6c089ec27a4e019c0ea659ab27662d163.csv
12846;e25748c65fb3bd1bbdb71e1a074d2a6173e5081a.csv
12847;447cb8053232642904a8d62c8b5c6bef66859893.csv
12848;86c58960f3733a069909fe40cb2c20301e5f794b.csv
12849;253d52a717629685ceadeab5430aedaaaee99566.csv
12850;f86966a7baa2c0d213f2400ecf32ebd4e5ec74da.csv
12851;2e16161005776866dfb999bc0632a796a21e846d.csv
12852;0cbb22ef36a375f7abca0f173953ba162929b40e.csv
12853;2fc089d0d2778f2594733ca3f420e1c68a8ffc59.csv
12854;6e31c830eabf6464d907c6412cc9cf80ade871a1.csv
12855;ce189305e6c6f28599150a1532ef9c63e84a4610.csv
12856;37a821ac52bf8d88d62c481b9a7ea958da117ccc.csv
12857;9b7360885062fd6f9815c72a489b8eed8fb5c29b.csv
12858;20a38a054a302914d42eb2b228afb705702de803.csv
12859;f486ec42ef0446bd261f4436a0229de9712ffb51.csv
12860;c9064b5f43ac8a821197ff5a7240b5705939a14e.csv
12861;6af0a3821669f8450d8e8dad3e2e1d3750fb1aec.csv
12862;d2e5b9ed6a082542a3ac4b644178ee6d1e34aef0.csv
12863;8fd3ba7721d1cb4a514a1fed2d0ee9f4af936ab2.csv
12864;9ac6afce9aa49839d88321e48718aaf1fc0dad43.csv
12865;4eab72e2ad803a93190d2fdd95f4d0787ec11cb3.csv
12866;214e5e29936d2a2a2a81787b72f7d2522968ae10.csv
12867;37549cfc99a4dedfc3a395b7a8a3ea2ad37ec3d8.csv
12868;a94d1f207ac69e4c7f515a13e7dda1599aa9476e.csv
12869;13c7aa79a89d3c0c7a14c05125970ad9e56e1d3e.csv
12870;17d8a40e7543543028788f4ecc95ae560cd8bb1a.csv
12871;278ff8f971b982f908e4c6230fc4e6d4063b847c.csv
12872;de45c0fb4263dda95f48b9bb7fca75fcf89dd93e.csv
12873;1f9e68c3b98b3ea6a98fbdba8ddbaadd1b2eb018.csv
12874;c60ce434d44ab0940af94d5b01f6876662204f57.csv
12875;179eb234c90570eb6a4017bf4b644672ffed2744.csv
12876;f06ef04db2928aa8b627475a04a65d227ea97c1a.csv
12877;86c8667034fdfeabb52eccb968e5eaeaafb0bbce.csv
12878;9cc75dfad38021c422145fb2fcb2ea10155fc9a1.csv
12879;21a082a1d0cee4c07c5e98a09810a947da8f01ab.csv
12880;302533d94d1eb66e7ea86c3f7e4f107720ee05e4.csv
12881;392da93dc8981466a6e654e8668d790addd568bb.csv
12882;f0e3b4c1b91b2c741fe78f643644a2719f9b88e1.csv
12883;fadc39822e87cd5cafea86e56c173016a274d6cd.csv
12884;a47f6b009dd1bde67c0966c63ef637723c7b30e4.csv
12885;b2d336a1ad198a99d5ed6cdcbdef5282f4d4731b.csv
12886;50c344300f3d203cb38436a35df2e319dc62e2bd.csv
12887;11422cb56760cf9a480d3790c08e9a84f0a12954.csv
12888;53818ad666e21a5ee048cbed084d2239f31c7fb9.csv
12889;4e981f12b911299e88748a7b972ade85c842ea38.csv
12890;4cbbb127f80b34cd7b8ea8d6e7acde90caab2632.csv
12891;909b7a89053c834c12a9d4348e977e66c6116d42.csv
12892;3a6d2780f64c381b8974f67bb7bb9efaa8758a94.csv
12893;79e654b51758bd4e7699ee142fc8cf13e624c703.csv
12894;9e8262304611f5b7b7f884e99a7263dca360512b.csv
12895;8e8d4ba83aca7a20cd67f37e9028001b946fd19b.csv
12896;7ccfc3b4b4cb4c7966569d165a1b120698ed9b69.csv
12897;b9f90c37d0dca4e2f389333472a5dff18a39f64f.csv
12898;a67712c8a7565893fd5fd1b1fdf91d8c96fa3c72.csv
12899;119d76e13a16297a7a15446e2d75fe72c9153230.csv
12900;0294200a5abba339a3b387a1e50583f0576db675.csv
12901;29479d9949691c8416e978c3e4dc8e68fece5cc7.csv
12902;969a004955da2d2aca700f5c4303d8d89a039dc5.csv
12903;3429fc8d234966efe5bdd556a9cc2bfd0f7ee5e9.csv
12904;f8f0749a0fc2aa3ecf6b92696187ba04ba6d9e00.csv
12905;96a003ce340befe48f525e5eb98b07a23fd6bbba.csv
12906;d9684de2d9f394c567ef850f4af0996cca6c148e.csv
12907;3d20fdfd91a16c03c5c89ac0768da5eb651af795.csv
12908;41cbc4bd8b333f0225d4050b8f012a650681314a.csv
12909;b152d34ef49084fab76230427c4cc77bf5d0f3ec.csv
12910;f0414784a9907ccab7a6fd5df99ab5a03813c5ef.csv
12911;d91c5703bdb4cb4bc26d5c8d50731166fcb1808a.csv
12912;fb6488d06b85ede0249a22d9ef7cb85efe224d7d.csv
12913;1723a551b31829262e5c40142e784437b5e3c2d7.csv
12914;1219f662479a1d80da9a729b7de45f08d0e1dff2.csv
12915;89620ddb24f8095fc9af260728a871f995d40d26.csv
12916;5fe10390da2a8a879fc81fd8efac0b8ffaef10d1.csv
12917;bbb727ab78e299a712b0be35b84f6448fc9fea8f.csv
12918;bc630a99d9a84a64db6354063a745cd4901e84cc.csv
12919;8af7d1a7c7744f3ead4f7989ef2529f75d37c16d.csv
12920;7450f11f3687405152ad83ddd74ee1088d997342.csv
12921;a7d1aa453c98881cc2669c24d623ae1365c22191.csv
12922;9abd2c4d8671f03373afc9f31cfd6ffbb3b4a639.csv
12923;3fca51f23b8644f3bd048d2c35db1ed815615e16.csv
12924;eb6b46eb5164f5673399db2a3a5ee143f7224557.csv
12925;6a9ef100908ba7ae243e76a17806b56590cf30a8.csv
12926;3f23a41600687f938f366f4bc8a46209323fb6d5.csv
12927;0316873255a78996278e857d9457e8ae19ea3f52.csv
12928;6f3c633b7fd7f6d02ed987224eb8001b9e740919.csv
12929;881bb13e961f96f6d3ba6e0cd749126d56245bb8.csv
12930;eac77cf93387fc5c58daa8f6b99ba59a772de504.csv
12931;f5f5e6dfb1b1527df54f4c679533ca532183c5b9.csv
12932;cf98243a8c7eb0a50f3b8487f8b47149b42987ba.csv
12933;c172240f910cfb6cd7fecab4011419a97ced4b22.csv
12934;f4def47748e7905a32c306ed2070e42cd5f43fd7.csv
12935;91928facf53b5a9b8dea0f42a2ff0767dd2b94d0.csv
12936;32c5ef8b7dec84c82032c2f11378fa73909c662b.csv
12937;8a683405893509ef36d931d094069f27f5e2574f.csv
12938;7f3ca4133a2788e02072b7c38d2fd7dca26b7458.csv
12939;8167b94a7c3592a7ec805a977913bd34abb9e199.csv
12940;294e1ee067930300eb76784ca401d8d1f170f65d.csv
12941;866751c51397d3b80b2b7f1735947c8c5096da2f.csv
12942;b50faef8bca17f78084570b6e25d89ca7eb9432b.csv
12943;e43d245c7d3ba08e72a86055740bc75c2a9b8310.csv
12944;d91ecc509a03ed2e7003d273e7650d1f66a6027f.csv
12945;49daf278f5a58c4d7381c543420a623c7870333a.csv
12946;080811568194d661e9f8563f629db32dc9335948.csv
12947;5548387b6b74a04cd5304c4c2d0f6cc22cdbe563.csv
12948;6d3c43c36a9e8f1dbb225c0488ac5b65164663c6.csv
12949;eb4203abd50b8bd4bd98473c891f11e88e763b7e.csv
12950;95ded90bc6e7d56e802ec9cd49202ccfb4352f99.csv
12951;41710a32bb361e141dd6078e1c5ece37b8032fbe.csv
12952;f39f4373a486587aaa540db5f18223e3db3780b8.csv
12953;12dc36438690834b4d03021b36bdd15e4d328e68.csv
12954;c51dce8f6c42c850e7fc1665e885298819731fe6.csv
12955;30b575b5a0ee0c129c3d84bc8540dd505a502e6e.csv
12956;1223b1bb616db966ac6fe0d0b9bcdb43855280b5.csv
12957;bbdd43b3ae1236960f06141765d38ee7e9582d5e.csv
12958;b9d23fa70dccca8c427009474d69e8e8e8f72f05.csv
12959;102d97d552e9a486b480535b016b8e4ecedb296d.csv
12960;8398a58122af240a367fa4af583ff4adea08ede8.csv
12961;90a811f37d9971c7eaee26e105085c283808fdb6.csv
12962;a8cce1f21afd332ae0f5033fce62e0487e981d46.csv
12963;b37df75e45ecce058039b98200bfb63e698cc5c7.csv
12964;917f664cddf8f82b6981fca23210ce68f7aad01d.csv
12965;de6d9a0d9734988389599ea7731f23ee8b3a23ed.csv
12966;53e84f7ef1067bc108064e2ef22b6cfb216a1784.csv
12967;122c236372b6bdda501c528e846485a0feefb2b1.csv
12968;09519fe1034b24c7561b5487eea72fc0fa45e0a1.csv
12969;c1e85d509f3bff08cd5be67ee5e83dcef864adef.csv
12970;e639c830c740638019d0095ba3815ba2bfd85708.csv
12971;738e1b0f7762166beac9bc707ad5b879b22a998b.csv
12972;8bf22987fb336f3dbe1e96cd1b8e3b7ab25767f6.csv
12973;186b150a01f7f4f9c871d8a43d686f4cf5cda8c5.csv
12974;fdcf8309d26eae0e94846942fc347babc5365514.csv
12975;5a2855d957080dc48cf423370fc2816492ecce2b.csv
12976;dd2c8dfeb13971b9878c79641d699c399090c748.csv
12977;26f876b0e407cc3a54b59ff2b61180e5bf6e92a8.csv
12978;6e4625be240af37dcc67258a4acba37c5b676e58.csv
12979;5411f11bad3be63f36da71eeb6e16b09140ce199.csv
12980;6ad853b1b6948020c1bc56924c693ee60e7ffa86.csv
12981;317b949e0ddb327c0fca5861c69cc330bd8615c1.csv
12982;32196df29ba861cd269df4bf7aefec44d5d5d6f6.csv
12983;ddd6f2f3befe7f5cbd015fef0cd587fd4d78b82e.csv
12984;3072a7f16500e513ede5705cc6b6560218105aaa.csv
12985;8fadd31012966378efe96c3fa575a743bfbb9050.csv
12986;45dbbfd585b275d497552cf6a2f73e05f2b935f0.csv
12987;99102e66d6e135ba5284cdbe98e6404802d62390.csv
12988;fbbb65c8d6395caa255acd2de39bbe63cfa29547.csv
12989;7dd71304d52ae9cf97d31755e9641fafa6d7e86c.csv
12990;f7ff62013c879bbcaca24b52d09d15b0aa70839b.csv
12991;214b352046b307dd282d8fd3703ac6c243b09978.csv
12992;71277680a7f5e57f98727d62a3e08e1226717f6f.csv
12993;1889272dc9329bd020babe04f6bf99a5e34d6404.csv
12994;02f3f0d60b677d3821f59707eaa0042f3dc395d5.csv
12995;ad2e3ed0f9808a4328254f16461c9f82bde76294.csv
12996;2beebd9c0a9e70f69f4f918308e171dda754de86.csv
12997;92fd1816e380b12f3759efc6c34e434e403f3225.csv
12998;deaae6a471ea1ea1d2a3fe2933efeefb096a9cca.csv
12999;2e812b0622cb565973cc2af21014399318d50920.csv
13000;5508325d8f0260f91e96bdab465a1958a9088c75.csv
13001;65c55e30c0d11eee92a29ccc2fd10ef3427b5ee6.csv
13002;69ad5dfa7eb8ada52f203b2130a89ecf2ec5c6fa.csv
13003;19e9f6a8e0880d10527cc9d1fd75aa64793ee0c6.csv
13004;48902331256241d5af8de31f978a346d6840d053.csv
13005;9d7348f7405dd74ba2d541316962ae14c17d7a9f.csv
13006;742457370d1fd40e80e465678c29430b9408448d.csv
13007;7be58d4d9c9fb88069d49240011346edb42a2ec6.csv
13008;2fbc5dec2735cbab735331fd3fdb8bc7e4885fd9.csv
13009;aa2955f99f662162ffd0eac542ce96e8e74f5d64.csv
13010;92ddf91836b0c96f4b2f36b037e6734541eee711.csv
13011;0bc076b51ce1f622bd646c83bc2f0c94e64b8e08.csv
13012;5fa4a9f0afa22a21a215fb0129bd6c99b10ebc84.csv
13013;1aefc0fc267a06df934844f36fd96f17c0007174.csv
13014;b12cbf4c67bd191bd4ff88db98e494f2500a4f8b.csv
13015;cd152402ada77412fcfc8b69bd60b5da0409c045.csv
13016;c54f00f84ef98245150b3f327fd1b083a5390007.csv
13017;e5ad25c31b95198c3994a9bf4c7268cfc066c7b6.csv
13018;8c38c0f02fa4ee9f3d38eae96aefcb59f64bc3f1.csv
13019;5acac0ee98cf312fdbccb32452ff1af4c1da87cb.csv
13020;49cc1908e7527a90bfb01d2f05bf16cb9a57a12f.csv
13021;438196a701aca56de90c7c319f012a675df8ad29.csv
13022;b66b7144b68674c9f2a22d7ba6bd60826adde0a1.csv
13023;8a7e52bd7fe2bd2db85f83a9c36530399f08d7a0.csv
13024;38c5c8079953941c08600971dea4058ccb4a728c.csv
13025;1ead16c6a7d5fc1453ce24cae8b62e32e085d17a.csv
13026;68042c59c07c77497b17617a25a270f4e86ee4a7.csv
13027;b5dd490554eb1b2de8b8e30dade1115d09fa3657.csv
13028;85ff7b12ac11ec9e515a40229f76f1fa9cdc6fed.csv
13029;ec9e8df5e5e837517a79e8423114209104d1f05f.csv
13030;aaafe905212336b0c77ec8994e697075cb27d097.csv
13031;5c7785d3008fad72b9767062746d962077bc28a0.csv
13032;f9a57bac5e3280f475b1e3ba90c7a5610e917aef.csv
13033;0938dd5e081c40336508df612842413be32271da.csv
13034;e8358e565d8967826c11dfbb280091de12d4a3bb.csv
13035;5abde4f8272e54a46e3eeb1554fde8e97a80c25b.csv
13036;0d52df2dcb5f1a5fefbf1d48f9666326e42f3457.csv
13037;fc540f1ee75983f73b12c5f0c309bdd225b431cb.csv
13038;1d5d9a7335c8baa0e7cfa2acb1319c51d39c4979.csv
13039;a32241b9a8ca9775a926d44d3f19b443366f0ef6.csv
13040;548d09edda1f009a8596e58b9486d7dbf57631b4.csv
13041;bfc3342db95f321473f6e5613b911648cc850393.csv
13042;c6f334ca4f0a0d66bdf07cd01cb2059432446147.csv
13043;7c42947c501aafb02c809685dc975a791b2db04d.csv
13044;30301bcd3567e19053512074c2448762cc032e1f.csv
13045;40cb5c59a542a567281570712ea6827541698f49.csv
13046;45d99cedfe05f8ead1ed59c03df421307214cd74.csv
13047;35fa7031ee03c8c260fcc9c31a6475c6ba7e183a.csv
13048;e2d865a90480c8f2c0c2e123a57f037c005f811a.csv
13049;b2ab73219a4841c46499f8e34412cf1200b3e184.csv
13050;ab343259d4d09f7bc3e154063755e18d3ffed609.csv
13051;af6a7b964378fc0c59be5a7759a95b99a9b028c2.csv
13052;491de5948b2b58ded0ed7b6f1c1a0adf761997ef.csv
13053;e69e9feec15ab14384eadf97b16e05389ec1e297.csv
13054;b1f59bdfada5dfed801691b8499168baf8b5c67f.csv
13055;e10c05cdd3bd27b4927d801762c98cb1b42bd025.csv
13056;be9d00f1266fc40364ed5f795c64633b33822fe1.csv
13057;0b8febc6ffd9da18919ed27df1a113052544f74c.csv
13058;8096bae3518fb63abe72736924b3c9c1996af7f9.csv
13059;3b5290a5bd5c9ac633320eed77f1a7929d72b749.csv
13060;3cc18cfd618c79283729497e6ecc07cc1a094da7.csv
13061;3fb22e2c12483b770f516c8cae9ae37fbbba6a8a.csv
13062;32b6506bf87164a4988d07756b69217ddd19ca8e.csv
13063;42d5ece2affbe08915b4816282bf613d90345049.csv
13064;306747722913f2905a1d4b9e446815d1574acf9a.csv
13065;58ed24ffb06bd86deebcf31ccf9bc5984b3d8703.csv
13066;111ba6d31a5d2d2f1900debcf8da72a49f2e34ec.csv
13067;187715659fabf544cde35951a3933a039db333f3.csv
13068;e170e05180b033dacdad6cc5568bd2e0c4981499.csv
13069;dba2a2faaecf818e36becf94bf6e329577bac3f8.csv
13070;93cd55a6eefe6d617f4e2eed949ac7d112d1846f.csv
13071;1af17aeb813c36af4a0bc30d80cb98bd1421e42f.csv
13072;e6e70f48a73b39d5920b787248219f102b11eb13.csv
13073;ed339c510d8ee43a74875f36bca0d3a1dc86de20.csv
13074;73b09458f180f11b782304353cffbb3c40479541.csv
13075;d5b9af582e34ae2868f436ef8fcfc1318f7c2da2.csv
13076;304429ee55561e2531da3efdc3594a1cd3b53dbb.csv
13077;de5c4ed3624f0d89223e31f5a1f42162825f8c38.csv
13078;5c9372cbcf5acd3ce0e9ba3c3aa9e6a75bf9ed5a.csv
13079;7f1913728339a0d9cf8d441d127dde918c244e3f.csv
13080;2cd6423e41f0a2038315c47d4f629eae3851031d.csv
13081;9046421797506dc01f98e2963b08e5598dff487f.csv
13082;6e0a9b451aaf21661cf05f2c6f01cda9c8585de3.csv
13083;75fda70dc20f1d7d650647a03e231110c75a9a06.csv
13084;0843b669142963c77ba252334d8bba1d78abbc12.csv
13085;cdda9c0bfad12ad49eb698397cf143293dedb395.csv
13086;96454b22b4c649398a3d7763603fec0faa9beb4f.csv
13087;609d555d3839e24c28354da80d7a8581b7a545f1.csv
13088;dd3e2221437d08a95671de3a5408daa3cb38ad21.csv
13089;ab669517f833479b4c03989e763e7eb75e668e92.csv
13090;4f2ab6f086bf80a03f2647a7b036b35110b639e3.csv
13091;b4670d1961a9652df5363d430e76eb4b9f729b6b.csv
13092;2f6ff7d1a5eea48cf17479882b42858d9527472c.csv
13093;214ec26592d9c8952202c61f126cd852dd669bc7.csv
13094;6b72cf69eb0577766ee2a34c2e2417fa9d857dcb.csv
13095;ff766484e50701bbb36ed45d3a4464d817a471ff.csv
13096;1d78bd172c26e4165e8eeb7f3f49c007b7851f57.csv
13097;9afe09fafbd0ca05d8d69974a27651103f7d2fc1.csv
13098;624b3d9ed15eacccbc61af790d0cd89f094cf2c5.csv
13099;23e73664ec4374d13d3a5243006bec6f30f5cda4.csv
13100;24ce4c59e7357e655bb893f951e05f25a936d849.csv
13101;526922ed72fc135d77d546ebee9e38f414f12ba4.csv
13102;ef3ef64bf21c28672f5b140121939a336e0fc4b3.csv
13103;4ea667c4692fc3ab92954aad94b87da1b1f573ca.csv
13104;fd475ddc3ccb71cccd12f9d04991df38decd3c36.csv
13105;db2c25c419aa462fdcccc0feeff302e84062b5b2.csv
13106;e15d1bc9596d15db2e94ee46b914c237197080ba.csv
13107;866a7c1104e852ef5c06108cf6b9aa3334edc327.csv
13108;07849c55a82b791e3dc2722f6d1329bdf84532ad.csv
13109;0c436b9ce54364bff1bf25793dc3ef088c3b1801.csv
13110;bfb8e542d958bfc3f931f658c852bab67c6fdfdc.csv
13111;d2fd1d96630d1c100b7521a178e4fca9e340fad8.csv
13112;e35b885545d471d97431ed31c54f2edd8d4b787d.csv
13113;996a9e34b0efb4ed163bd0ba8eb92f16e642ca62.csv
13114;b4cd314e41d9be53117700de3b2921766f056e3d.csv
13115;69b202d3a6d64b7ddbbb64c37fe87c176625960b.csv
13116;2dc8bfca1a97eeaac8f3cad9dd3aa5779fc6336a.csv
13117;9d31c6d8c0aa29eee2fc6c4bddcb8db6fd050d1f.csv
13118;9879c2b89f8bc052983abe42d39ce778051009ad.csv
13119;043ba8762d8429db88a10d5358ca09cf08976496.csv
13120;8dd80decc76e9a61222130ba361066628f5e06eb.csv
13121;924b5135fe7bb3a53df928567636ccc12b170350.csv
13122;31105078a2953217223699d09c6a80d0f5edfdf6.csv
13123;d537b0af5b3a7356571e8dd158182cb0b7a12581.csv
13124;e67124fe8f187a99ef873140524fefc50796eccc.csv
13125;218a68ea55d8d8c16639de836973a827eef92aca.csv
13126;edd5cb8333c96ff3e005d232c9d52c9ee172dcb6.csv
13127;b662007562000abffc1438cced3ecfac780de171.csv
13128;6ca32d17a439a70ea3cce23ad878dec54db73320.csv
13129;243f4143911cc891dddf45c82235dce18bdf775d.csv
13130;fd5ec0d0abf8e987b847aad629795e6311c41c77.csv
13131;7efb54023782ec34318ba9acf95660567ae59d37.csv
13132;7554d884422d1c5ce369501e88a05d24ff835904.csv
13133;d17fecc6f251bb7061c7c47ec9415942ec2aed37.csv
13134;3e9a5bd7080e9c6bf48e9509b241fd7b1262381f.csv
13135;5a12580b2bac5e9cca0cd518bb087d3950396891.csv
13136;6744e52f8e919a6b612246861354d31f6bec6eed.csv
13137;4a7a27dc78eb52b257112b2363cb67ab359ed681.csv
13138;8f4166dd00eb13bdf6c24ab357591b4af3d6ce9a.csv
13139;a17dd0368f19fb4a3b8d96793f5d92b48e3b371e.csv
13140;1ed1e516d771a389267a3f112d3c92a3a58f7cea.csv
13141;28d792b94b7a02294ff7c3171dcc9c9165337083.csv
13142;f2ab84ee8579a20987a9103acd0bd44187522ddc.csv
13143;025694dc05686319c2b00e46947ef8d00d4ac769.csv
13144;c213892ddf22cacea79afb6a6ca119b3d4a6daf3.csv
13145;cb376e295f1eea19a3946187ab2ccceb7f249116.csv
13146;e7bf13bb12ed6972c8775a476d27b516ce20cf48.csv
13147;75f4a5dd419292368c22ea83133201ab5b4551ab.csv
13148;07d476ae14a47113bd5560a16acc6a5fb61dc791.csv
13149;27ddd6d9c7daa2f387a91e0b4dd61d0d0ae4645f.csv
13150;fc1b3d0d90b3b894d0ca5e2b219b8b44774001db.csv
13151;544b96795edf7213de144835adba70e430afe2c0.csv
13152;7fbcb872f0cbabf15f75d861c899ed7444a54ff6.csv
13153;1dbdb89edb0d40d542d73c57024777330ed16f55.csv
13154;da59c7ef76390e0e97e6e57f5ff689152b14f6a2.csv
13155;ff8610a4d772b4ec5497589889f8c8bf8179dd7b.csv
13156;77eb2dc4442518f5757a339ddea166750afeafd1.csv
13157;db70edfb7b8a15860bbd8e8f73942f404933798b.csv
13158;2deccc34cedd94d95df4ae9e19ec026105e9abda.csv
13159;5ec597fac768d34f7c66553b0d568a5c6f3e2aa0.csv
13160;581d2b4bbf5a740c8a39f3c48d7cef03fd75a3b6.csv
13161;99e63a644c29960da637bec6ecb8bbfc78a98041.csv
13162;74d11583251ebe5e9e139b0bd881244fa1c5965f.csv
13163;b1e761f467380a4cacfd08afdb20dba34ef9633a.csv
13164;f8b535d9845879e53576bcce4307f5efc788574d.csv
13165;25a978f1b7808ccd9198132f2466e6386a3957c4.csv
13166;8873e6837d1882c21c87b9940b3df35d238d92a9.csv
13167;635081d60f796987fe270bf1b5c7e3f3751c7e36.csv
13168;4b167feec5ee5a8c8b2fc8efe9799e316a6b865b.csv
13169;7ae764cd3677f8144d0b9355498acfad50bc9c39.csv
13170;4d07dcb6257a247db78fa5d677965d8a19b3f49d.csv
13171;25a36347480370d475998d452fcbe08e6551f448.csv
13172;3785f8f233ca7e4df8b610afcc4ccb2b7289139f.csv
13173;d3286f3332c99b4459a23b555d5eb26cb3e96074.csv
13174;fb38a06c25822674160df4ab649994f2d34cc69b.csv
13175;3ebf58978acf7f2ad80813af0943926f20766c15.csv
13176;57fd1211784d9f2fdd81df1fee36ef19449b1bd2.csv
13177;6a673fac48e0de4045a56a0300cb721e6cc26ae2.csv
13178;e07ae6494f2d92e19fbd1dd4783d02ed34d2cdef.csv
13179;5157e01482baca0039770cf2600b9d4357634f5a.csv
13180;e1a1c64711b3be526f7662305d0c0e3d0aa1f7f8.csv
13181;5c9941fcae77234d0c0718e47d84399520aaec81.csv
13182;b5d65ff23de3ee217535620b1f66ddd268d94f20.csv
13183;66884a6444920807044ca24edca66dd11d291e58.csv
13184;0a1c4afd32c0f17830c8e7f8d5ff543aa1b63a6e.csv
13185;1b8c987063b3e4b0f622f7fc132d5df447982ee9.csv
13186;f721c80f04f85d8d1c8fa9b40f1b391b5e640ff7.csv
13187;f37c46921622126356850dcf3b0fb221b288abd9.csv
13188;960b822a06b4b620367ff9a139cdc8af3fda45e3.csv
13189;1c1b57dd4b400a793bf87e19fe4e4d631f2385e2.csv
13190;88b5c94473256dc08e78e5344fd415773224045a.csv
13191;fd39a6a4d16929b9c16459eb27289c6c196766a0.csv
13192;8bb248d889532109abefb0f5e84b5df76cfc06e7.csv
13193;b6180ee8f2cce5a6435a09892f430a59defd096e.csv
13194;ec10ff5f29f51a24b59105e8784612b65bc622c5.csv
13195;3effa12910c66435787343ba74688b08b5450c8e.csv
13196;3a2ff3a86c4b06fb35f0422034ce8c65f7ca0bd3.csv
13197;c9f7ecf7f56d74d5dff7e79ad6aa82bf02b9b8e5.csv
13198;2f86299de1f6e42c7ff9c7a34d21a56671dee035.csv
13199;e1e7202cfe61e551e72f3dce22adb1836f3935f1.csv
13200;e34ac8a1ed4f4e69d2ded70d35a0ab555abf9101.csv
13201;ce20967db3da8871c330e084bf2c58a412a9feb1.csv
13202;9b2209190acc4d0c8adf1893681612471fb0aa5b.csv
13203;01871bea25a8ec1f2fc4cea4964f86eb6378f321.csv
13204;da31726ad557c2569a8d786068ba343890831ce0.csv
13205;90f0782ba59a0051c0fa568cb23e8eec2e5f0e6c.csv
13206;6fcc87c00abcba3e8ce8eb22192d8fd08294ff55.csv
13207;18f46b0ba6222533a4738543fbb8f863831140e2.csv
13208;6a82b978c681e12ef70c244a509c702635bbc77c.csv
13209;885a47c1cda6c1af1c97a656707ee20eb70d6918.csv
13210;9df6e8767d0e5bf89c33f35ce87b3e3890073a4b.csv
13211;9d7171c5fcefe70f33f8d20df7940be000c86e29.csv
13212;9468bdfe3c8bc10f04450b8afff174f64ed36005.csv
13213;af7c5c5c0f16154b288de5a15b6aae70562c3cfb.csv
13214;40b271768b2444fab4c42ce4866dc88215ac43c9.csv
13215;adb095bcd337e229d01af00cd53461b4b57b786b.csv
13216;5ff71dfaa81b4bd709454cdddf399b8a76d5eb41.csv
13217;1f891271ee7b33dcaf2480905fbe3a836912ac05.csv
13218;c2a81871df4aa61b6d9eed11715b1e433b88617f.csv
13219;2c01b65a4468d43dad054457c80d05d5a2715ac6.csv
13220;b2ff2bd97b524d2afa22221e568df4fa865cc9a9.csv
13221;3f78a6fa7d8e731fe72c25d105133e0ad126da7d.csv
13222;c6f251b9bf9fc4d89c3f16ae0d62829a18b1b95e.csv
13223;70d6b5ab004ee880df76a4a88940945d16225155.csv
13224;8871c3e2e979a124705554c0b955fcd49646d315.csv
13225;23a54086dd25b8152833b28fe8ab19126409f8ec.csv
13226;3b1dd055c5f8739808395f47812b76631cc5ba99.csv
13227;2213f50ac2ce006b10dc348108929ebcb729f968.csv
13228;b1afea22f6b06be09e29b3e5bddc3cc2f7897957.csv
13229;5e56e8c735798879c74aa7edccae62999544473a.csv
13230;8dbaa4e3335c02bc77a8b2e729bbaa88a1768c97.csv
13231;23288b8c9fa1e91b2617ec589fdaf1902463ff3e.csv
13232;d3f172114638130e814f81f946359556da900e0c.csv
13233;a0487d450b2dbcd7d927b50051dea3839e280572.csv
13234;8a053f198fb64d85a11dd285c4049bf531766afe.csv
13235;50e5f8680e9d0058a39887371777149329631605.csv
13236;4c7759f1da349496e9308d9f4f0d4e071a23c19f.csv
13237;1f632ea67ea1ad9fc6cbe2dd0574d44ecaa734f0.csv
13238;07fd116ba93b047c2fa985951b5caa71d1caa189.csv
13239;136abfc10a648c6faea4774da3e3c439f1245572.csv
13240;8d23e992a7141b62efd9b82c9b2063ee53604028.csv
13241;0f516fe6d31d1ded664abfc097ab8c00f7c6f60f.csv
13242;dd99f94a203d0769003a64c678ae81a5945e2c62.csv
13243;f6132f21969be4e266f50564a5b8918d028a0ba9.csv
13244;c4b7fefa3572eae1e9d70bbd034c8fe6361ae3db.csv
13245;1e3e95ef2d4e1941aaa4a5b8e139d7869b0eda32.csv
13246;c14160d7c97c5cf7b4d0bee2a31da3d838e5cb4d.csv
13247;a727b4a6c7ef9a2df2a9fb909eadfc09ed11c8fa.csv
13248;73afef161640be5bcfb3b546ca09e67e182bc8ca.csv
13249;c7bf87b8e8d561989146f71adc8fd98f29bdfb83.csv
13250;82743d04bde1782ef1ed5c33d9d6a5a317ccb02d.csv
13251;00c8546ba285b32184e67eec618d4f4caadcfe17.csv
13252;b18e762e57f825d2d3ea2720fc43eae78df7fd17.csv
13253;635cdc43f8eb2e49bc80f4d5eb406a4c6d7ce23e.csv
13254;1971eaa26ca2a0c50b8c1ed62cfb6fb9107cf498.csv
13255;9d4cf9d11acd79c8f3830b7c246f82b030c46c45.csv
13256;7a01407239f7de3dd1eca5bb14fa1d35db755b81.csv
13257;e3bcb07631afa12bc098d945bb31db52e8469455.csv
13258;f2e4b33170bf9e9756624b72da25e40e6a6221b7.csv
13259;5f30dbf749b0f321691d1371e7ac0abb18934bad.csv
13260;4ef655420828ee762bc6ab38aeda5c955dd63a8e.csv
13261;2fe3a212a53cc099f03cadb0af66e1e9c30e4a28.csv
13262;388280d5ebdb61d0a58fc34497aa361161f7c651.csv
13263;bcb60cc81e40fb0c0a2dbced118a5b6d81569849.csv
13264;daff6ac7ece180dfb53e12fbaf8a1902f1a31d83.csv
13265;489dc3cd19a841baa870518a82cc93697e804a30.csv
13266;059888ef32e95ce26897ab8e161d7737cf38f8c0.csv
13267;f3c3499dcca64a2db2b958191b3be920f34c1798.csv
13268;f33fb11e35a0886992ad95c6ecd50e1f9cb2a583.csv
13269;6e771d40d5f81b24dbf7ca95bd6f86538790f9ae.csv
13270;d12c0703f330a7d558e9ae959a3d188e65eb43b0.csv
13271;8ebb2ad3a69e23ce739743bbfce5a1aac618e1c5.csv
13272;abb20089fe55f2cb3c95114cbe9cd6c6cc9e087f.csv
13273;ab7ee81f751432c3a3ab23955351170999faa6c9.csv
13274;f64c696bbce531f417a9cd1657ce77bdd6ab38c2.csv
13275;e627b90fe006cb4716f9aa5a9fb6e1f4f3b070ab.csv
13276;409afd873a958f618e5623297e723f5a857c17dc.csv
13277;706b1c8434300a1a41f466587aeba907a8138a17.csv
13278;8e58d0807ea39dde84131d368b72d79b65f21068.csv
13279;349a35085e87e04c88c239aca5af7d33804411b6.csv
13280;6c0af48af20e5f4589fe2a66e8b87ff1b416f3dd.csv
13281;ed676cd8b2d26a774b616dc9b371349866f7cc89.csv
13282;b5d531b6a10f9b08277019d1d953134ddb4394e8.csv
13283;233c83e596177422834a16dd8ea780373b5ec5fd.csv
13284;51d4a11f19e49f08f97d11ab7b22ac934db1da74.csv
13285;0b71c286d446269acaefbfa63e64125241ed3efb.csv
13286;a6d64a5408d293ad9db6f1516591722ee9527e77.csv
13287;3088a520b3c2da5f24ef6971eb86dc5f9bf0e027.csv
13288;85f979ed734d6dbe92bb85cf54ff70c8cef5ee3c.csv
13289;f0d2dc18c4737a62d2de12b56d4dba143d21344a.csv
13290;233699c0de054188ceb502caa5f08640bf75c619.csv
13291;9133be39193fb75d44da81700f9d110f3e160e1f.csv
13292;23413158886489be56406f29be9a918e777928c2.csv
13293;8b0dc9983d3905e515b2feb7ded520dcc7a4057d.csv
13294;7b37f20a57311b68e0d2f6d509745056ef6093c7.csv
13295;a277ed49060b859d4aeee6ba0ce7043059063fbc.csv
13296;486c78271899877a7d310b525330971ecec0db65.csv
13297;885f5ab99279c96c5a07bad30081daacfd25a372.csv
13298;59460262f55dacd35b92c92de3c811f18b32ca7c.csv
13299;ea63b35ed120517fe86fc17fd75df8b73a0448fa.csv
13300;c42205eb60bf526b7cb9e0928b4749eb7c88956b.csv
13301;2ff6546532dce5db563cbdbf3ea6f3a95d81a2b8.csv
13302;dc2ced9b90468f7e19cec6477214f2d8229c825b.csv
13303;bf50d4bbeba13505750b22d0c0c1f46c6834ed77.csv
13304;e688519b62560c69a825a34e9e98db469627d77c.csv
13305;bf5c9b9133105871316b57136a6d2926303d3ebe.csv
13306;25ca8f86f6a8d83dedc9b672aa6680543d292fcc.csv
13307;6473bd0c7349eaa79dcca35efd6144f0f6ca77bc.csv
13308;d9c4c049c23e0178cae716432eb6a249bec6c8f7.csv
13309;5df7afb38452fc967d4d260fb5aa47326500756a.csv
13310;cc019ac66fb5a8a1bd71a7e98a0488b75d6d590d.csv
13311;e80062e30cc1372df72091af45112a8047258c8d.csv
13312;a0921fcdb350fac7b8b601770629677c86a53036.csv
13313;0bb97577b1f4c0a5f456ac10d593b4c46f285e9c.csv
13314;4ec62bec0f386755821ccda97c2f3635de6f0b48.csv
13315;80210c849b491a3c4367f3e75a792b721663d183.csv
13316;72c4ab862317adca67541d8f2229b7e26485f484.csv
13317;1951cbe2ddd496f0b785a8c3edde16cb9bd6a206.csv
13318;323224516c54360774946c8597b50bd54a4d9e0d.csv
13319;7084dcfb81d40460f7ea05abe01a04285a45b095.csv
13320;2615a358ae189a9a390c553b3f1f8e8e03401405.csv
13321;32156051a995fe12c19e2f60c851ae3a5ff5b708.csv
13322;1a1f37a66af97173614a79e180662578c59c56f5.csv
13323;6939348451319caef5c642925739778b12a41d52.csv
13324;e462bb228009b4abfd91c6812450905609e62c49.csv
13325;b839da3e5cf7da289173801ce037f18d257e1a67.csv
13326;578a5c8cc0843c1c4aedfef6e0adaf56a8fd16e0.csv
13327;94af6768b72fcbad1a5d2ff7e43b36a9c8f3af6d.csv
13328;28afef5f112cad7de0deafcb801fbb2dc1645ccf.csv
13329;9876f807f62e33640fbc9d4e184374788c7abfe0.csv
13330;4f704c5b425905a6a1d4f37cd2663c01c3b82048.csv
13331;1f2bc41c3b85d1327446c145183676230eb8c578.csv
13332;db559547fcb1764632f2fd9b4c3e7da9025d0c59.csv
13333;5b775e63051b1d160f67b9734aa57f1b56df5e5d.csv
13334;6341c582ec98c886d4b5f76ef4ac402f066a54f1.csv
13335;96dfb2b56f0dc5b5a226ba7218a665771de93a71.csv
13336;d18fd73d5db7fbaac35b97881066c7dbb6692952.csv
13337;ea18acec3891c45a85e5b02210b1091d7cf87c81.csv
13338;64e0b4a2666beba376e0d01a525bdd71a85cb167.csv
13339;763d57ee4f31663cef2f9000f26f834e2b123856.csv
13340;e74fe4b931d1d5d09f1386b6441f7c5610916d3a.csv
13341;ca2cd5d8b0aea69a1474cd370f3ced9aaa189c2c.csv
13342;3bd5e582f0bad1859d9f86168684194221a93c50.csv
13343;98ea689e6219fa41ff9371a8d92955fa63c1e8f1.csv
13344;5d1d1c08fdd38bb6ceddf7afe34f4f96d41ee669.csv
13345;56e960feeb64c50c3153251668f26b3b33d4ded2.csv
13346;7cabc643ca55962c0405940a02f5482016cef150.csv
13347;8e0bbc24681cb5e39cd479d4d37262f8e86f78e3.csv
13348;7b52aed74694fb03cd4041b68d33d2a47e07c367.csv
13349;c4e317ea69d445f560153e21ce5adad872131bc2.csv
13350;29e6ba418134ad55adc6f2ecdd096618530d2fd0.csv
13351;2ce601628e4bbaff4184c4a16f088084b3421cda.csv
13352;63de8be24ee8ea2923b3441972801372ea165f70.csv
13353;c71194d86904702bcd4952be0f977fb3b6b902c4.csv
13354;14215fd5860f7d1bf2d1cacef183608898d279e3.csv
13355;57e6620ed5a7142981da23d408a094c2e01bed35.csv
13356;306e80d6a8f3885d871f6b16cdce1bd19f9a70c2.csv
13357;99fd1874f650ed02b6a9bdcaf476eedab5fc203d.csv
13358;771dbba1cc4639cab57be8ce6bbcb927c9bfb7f9.csv
13359;3703093f16e819c54aba603f7d7062d8a23c0d0c.csv
13360;bfd907baa12b5346fa841c3ff06775d5e307a0ac.csv
13361;f9e616cc9463864c818f7670b48e085678ce6538.csv
13362;edf36aa9445285c72e5ef4fbcbc2e8dda92afdea.csv
13363;605368f83e2636343ecc9e11c721c0aa8d3ea94c.csv
13364;41a2fae396348b8b2054a9e459861c56ee440d50.csv
13365;dffdaf209eb2d761fa456d8a10a28d77c9980875.csv
13366;86c8b9b65ea05ac7301c7f7a7cde6483b353eb12.csv
13367;f6ea1673ef2a88b68e159790cbb8786632c8af8f.csv
13368;30aab7cf61032a69da35a4b1c979bbb8d067b3c5.csv
13369;a229af469d0d9a64cd33cb7dae86af91f3d0d300.csv
13370;8de96a8f9151d7cce65f70872e15000a7b78e44b.csv
13371;6a807fcce3505ac3776fb1b9034e08bd0651c26c.csv
13372;9b4467b93e8f62f49ecdb1c79aa0af228102141d.csv
13373;76f130b68624f44fc610de3deae25f2ba703b304.csv
13374;680e2a106ff8b97ccc6d725113f78088f7b1651b.csv
13375;d421a83b46ac36aadca9b259deadf3094ac889e6.csv
13376;34eb329f2f34b1ed2f0c7312de0f3075adfb57a6.csv
13377;6056f4e00a22f2a1d44288d7dca28477ff493b8b.csv
13378;019d4817c1bb20299f7bcd20248bd85ad0f59a2e.csv
13379;85a4ab2cb8ae3b4157eb1749123493824ffd973f.csv
13380;828fa005f58ad18740219bafa5fa72e23b1e89ac.csv
13381;e78f1c1d9cd697f8b9141342fa2bb93209942e83.csv
13382;db4f76bdb78122aedee7b6cc281f5fcf80a7feb0.csv
13383;720e83ca7d507c801a8ff2c1c9a42b7e7ee88826.csv
13384;1b1be3227cddaf35d98b26bdb5aac5a11842bfc9.csv
13385;a272a5d44cb8055d0af795f3bdfd3930538ef103.csv
13386;e6b3eed3a993459671286d350bfe8b71b56054f1.csv
13387;d84a2944db9e6904887a201afc129a6e14b334b8.csv
13388;0e8cbad883a75b0286b636a09476be5459484aee.csv
13389;7018a22df61dff269b8f16195ef95b118158463d.csv
13390;26bb40618b2798920b254ef08d210d75c214dcee.csv
13391;6f66eb107e5cbab937b7313800281b7569bcb3f0.csv
13392;d089c40209491f561128d33d3536e87184b8ddbb.csv
13393;f92e07d6fb439205cdb2689a66962c4baa8904fa.csv
13394;3da0bf3bb62f77d956939c23958748cc47c8fb1b.csv
13395;1659ac3a5ce90d49d5c3e21ad79dbd41458ba404.csv
13396;d44d8e19a56ef65faa0ee8e9cd9c1f780cd56b1f.csv
13397;4b1008fc371bd80f58c6f5b6b663a615ac3036be.csv
13398;a8d38ca8527d7796d5d31a6e1f9317cb724aed26.csv
13399;94e8acc14db64cbb14cdd6be8463e2f002cf52c6.csv
13400;a87b36a32d3ef7c030b693e18d97599d2652e651.csv
13401;47eafec50a25e44fad6a4bb771ad9ecba9b8adbc.csv
13402;114710320a34df0aeae9ac18d3ae6c0c969377e7.csv
13403;0433bff0a424b753ec2b28c807e5f9960985ef67.csv
13404;d4510ed504459f18bac7427dfdab1be2a1ccad01.csv
13405;9b9036c095358095dc4a971a75fd152b3d2a0a40.csv
13406;f24733de9c87814677763710797b204f75d4b68c.csv
13407;a493c956f4507616c4ace2c2c2cdcae494c931a4.csv
13408;3a06a9164213d4bbc1114afdf986fdec085cfb62.csv
13409;a5ecdde06563029997d753af393fa226f0e4e7c4.csv
13410;95a8088857f855e34558158d1bef9ab867736189.csv
13411;f942980e278ae10ec86d0d0df420bef7655ab814.csv
13412;1c58bcb0a6cd15d0f2616c7003908e17640f744e.csv
13413;089fe4ccb73c58ce9e56a931d64f5378465c92a1.csv
13414;5fba9dbc197f3fb154f22b1c5605b1e01e1f7d8b.csv
13415;859c10c77baaa53343b29e1fd05065eb25981bb0.csv
13416;c43cec54aea5252d3cfc6003bebd25800f436b3f.csv
13417;2af12a49b11755832166689399dd8c2607b40744.csv
13418;5deb56b295dd0105fc5dd3b2a54457e72f51c21b.csv
13419;ce14ed5d4288464ea581ad6cde8a72917c7e951e.csv
13420;e090b81b322d7a6b08f1e1ea723c60940e23b65b.csv
13421;ec2a6dc011a998f80c14c773c8c4f8795f99b170.csv
13422;cd97924f9086a3b48379c59a7b87fd01a66b3f11.csv
13423;f5904e859cbc8376f380ea3827ef9d65d5cd5c07.csv
13424;22f12e7c95a34604e34ddbda2643ef1cb511058a.csv
13425;9f170863c54c51aaab977e093ac9daa463bf2a23.csv
13426;69679a417cbbd3429dd67fb434790b64cd28e801.csv
13427;db139f1bc96dc1b72ab2ec3b3eaff1510a1e9368.csv
13428;990a8e0997570750ed50697c68f5e26460cf7afd.csv
13429;f663eea45fe69a247a5dac60a50d6e94395db59b.csv
13430;9ef828a2fe98eb0aebae134bd073051c659a8560.csv
13431;0a8adb4e22e7fec049403f3e50889a7adb783d23.csv
13432;ae189d61f0abc6957fa41bcd38162045ad9e9d5a.csv
13433;c543901ef5d8b67ab0738043c6e074da5c69ba90.csv
13434;7f3d55eb82120e3a54a4edede6697189fd711878.csv
13435;65a6cb6c93e202dd114fa870f43bdedc0e2d1962.csv
13436;d73709a167493934755da915056fc277204ee2cc.csv
13437;4fa899cfc3a16a61f3f33a66eb381d924c34cac9.csv
13438;5e360ac821a3c6a355b41140893934813ca37929.csv
13439;8f5a31b086672c65b642ab05ae9e5b60fe195198.csv
13440;a5eeac6e6a5b16a2e19d815ee28d26c3558ce76c.csv
13441;370426a01a8d9652b9c068d8fe0725913d856d09.csv
13442;3248603667ebc528d651336bff45e0b4cd208ae2.csv
13443;8dfab64f29a6910b34a011a8b9e0b49281b04622.csv
13444;d66ed1298efc24ddbc6e39c4dcc372727f00f1d0.csv
13445;fccf48eba29eafcefe81ac924681ac8bcf2992be.csv
13446;14b3b06f10d0a4d011ea16a8dde06e2a1789739a.csv
13447;0c5c7c0eda4954c87bac8bc496087b963d006796.csv
13448;b37ba6482e3f791298a03adbb525b321483a86c2.csv
13449;d04f957ad43399778ec25698de9477811ae763e3.csv
13450;12f59e88597b670bd77cb9b75efcb2eebf8f1ad8.csv
13451;5acb4a64dd7a05fef7a6a3bed1609f2301d949d0.csv
13452;db56e1b75e7d1141240be90099077c0e81754e33.csv
13453;e25232a96d89aba714f301300735226af1f7392b.csv
13454;2bd5743e3df7c86642112d8bd971c6711888c767.csv
13455;539970c39962f9903e5d8ec3e5386f7d3e5b8cdf.csv
13456;548541513fec823d4600ec793be7541b17133a36.csv
13457;5bccaae5a73807e82faa18977f20cefacb8466b2.csv
13458;ec6bedd75dbfc286e8cce1c436c4626fb4e8931c.csv
13459;bd6670f058bfbd792c902085a8abcde0d49fb31d.csv
13460;cb80f1886ddecaefa97338643fb3f3efc03ef5a8.csv
13461;3400329249fd99f6ef268f2dce535ed20330f627.csv
13462;f7a76fcd2482b97037268b6f3f292e896903841f.csv
13463;24c1019ec7fae9b5990dff2a375859092ba7123a.csv
13464;d8a4109ac8947b1e80df71baa59c1689e801a2d5.csv
13465;e4ca8ee788c55b3a197e8889faf828c5365b02dc.csv
13466;dd38cb141bba91047cfe990e378febf95087082b.csv
13467;cb0b9e2693f78bf4cbfe7b71c5d9e8ba323352e7.csv
13468;7ee6196d0be6f703dd2e2a96b94cbe899f7400d2.csv
13469;370d59bf7f643eb4a7f419b7cf31b3b67c6e0b13.csv
13470;85ee328c814c1f26fae7a2aea9dc557bdbacb72c.csv
13471;4e6dc4220330dc4299ea6cb20dead9670fc24897.csv
13472;e2d3c5ac7ab80bcdea7727d7a9c193c1965411a4.csv
13473;b7a8cdd3adbfdd90be7344af72f3e8531dd0842f.csv
13474;96c39eb3cb96d0a6ecb0a0ba02e45ab21b425c3a.csv
13475;ec47b828779bbf11f1f28a9196c87c24662bfe4c.csv
13476;7a0c197c820dcc06119294b868a5c4ca2420d590.csv
13477;198c5c2b4f68876fea0f3a35f9428b7cf009071e.csv
13478;a9c3eac5be9f5433322ec6a0dd4a253f68826849.csv
13479;c3ba4e042c5173d4a141f12cc5af6bcc9d7e9bb1.csv
13480;fdc9b30dd0322537b7f1e37ad9cfb68734d3cee7.csv
13481;ea497e60e0f7ff46b7902ad4cf5b5869cb19cdf0.csv
13482;20b56df135b91b5798e9394b8a730a7c10b01eed.csv
13483;c7d406939c14539cb8826a6aee91abd33dabea90.csv
13484;4d24604dfb8448378baba480bd54c6162f023886.csv
13485;2203747b5a73e59f6d5def962456a58a0f482d64.csv
13486;38c402a5e3dcf5f03dbe599dac36b45660cb0d69.csv
13487;3628fc9d4744dabe9ee3c0494aa4912af48569b2.csv
13488;8f74c14191256f50e1335d1df79c88deb3d467ee.csv
13489;1195603cd9c5ba3d0bfbcdf1972cf567a0ef18d1.csv
13490;4e21aa997c9ea0041a570747a78615f6d2509b26.csv
13491;4836fbff373cb9e9a2ee0089c5e53e18af553205.csv
13492;00f12a2adcfe8f8f62edfcad80b541c44692f2fa.csv
13493;2972d249bbae6964764b08dececfac3a852bf1e8.csv
13494;379bdcd0e7624a3695d92cfa83ebeba53a8926cd.csv
13495;3343d41665f8c87652037d84358f9538262d634e.csv
13496;0ca26ceca52c70f42fe7d0d45f980498b9ed9795.csv
13497;57dc055d379a436e5a28ae850869a60129cede33.csv
13498;cda01ec7142d383ddb2bc74f75ba19ca958b8ca0.csv
13499;ef981f53da4aeef3dde4e9741eff999a0a46c5c1.csv
13500;30b70b11be9f291d54628c5bf66b11b6f9da796d.csv
13501;464c9b4c984b9537525601d13f3a30d8eac810d7.csv
13502;3f7a102976d2f58c29dffefe3de66bef35bd6292.csv
13503;762f9b6467251b8e21ad0a838c12a2c6c5ab9a10.csv
13504;011fc6138b216a77c6b91bf22bad41849efc524f.csv
13505;c5fba70baa9eb738f6b004c5d8f4fd37a2afca94.csv
13506;4a760b865da9cdf79fd431b56f4fb64b1791cf98.csv
13507;6fc06637ee54137e19992f1b707a065fbb93d17a.csv
13508;7eadc22db009cc86260490ca6dbaf5d943b86735.csv
13509;652c4ca6d601033177d0dd2d9e0831950963b6f8.csv
13510;97a4513a333a020295682ac5d16dc9ced94f093d.csv
13511;6bc69711fe254c9b6993116921b280557eb2a022.csv
13512;5164c1dc1e4e7ac1a053c9998f36d74a4781c153.csv
13513;e0021fca0e1b1795ab1e6fe61fc16d185d24137d.csv
13514;8c9cdb6b0e517ebcca3ba56bec7665d2eedccb8e.csv
13515;64b06251c5c81f276a0a536dca9bf9cdd5997bf3.csv
13516;e6a98aef12d7ec60631f540c806b6d04f2dd4fcf.csv
13517;85b3d43d72b232dedb2c0de09a75ac86ee1be47f.csv
13518;725312d9e4074072f5f1cb610510e18bd623b7ab.csv
13519;7a487e5cda0d3abdadee013502604c795cb0f736.csv
13520;b03b3df01220d5d440baf6f7542407c047c28ab9.csv
13521;b836fbc5066254978b0592a05557b864fbf6b1d8.csv
13522;c0262c8bb354618e5104e227603c028aa623e839.csv
13523;2b9a86945d38abb42dd18d21094590d6997ce4af.csv
13524;0a60911da5cd26b915a667843c296179d810d78e.csv
13525;8111256ef395fdf678d4e5c4c4cade9f43b19886.csv
13526;7f89a8a45ba0f450cb274d4922e46215f73ffdb0.csv
13527;1b007c619ae78aa6b1b7cf6ccffeb8d85ac7525b.csv
13528;a167a4603b4823bea5ba72895fb9f887e746c4a9.csv
13529;2f907204bfc5354c091a17133e85c41e50a0b8d7.csv
13530;be1c52cdcb485bcb716c9b936ba21fefd14e148a.csv
13531;aff6763d7348f79c574227b5a8e00611a8d20164.csv
13532;703afaa9eb4bd44159f120d022b441171f9e1fd8.csv
13533;810e23bb317119fd08917aa5dac5e2e561545672.csv
13534;3022dbbf60abb6d6eca4fdf971849eeefa6bb0b4.csv
13535;bb1f67f81b4b197623ce83540541f6750e37d824.csv
13536;bcb4095d11abe084f2cc5f6ece6ae9058c6f9c49.csv
13537;0e8c8e33d977e42f3282e0bc0386d083c52bc16d.csv
13538;03a061bbd85ef6aca2b2087a80ff2581eb24a8fc.csv
13539;c3face504f0138ed902de522d63f53a713a12eae.csv
13540;6646b545930bba5280cfe84801fc6640b9c1144e.csv
13541;d7ed213a755f618e8060365f352c3a88f5cafe60.csv
13542;c55d7bb4051bb35c71287d43a62b2b3300ee6885.csv
13543;1b49e3357f5f707c66ae2ff956db49803cb017b9.csv
13544;de04940aa8f6f7c9b6f0b7783da5ae2c425b3315.csv
13545;95d699a680efeea93de467496b23eed470998d95.csv
13546;91dd047f452e6df2ef627b5eb489347d621247a2.csv
13547;8262ee018c3a68115e490eabef19cacb5442647e.csv
13548;6e8fe86fab0481df12d19c7ee82532344702f833.csv
13549;278dea7d97cb64e6d4aa7472cca0dba4d4e7049f.csv
13550;b5f25901015340a5312e3c9f6b4fc7b1a6744df9.csv
13551;be051f813e522b333079980739f324c39944addc.csv
13552;fe37eb66fb77ca43a0b87f5282435487ddceca22.csv
13553;8790322ff0536d6e139ca5b7f3621074701ece7f.csv
13554;38e11c8f1faafecbcaa457bc8c1443436883be47.csv
13555;97b72b50418604df9a684ceb2e05c040ec22b94d.csv
13556;099309821b049bd305f2cead24a452779238fec6.csv
13557;ba085942946a4ef42509d21445021f1bcdbe3b7e.csv
13558;638e6b1bd7724ef702ca6fcb9180814407a71eec.csv
13559;1e0a165313e080137556cb75b1af2bb0f6984d9f.csv
13560;9166de57df00f5c7d7c0517594350b8fcd3c916c.csv
13561;f58b6bc7de5b6c6230f1c09473c5f579cf3ed688.csv
13562;f130bce2d22ea18652103d1bc4ab1f18e6b6fc6e.csv
13563;fa674df56e2194fa3b4d2051a7fe80fd5e843e66.csv
13564;9d452396be5a3c3894069f1ed00e08d08d6137a1.csv
13565;4547f2055abb437f2d67a31e9c1c641a707867d5.csv
13566;13fd742eb802fa4d4d16a3307d90ce3e7f280e38.csv
13567;f89850dfa02c157f3f7e3d2872a353070e2a06e2.csv
13568;46a47d4d36302bbc26772c4cb9f3bf31789ce073.csv
13569;82595a37b57e08ec0c97527fddf32009081acf04.csv
13570;d83f751c542a1f85ba6c4543824c2b261329521e.csv
13571;28f011a19f486f4a75b587e5f298b302e2da0864.csv
13572;2f59c3b870ca0dd3569a7e37faef637254d10164.csv
13573;2676bc54c964b8dd3c9deffc54beed11dd740a4c.csv
13574;9029d70aed0fecc3f79bfe98b8b712cf86c60190.csv
13575;8907407ffc44095866af96f5ad493d00602e33bf.csv
13576;d0a96df67581a275464935ec9aa6d947c35eddf4.csv
13577;d2fd219830f1ebab40d6e9de656aa7fa07bbd4d8.csv
13578;7dc1bddc103b21536651896edcf8c90f15c57079.csv
13579;1d05a3a4bca4491b8335840d4a66d2be5811875f.csv
13580;a8c39c07d0cbe0141836ac84b0e29fd465831ea0.csv
13581;a6759196de3f0e7751cc6ba28512370671fad309.csv
13582;e325db78b8cbe08c69470c0f929452dc1a252867.csv
13583;880b4d0f9daaba79d6e848c8df40e0cd373471d1.csv
13584;734db6fc609ebe5b1cae8c66ea0592c140744b82.csv
13585;39af00ac926b7900d82807e795601d5936512a3b.csv
13586;5df283c454e5263385ee31b80df375eb193519e5.csv
13587;dbb4e0c2741779acde9c5e0ffe0348d0ad01c5fd.csv
13588;fa359861d78f69bf82a89de0537d976b44ca3dfa.csv
13589;772c1ca42734b4de8271955e10c88385b0a345b1.csv
13590;1004f64a208767e6203c97a6e1d515d298614370.csv
13591;9a7067fd01a04138e3557a7fb439253c5b914413.csv
13592;a7195d168e8eae39e6e40eed5098842e9ab0cb7b.csv
13593;9816684f175677470e6a73be3f370a90dde1be82.csv
13594;5c28995d38e5a5fce550651eda2aa5578cc19f7e.csv
13595;6325b913522300f36c4144f82ccf0bb13564bca6.csv
13596;5980867f3342ad6af052f516568c927cb82e0d58.csv
13597;b19d98ab71b4462e8baa6201742fae948e069e1c.csv
13598;6c781ec28811214ca0cb25d34a6569f975139a58.csv
13599;4c9593ce46963b23b3bdb053ae80a600ed96492a.csv
13600;a120a77edc5368a2fa52075c317cebf9701c3345.csv
13601;c34a9c2cacb482c60d886f94cc5b81096008a136.csv
13602;df47fa724847c5be964d032813df7052644bf40d.csv
13603;a9a1c94b78740907c3fa8294e1b283c3f710d948.csv
13604;4d400cc61fa52eccaa50c3a5742eb37ffaa80e7d.csv
13605;5d0ad361ace3c4a7bee60600b61f770ccce2970a.csv
13606;66a2dd6ca8b561cce530ee63e8b99890270ecba1.csv
13607;d7873075465b9adee896a5ca2f63c819efceea08.csv
13608;f02dfef2035b19d983f4687dda7a732f68be7d87.csv
13609;be26eef28285ced8d2141e36ec9c003f31f8bdae.csv
13610;bbd2f839e16e7adee596cda03a4b5ea9653888cb.csv
13611;92dd0128e9f01eb702cfb64b7c86ed23fb503e50.csv
13612;93244303c6041ad53fcc59cc06a03cc51621edcc.csv
13613;8a50fa925af2297fa300ac578a53212f0e3731ef.csv
13614;f39c043735ada8a4d04869702e404dbc5423372e.csv
13615;3c93f868869de4c692094d51fa9cc1748a750e72.csv
13616;bd424f5ca8ae86eef77b7d2a5f3f63e1f0fb4c2f.csv
13617;17cfa3e986d14e2b1d6c9962be3a51cb73a43968.csv
13618;18b0bd5397f9238e159065f7419bbaf2b51d4dd7.csv
13619;2012b286fcc4621bc2e5d4fcb974a65f32460f81.csv
13620;313d267468273358ccb89b3df7091e2b788b27cf.csv
13621;5015764f0b6752e0af08cc8dd84f6390acfc66f8.csv
13622;b6c4f3120d4e8e1b4678a6de6db276e55eaea6e9.csv
13623;dcd2513b375b915e16216634f4fad322b35cf0e5.csv
13624;134953face0c7475092ed130a40ebd194b99358b.csv
13625;75de179059be2ea6005b0e65340627cac3814298.csv
13626;17d5ae159dfe162ac57318232144b103e79e0f1c.csv
13627;ec6cf198a094b2033b238efcdccad505f542d7cc.csv
13628;b8a6b7eb22357456c0371ae877896f8d2ccc87d1.csv
13629;3b5991e96cfa54d22456ca94240ddf6b33df128c.csv
13630;003197511ffb75201b0f7d972472c47850c2a44e.csv
13631;4a58abcf7971920a4aee6b6994578851c30f6c72.csv
13632;d9633354f00841ecf5f96938eebedf12f4ab13ed.csv
13633;eec3dd69e3d2aab67ce770a6635b2af4cc23bbf2.csv
13634;1089411b66b346e4bccb707e71d3d476313f2260.csv
13635;9e70c3e886b614f01913ba65af75a98223c85718.csv
13636;157257619334dee253b18e136d7234e6e871ea9e.csv
13637;e775ae09a7e0906313852000f0700011a0415682.csv
13638;806f2edfbb6e758edf4142e7ac2d359ac4e6018a.csv
13639;bf49df2796b5ffe29995062a4359dbb926777bfc.csv
