1760;de6d60abfc023ad1f2859bbb975daabd1f0586a7.csv
1761;71cdcdef5ba13c4846351a19c2d5dce7c5b0c404.csv
1762;4a32d2ba740dbd0b2bda93659c2c0d4f3ee8081f.csv
1763;47767df09341f332e27ae641b932a9a7a32cb128.csv
1764;f892f5eed6131e0038666da671bdb51a04578918.csv
1765;12f7e13f4712174d2c595eedeadb8baeffe357ed.csv
1766;4b0e55086b61f6d48b3dddc126d77426f7bc3569.csv
1767;1c3075d7aeb508b40494af8e0a5fa51b2c18267a.csv
1768;5c2560dd156d79861893e5cc1361d8eba27b3ecf.csv
1769;b14cea53956bc6bedf4cec3254ab8a3b5bae91e0.csv
1770;1329bb2f949e7492524cf560b1f96ee1d7220eed.csv
1771;edc9be58ec035cfcc86c647ebc021d59214d4fd1.csv
1772;4c4893d5d29c00197e2601f7a31d8b94deef7c63.csv
1773;f8f1fd8cd127e6883c6d636c0c4216a3afc75a5a.csv
1774;2a1a6e2c13a047dc158f18ce4aff7e3974c97808.csv
1775;da2bb5d1608eb75c739436e268af8310bd965e74.csv
1776;885c77c8535ecc8f77c5debd1f4d5291cc9ff1ec.csv
1777;368676412357dd087fe50eb592eb8d5b034db046.csv
1778;535bc6068b8eee6fe954ca077abde3974dd26bea.csv
1779;6364a6acea5c75ec6f2e82ae0a032abe593f4e0f.csv
1780;13f5fe81e7b9fe7f66655f0a2d5fb1ce6b43bf7f.csv
1781;0b7076698224d07cc053c470edb5331625d33af9.csv
1782;a18f227500091adf73619d76ae30389e40cb0add.csv
1783;e041872ac728eeeab2932c8ccfd2782c92da5ec2.csv
1784;d21ed233f68e771ed354751e328493b9e474e94b.csv
1785;04882fe277414ad9ef86b940577b4eb01f8567b4.csv
1786;e7c5c521429586c3ce0555bcadd8742901d03cf6.csv
1787;d6419187d92f6d2f20e23084a27f9fdd9123bb5c.csv
1788;29f98833b60e4b598dfca82ba2fb95c83a80f7e0.csv
1789;fa41c8945cdee092383103290b1fd0f97dd1214c.csv
1790;64f698bc96d265b67618dbc1c7846a62160fa6cc.csv
1791;978fcb9694711bd974f21203205a86d359868b3d.csv
1792;c5e4f8e4130eed7ad046f56b0e3055c5655ae785.csv
1793;412e844c87c312c0cc3333e9e0f3ebee363e75a6.csv
1794;2554dcfdb6d7826d345b68aa856b77a20d2776ff.csv
1795;6e7be8a150296b55701950588570b7a56af1df56.csv
1796;9421be56d2fb21905786b5d796df83ec75f74fe1.csv
1797;1a50f8f12bb4aebe9debc7fbab9d0ece3e54eeef.csv
1798;9232f2fc6574ec8a4ebba1663e3dba113326f2cb.csv
1799;856db498802e83d1765997eac2ae523f9184e2ea.csv
1800;8421dfdeccb793a0f326dede0a11e437450b6b59.csv
1801;94fbc0e621a4f3ca2d8b695aaf376931bac215e4.csv
1802;aa2f12b3536ff5fc52ed7f75b76a447cec1d49e2.csv
1803;66980f99a7bfa125e47c0cf962330d71e4c5b6bd.csv
1804;b23e58f5cbd3d23d149f64e909fa7e7caae72b6f.csv
1805;a0fadc5ddc284f02c93cf8df1e63f015ab8b03a8.csv
1806;ee2028f18c19056e6742d111157d17bb1019e0b7.csv
1807;457868fe6b4b961b56e025ee0d79c547f302981d.csv
1808;6cbefe71d16c3381e4da8d84cf4d53d72815985d.csv
1809;ee370aa6a34ccb5c96e1a213dbed64a2fe4af89f.csv
1810;99186ccec4a11241e890c8175a3b4cf05686c24e.csv
1811;3843020862eda73775740154e71c3e991ebaaf8f.csv
1812;fc5c48ff3c5d19b3ce17e01a9df5727cf1aa3d7e.csv
1813;ff966b5218e3c9433966d622a806710b820a60d6.csv
1814;1b18c73647e79371fe4e8a30606341e08107f06a.csv
1815;65f45f3ec7b683c5d5a02780e77e59a37ffff35f.csv
1816;5d39c14adea5f79fa8fc27eedb111211146d660a.csv
1817;8a98cb8d707c25c75ab93abc33960cf417f03281.csv
1818;37597f869a80c0d5a92d5955cf9f26320bb7a1da.csv
1819;58b12652a15a57f39f8093762578bfc6039a60ba.csv
1820;5a686a1b402243554843d09517e8e3f5021c2aee.csv
1821;ba05b195d5fe93bf53efc4feb0a746e6a21e1bac.csv
1822;30b833dd668963a295dbb390dbf89a570ab54a13.csv
1823;951babc52c416ca0e6582a3a3e9d339f03a1a54f.csv
1824;e7eb5329521a9768808c985c50fa38b2c409a8b3.csv
1825;140e5da34e8cc4e2427d63e9d0d11f911505e5c2.csv
1826;ad9aa9b87ae15398ba7af6302a3ff1dfaff16be0.csv
1827;c70d8e7ca5d26729ce2d9c06d5ef0696e060722f.csv
1828;066ec24d68f5a0f78a3e6684da8a33fdb7368f58.csv
1829;24ebbe6927c26bac400e18d6056f7000abb510fc.csv
1830;57b4939fbcc081a9bf7730c344c1c3218651c0b7.csv
1831;b0f0a541b266e2974f0e645b201c7558545d674e.csv
1832;81586d26da397e7f054e891f0190ab6246b83c1b.csv
1833;9218d02222e9d323a84dffe5d1c86e3bfc55527b.csv
1834;55d5ea25045f73ffdd9bb81993030e5bec9a3449.csv
1835;81ad5452b6cb0ceb6a91c8da2cc2b6b4bfcd8326.csv
1836;2bc06a99c51c325b52b037c76cd8c5784a122c81.csv
1837;71b55ab6f9a3e55232200bdc6cf76974b023f05d.csv
1838;5e77c07596acbf98257f1aa272898f16f2b0ee0e.csv
1839;2373f9e97e87417526ee30861d1adb0ceafc2438.csv
1840;2c54fb2009fe62f54ee8312889c2f2f72fd0f73b.csv
1841;6842fabc2a09d25dad8700ecd406093a029265b4.csv
1842;a86866eb8add6188b047a1110b0f1e53301777d7.csv
1843;4196b52a177edd5ef9cb748ada89179762acf4ab.csv
1844;96616d340ea0026e1fde9d7f840c1a9bc229a227.csv
1845;89c19cc8be064cc6385f378206bec5a5fe7b6a5a.csv
1846;64e0b5d155290ec961c55f4f51109ed879ec5fed.csv
1847;1824ab0317b99260897476a1a14236ff7e846f10.csv
1848;aedcbf29dcf8ecc0cf24cccd05124571f06fe258.csv
1849;f33e736a488c149e6b1fe844a9b7ef55b153a0f9.csv
1850;1b4e6bb5cc4854fe08050c87c79a06e3a569e2d0.csv
1851;add4c5447ebf4e9f866abebf9915b14dc00ae471.csv
1852;43c78490950ca4b5319ed56a0dea9fcf02f45fd1.csv
1853;a5904a7b668e0fcd9944b1989a89a60b03403804.csv
1854;6c0dee643345c93436cfa8d58270aa887ad92e3d.csv
1855;65ee1671f2221d7e210bdb539dd634d50717d92d.csv
1856;d6662a2f4a6549751d2f1addf9add8f47a63e460.csv
1857;7f0c600a475597436f29c4ab3999800a18949972.csv
1858;019d20e17ba322b7de8e8d3a26a4f340a1df2008.csv
1859;0c281b3c1cfc20ac1c5e6e6a91b887de5304d023.csv
1860;899528284019b6c75b5e90fdc9a3956ac7a94eb2.csv
1861;68e3c3e085b4248b8c185480e742ea35b75f0b20.csv
1862;67a8d5e7ae16f75aaea7347c69a13a3d217b0f4b.csv
1863;ac44c3c1d2f43b450aeb2448f0d5ead78ffc8417.csv
1864;5cff75db9206bf32187afe812f3e958fd84bd9dc.csv
1865;891e5d871c4b4ce18cf85c9ac5b4265c5ab65f5a.csv
1866;cf8a4ad66f03cdc3d3572eb3b870f3f9b18809f3.csv
1867;7277d5ce294938c18dacf76d82ef0199e3e46eca.csv
1868;2a352826c552d505586f1d161be2a16730d14ec0.csv
1869;9a5a260867e20de4ace65af710303307a2e594df.csv
1870;105d57cfb6190d7c7ee922e952f7d9591e72078b.csv
1871;92bc94fd5b84fa6b14a8eb33ae724b8e74a3286b.csv
1872;50b1f12e0ff9f3ae14291ab66c43d41f9a6c2490.csv
1873;522d9913c9c1060716801349c7bfe3262314428b.csv
1874;980393002e3f72d764025aaa7af21d5abff1bf13.csv
1875;97fda0395a74e80cce5a1898b2733f42482af415.csv
1876;060ba9cb013e87edd7bbf81c2a181bcd5addf764.csv
1877;f7c32ff70371a7c2c848f333b3fcaff5268e8f93.csv
1878;c7dd0a93c3a37640e081965af0d4aef1c1b5a55a.csv
1879;86aa49fbf316ed40cb899e8a5896198868efc834.csv
1880;55902a943da12e5fd2eb8f6d6a610cb3b66d7a88.csv
1881;133cc162cfd7445c59d526f58a8b60114102ba6c.csv
1882;9b580c4851c342dd8a93a91bf0b724a16f8affed.csv
1883;4469ae886fd63da979f67c278fc0c4dbae48f1df.csv
1884;8c70fa12c1db7938d85351e4bcaafec82c5bbf24.csv
1885;b5e34700dd830c1bbbbdee303778a5ff5f907d45.csv
1886;ceeb2a3a137a1a1a4a86614ce734f07afea72d4c.csv
1887;09388216c17c4cc48b1f166093318753cc68ac63.csv
1888;4d07fa09850cdef43d77e86fc1aa2fca59e5b13c.csv
1889;48a8ad8d5c1a4ec2d3fe762a928a3c2e67af8c2b.csv
1890;5692a8a106385686787b73c718b9d9991b96299e.csv
1891;042756e9005246f76df3eff3e2793dc6d60338d1.csv
1892;fa7efebcda313f717da4b56f4b846b0eaad002f1.csv
1893;fc6ab4b693bda93d6d96fed4c7ffba6510d04e0e.csv
1894;48489d1647fa6cca8e68ce67bc3aa3f260801566.csv
1895;3ea8ecb70e7b9a1c98b396eace72af7079133b46.csv
1896;e975a441ba34409a3695e898a37f276a72b9fc9f.csv
1897;99c06178dc7a49a783f0fcefb4c94f39a8d8946a.csv
1898;b0b8ac292312c6642c37e502d2fd803955084c17.csv
1899;3bffb39e16b2f75f62a687c206ff6c51536386da.csv
1900;0fcae4067d557b85dd27c6982344b763263e6ab2.csv
1901;33276dc83f73e4dde76f40f70b0a0cbaf98721da.csv
1902;f64b0747861605d505a3efb74f3cea696714e5f9.csv
1903;1691f7f33cbff2bacf20960af0bc8ab72ee531b9.csv
1904;709fea3df3da75c040b2fa2b8d16074851737d6e.csv
1905;a27a8e347c13406c7a4c08cc858278ba2ee57330.csv
1906;8baba2afe8dd478ae1d7ed13b666098aa3bfb623.csv
1907;cc99fbad2dc02c8b3848fcd294a00c91fc7b4fde.csv
1908;209360b738197a63e9c3a7c3f2360cbf2a4901e2.csv
1909;b53d1e66f0c5ab8f90adc4b62f7dee78836ef479.csv
1910;9cf61f4d78ff84620ff376cf2b9b70402d805939.csv
1911;059dda4ff1bee5fa590fec885819e4761c0fd085.csv
1912;6439aa846c66ee03030be2e2f742304fae6810be.csv
1913;11f8892652182333d53188439f6f6d6d1bd72721.csv
1914;9d26cdd19afaaa9f93ff6b4a6741f4fb3eb33e4e.csv
1915;5862087b0247f999dc8dfc37d1cf00d6498569b7.csv
1916;d745b87efec393437fab144f59c78f5a369db42c.csv
1917;0ff9b89bf2bbdaddc33f4a04ae0f52cece27c935.csv
1918;b650a178be6c705316bab41549085c461029e0f6.csv
1919;ceb140fd12d0a610dc1b714d6f01761ef11013a0.csv
1920;a74c29bfc488ed46a2bd41117889f82a3af8b426.csv
1921;8c47cb101ce8c01dc58931d3cf419755fe04a1d9.csv
1922;88c85d339e4a4fe95b1fe92c0047d6f8b8b46902.csv
1923;e16cc6cc5f14134b7bab36f0cf6836aef96f3b80.csv
1924;19a9e1411e6228a8adc3a2487a4bbdf1bb1f1904.csv
1925;871ef8cb355670f332575e941ebf1aa0667afb5d.csv
1926;b82a7e289836a97e6d2bc4edd7850bdbfa339160.csv
1927;464f4cf3ff663a022dd4ee12d0eb442ed978e2fb.csv
1928;fb9a554c308de802220fea4a907827a158580bbf.csv
1929;7afe7fdee8df6d5204617b093c9f30ba42643fce.csv
1930;6ffde4d3288f780a7fdf52afbf21c7539a8b3ee7.csv
1931;abfba729cf9e69e4c3f84749de9e9a1d1096a59e.csv
1932;d52f2394a56cd777e6e1b4cf337864f593b7c2ec.csv
1933;06c16fa82eea996e285bd1611bc929d57dfb0a8f.csv
1934;71c76951a89184cf302e4da51e86152f6562608f.csv
1935;b329cfd44ce5114bfd4b9b562fc9f508ee6be795.csv
1936;ea5727a303e15d83277d3a70972006599442dbcf.csv
1937;77f44da12ec24b461b58cd3b3384516595e8d1e6.csv
1938;5476cdca4c00a82a807ed5b7f60d0d920906901b.csv
1939;9bfe1496240161146185e773d0d55aa45855d911.csv
1940;7601f80f8b2d0ad5ca0079439ef90136664e9cfb.csv
1941;51ac691426403778f417c61b38f46f85480ca75f.csv
1942;0a4df0b92940218a7fc69cb46ba22c8f83a5bb9f.csv
1943;e749b4e77d950fed79e834f34077eec0c53ab45e.csv
1944;0947a35502744e637d52a54eec99babfb580d499.csv
1945;3848d1b2c5d0d6c2c8f873af30bb20a6e7cdab31.csv
1946;66b75f26351610c74ee7f6e11ba60c826bea25b0.csv
1947;d84f54e870a48b56dc9dce1bfa57b407260487d2.csv
1948;c922cbcb255264cda2ef6e36e4fb6d514abba54e.csv
1949;0babc8288cb5191ee7a1bf37511b415add1cc682.csv
1950;6567e24fb30bce3cbbb4379ed268b8c15a45fed5.csv
1951;ec8e3ede313b78700da78982870a571ab292d26f.csv
1952;15725f58fc5a9f23c2d12dd7695557771f2dd857.csv
1953;fe983d7c759627dc2d1eab8aa717508b487a7c83.csv
1954;7dc8be22d05d4108d6d1c517b68f662a6af66f2c.csv
1955;c34cabbd91790803305f15cda1a6514b31d8b71e.csv
1956;d633bd45d16816814f6df5f930ddf8d460ac4b2a.csv
1957;f119912a3e569e5d5137ab93121c32f308c68731.csv
1958;5d714e78135125c4abb4d0e1624766b65af0746f.csv
1959;6e98b4d80bfea57e42e465e78cdbc447fef90966.csv
1960;947c117680306bd7a95624111ec1b956a1d152f1.csv
1961;d697dea68ffa6906dc1068e6e078207f0cf364d7.csv
1962;ab62655b9b9bb1a5987e946420051a99ef32d096.csv
1963;9973dbed24960f706d17a9dc42521adc2ae5c673.csv
1964;a2c719481300f03ac72dc36c7f7e89b354003338.csv
1965;ab8ecae5d2918216407630df1efa44a9e77ed109.csv
1966;382c8e50c41d8c23a0cd314b79c65ec10e2be52e.csv
1967;42822532587ea4f62ac2b8df0502ac1db09a9552.csv
1968;01a67ebcdff08c33e7cda01649297647dc170ae4.csv
1969;fa28199c70227aa7189f847a1ee386cd240fdade.csv
1970;5f2ad6d0fea48889b06eafdc3be79078b9e80504.csv
1971;d44f0b3c6bc04750679c3cc7be730c2ae4f15c45.csv
1972;4fd552d403418dd56a2e4924a35da7a8a63d98e3.csv
1973;e0190db5a1a1b99c8f3f2a7454dc698d840817bf.csv
1974;6540e9f3424564b0c1516b930d4f95b10d9f504e.csv
1975;f5b953b8c4052c279bd3d3096dbecec09f06f420.csv
1976;aaced93f65162e95222aee866dd1248133cb4e0b.csv
1977;c5aa7ee54e2958b6b34ec9ed87dc717f0ab4f9d7.csv
1978;c014fba3340c136cad82c7be51768c6b31c5c962.csv
1979;98868d86488097b1c21f5bdf2ab1084bf8df7444.csv
1980;e6b07607919307f8db386124068bddbfdc459b8f.csv
1981;c043a8747fce01139068ca23917644195bb26749.csv
1982;dfaaa40052923c82f8f3733e9804862ade08806f.csv
1983;edcd008ac2a512a9806eed8099e7e8443d3fd869.csv
1984;93482179ead7f91fc0853dbf1617feccf6207c67.csv
1985;ea16cb3708a425a5933434d80dd23f60803f36aa.csv
1986;1542a0058c5ee986f6eec059488133019b58b447.csv
1987;ae0294a3bf36a8f845194ac63d10b1b9d264d5a0.csv
1988;8d193737d789fd8063a69c1b50a43047eaa82500.csv
1989;3f26873583b140de04bf62cce029f1b92cb91c7f.csv
1990;0ed1304d3b9475096ecb0d57411f96892b8d2a5e.csv
1991;764e3b00687c306ec19ef9946520429bef21c904.csv
1992;a3baa8f0eb8a8789f663106eafdd25cf8bba7268.csv
1993;880186ed2e951e15a5037538b845efafc3535ee0.csv
1994;b19ca8778d7d781a6a4ae0134e94e3b922d14d0a.csv
1995;38cd6b46c7c1a506a670a194b250029ab019d371.csv
1996;7dcd85048efcd831f580defe7a8eca44e9d3e54e.csv
1997;8a830ae00db01a6f3d3ca1e514f5338aadc3adac.csv
1998;66b40ec7b8e45df62e778d299ad8b0718736ad00.csv
1999;b0a6ed483bc608a977382c0781fdf31c73d28771.csv
2000;8d5fa7f790faf615bd5015600c02e5c869fc3108.csv
2001;c23885ee86a26256aff2a6f527e05d3f285bee2f.csv
2002;00323b59bcaa4a1b859f03e9fe6d4c09825cae13.csv
2003;ef633a7b465c43413318b4e7545ffd10a8cde8d1.csv
2004;8c0b083890f030eba87e265dbf37e2a79878e9d7.csv
2005;2b8052589ef773dbc4f0558c0bf323cab7f67250.csv
2006;7f3d5ad3fedb140135b996d8562e9d8c59bcb3d7.csv
2007;af9d045b63744eb78fa9b2c1ad2a27169d9e0f01.csv
2008;aa41cc06412ef9f765289e650aee1190b10a8455.csv
2009;f4b60ca3d75512f5a222fbed7c9d706d6a6ad506.csv
2010;1ea6be4eecf0093e81b682161122e234bef6b6c0.csv
2011;44d183ae20a5b4fa9ffa65f25f28134c4ac190d2.csv
2012;bdd2f6cee151c4613727760f8e62f964472abf10.csv
2013;ed91bf986b8ca66413a2592ec28e96fd55e73713.csv
2014;56a9bd299b9219f098f7b1f2cf1d95f7b65aa743.csv
2015;142c655e86f2e41e9c6da33d2a171eefd47e36b3.csv
2016;b92f186eac785ef058a89c4aa5a668b302a1c932.csv
2017;bac6d05b2d2471c465a09ee1b79196d7609183cc.csv
2018;b4028cf2aed4166e54dd30db86f37eddb14caa3a.csv
2019;70fc62e5fd3b4e01426a4d31b7eb80e9b12d340c.csv
2020;34e9fce03b5a874c55b510415614d40493cdb536.csv
2021;b195c8906e92f6c12c13d064dde216339f8c6736.csv
2022;2e6b763befef8fc1df4868231c49171d57793e8a.csv
2023;c37def44c43df167c79e4376d9b3961d382f4186.csv
2024;30fd48b2393198c776f9db936c1ebbfe07560781.csv
2025;4972ba5878f41c9b037126cf85ca458d853f64bf.csv
2026;e7a56e3f7adb220fb1e110a62cd8106a61696534.csv
2027;f5e97cc81d87723784be85efcff8cac7747c6e3d.csv
2028;51a2dad6387cc9aa3f9d5d73c83f1df8b4ba021d.csv
2029;fda7f14b05e34dd58cb8ce2616aab3af776983bd.csv
2030;77246c878a7c3afd69cc891fa80c806cbe296c4c.csv
2031;9fae51ab2616267198036d17a84788ab9c586fed.csv
2032;9550137f5e105d2dbc14d91659a8c3cdd815c9b1.csv
2033;f8d98afd69caee307fc0291803bf5c8e0ea970c6.csv
2034;3503bc166c8ce5399efaf17bbd4de325bac26483.csv
2035;d342b920585291466844994bc7794651308c8911.csv
2036;378773f6c9d010ee15efbe438e3aa3161fe0745c.csv
2037;2d8e00c5a89762c9bc6cd0f020715ff36b1163bb.csv
2038;b903e9bc0e1b26039fd6f5deb4cfd9e2ae6e474f.csv
2039;aa6781371ed8ed1e77eda4cfb0ddaeb8088378b7.csv
2040;b4e44fe7fbb7b3ee45c29aca2668801c4a33a996.csv
2041;acc9960f29bf77b9c7d05dbcb78fd22df7017cbb.csv
2042;5de077c963d67a74bf2ed2e9d294e5807b8a4b2e.csv
2043;85ff507225663815acc88969364e16ecda4e9b16.csv
2044;5dd468b01eb9e1069509a05afab4097f10dbab07.csv
2045;2406311fdb93aeb0257bff62ed5800ca5e2bd8ad.csv
2046;cadf735d33dcbf52a1b3fe307e5e29b02bf3ccd3.csv
2047;f7d0b9902c69ca509559d0870a1438ae653b52a2.csv
2048;1625e73982540a837224c0b47243b1984b4b992c.csv
2049;10fc3f71e291a910975b698e2158d15e96658bab.csv
2050;d7509d3abfc5918f0f9ca402a74de7cdbc4c3f97.csv
2051;ed06f620b9ed0630a9ea6c1c0805b741518e31d7.csv
2052;bad88dc34eb5ad4a16137f9e8183358cf3b71c39.csv
2053;8ad74aa4edfd06fdddb55a5efa5cbf233ee149e0.csv
2054;99489b4deb0c6f64e913505db12fdeeec1536f2f.csv
2055;b6b5c3ce6a1295e172b7e8406dae5a453b031b88.csv
2056;ab6cacc968914d56cd1bd3b1d64657caabef9d51.csv
2057;8bf5a66852b114e39a9ce99f40fa1c336f290d03.csv
2058;f4efcd5ff6922b61877d1bc108dc4d3bc1d1302c.csv
2059;e4378403c2941d85c9c86adb59b8f0082646129b.csv
2060;36ee5cf7d3b8ab06b43dac5ce291f2c36263c8d9.csv
2061;eb2e1f738d39b3edeeea7a341f49f3f929af9fc2.csv
2062;dac40c1a3abac625dcd55b74200b0efac4c6effe.csv
2063;ede58313dfad2eaab4af8fe94917618e6f4ce743.csv
2064;6076d93f4758dcd7abbd556a446402b1e05e5bca.csv
2065;b2db2df6a0bf39dd8af221fa943181045ef3690c.csv
2066;fae1e0fedb410a7d921ae677cb98f85ecfe9f063.csv
2067;5bc65102b2e42e2559a6e068d5eb8809f4e0de66.csv
2068;c2d51fee1e73856e4c891437f8349da3eadbe363.csv
2069;4d69cb1dd202569b16047de0d8ef3b7ac3b76310.csv
2070;2332b42c6c135193ad38e0d6d6b22aaa469c845b.csv
2071;2a97d66be7ba692691e9adbac10df469c2e99979.csv
2072;bcf9095ee975d1772476f300c87327a5879a9c6c.csv
2073;aed5be44fafb008f39ab44f5245ed06de8f1e6eb.csv
2074;b8ee8beaa8de8c245efd89c0511003b783b7ed96.csv
2075;867ebb2be2d466bcb35e5a7319708eaff39c4799.csv
2076;ce0a5bd747cbf5f982d2f0483e7969522a5b034a.csv
2077;3a0f299c427b6bc9ad7be9dc0aa9d5a12ec7880e.csv
2078;fccb857b14fc2cff246d8907aab3576367993ed8.csv
2079;ada83cbdddd07e8faaa3dce238cae69e4b8dc3d2.csv
2080;e5adf7aca5308543613d1f966616c2fbec18ec21.csv
2081;911bd3aec36e2bf26547930e81c65b2a7b6bfb3b.csv
2082;84a2fe6c8a420aa7116a5fc45cdcac852be6d4f6.csv
2083;2a4762f0398e93185c6cffdb4879674ca7c84bab.csv
2084;8b840366cc384dbc56e835f14d86c7d2fec88ea5.csv
2085;2fc64d1b72904244f05281d415ef9e641a12c40d.csv
2086;e776f53df553e8f486d67457611ee9bce92c74c4.csv
2087;3f3b7c0d18159e7ce451fd1a67abc7512b539df1.csv
2088;4919a39499c33814882eb9f405ad66431b6a68e5.csv
2089;25bf00ee9722e295060125381c02a3d61aec8f44.csv
2090;2cb732445272883726df61e2ec4074a0ed0c6c3f.csv
2091;4e57755dc0595532630a2292d369618e06cb1a54.csv
2092;923b4b7061538b48ec8b371ccb6bae4e7e842d0d.csv
2093;7bc896dd6d0eb18bb780d772c3ee53cc7c8dab8b.csv
2094;9993ba79fdfaa3e7d9a5d669d07ef1bb57d9c0ec.csv
2095;182f17231f93d786bdfc16b5747c3e80c97c9ec0.csv
2096;9c1053307730d617cc748e9ede0e890fa06a992e.csv
2097;4fcb5335f26d89d64cf5aa7487acbc813d02aa48.csv
2098;c8ff3cafb46a39267ff1a5eff4bc2a1f2f29d37c.csv
2099;34a7bc923ee6c0342d8d74e51b0b06efefa6ab0f.csv
2100;337ff3edbbc310975b872cf836f16dd726296739.csv
2101;4fb4ebe703a029cdc6f574d4d4498483e96059eb.csv
2102;517ede99b17b09eda6a84893b3c7105eb5f0b89f.csv
2103;49f7f726a602a3e20d2525a7b696fd4a41d8430c.csv
2104;b1ea896cc7cf0af2906bb82b046788695e5d0d2d.csv
2105;26029ce6e9b908af320d79f5386380f45578fb82.csv
2106;7a8f5602e6965231fd63c55c95b2d1523c3f8091.csv
2107;39c50d92d3364c82b845b4dac5b8a8f74d83ecd1.csv
2108;11499ef148d68c98075ba342851cc9c96bb045e0.csv
2109;6d60088295d3d6ae75adb805206f8844ba5c1288.csv
2110;61d88fe484fd2e0473799f9eb11f56d2612070e6.csv
2111;46b9ae4c5916d47ad13122eb80420029e921dd87.csv
2112;0be19bfb83d9eb0a6b6f1c7ce8b75a58d8b1ed6f.csv
2113;b62cb8b15ead1c29a8a4a3b39605dd0a5bbe2f33.csv
2114;4faf6d666003c405eec2f4dfd55ec0b6b427ad2f.csv
2115;308332fc1ccbc78bf229da14ee611838c32ce2b9.csv
2116;da9b1de6f607c73b126717ebe9bac3d79885dabe.csv
2117;0b8d789e2116efa9e813dd4763020174f3f26968.csv
2118;88ee8a63427422c89a01061e86807f4ac8148681.csv
2119;8ea88e2c0be9ef625dbba3919374b0fe514d0a40.csv
2120;7d4fc3715d86426fd7c0a3e998e27a8c6e6330b5.csv
2121;dfd236eab8fd08df9f18d04f4ab6b1007ed0b98b.csv
2122;eb96d498bb92cd3a4a99048987744fcc6bab50ea.csv
2123;4dc330ba4fe387bbf6de002f1742f480d1daa186.csv
2124;c63aa140f9708e77bf501b4cd79ba9bb282193aa.csv
2125;a6b2ed77eb280c2906cbe64039b9e3dbcd0c2b04.csv
2126;1c181ace0ac93f2bb2d6104fe6102a7c7deaefc2.csv
2127;6bbe1fdec385f05e1ecc78015597770668fe1a89.csv
2128;7827cea2ef483ac7412f4f144697fe134501eac1.csv
2129;683429912186a7b0c1f2e61bbd5f3897232ec22a.csv
2130;6ca912dce12fd22f4ac7cc3cfc93869cb81553b7.csv
2131;814db8cc86a4da08a76c5cde82aa7d4b60a63780.csv
2132;261c9158a7f08cb5c965b6a78821ad658b84474e.csv
2133;0103baf3e4e8e7465d9630386da01100ba071cd8.csv
2134;7716cb3ff9dd83dbbd2b5c85eb25b31436a1bd9c.csv
2135;f713a382f9f629614dbcf615afc2d1d23b807f02.csv
2136;5552890914af321d5876d2da1da527e9892ea09e.csv
2137;5f65b64dfb4af07e82c59e2792ffb49568031ef5.csv
2138;6019533d915afc9f304004ddede187d08e9f0e05.csv
2139;fab77121889732290644cb50368e0b1486f462cd.csv
2140;88570a6aef03be24f89f3c0c49d9f654af2c1240.csv
2141;2d31393114c5940a17a7994f5f24423fea1bed3f.csv
2142;122a820ff22197145ea286630847c743c0492b5a.csv
2143;3c80c0e69b8d29bce7c029d3c50b3da76690ff3f.csv
2144;e69dfe25f7db4608216cabd383668302a49df586.csv
2145;57ff95fe050588d74819f610f12750112c333cba.csv
2146;972482d15d5c9aaaa9e2eadabcaf3ce7f99d761f.csv
2147;6285c867e075bba0b64f163f2bcafd5fd34bd910.csv
2148;e372884e212a30e58f69ab59f880ddb1fbd6bfad.csv
2149;9a0bbb306cddc7201b312cba0ab8181e971e7b6e.csv
2150;54adf0867cfd42839625c25623e3c0a080c605ff.csv
2151;9eec2605140f0856096789a10421729e4ba9d4e5.csv
2152;d48487081c9e91828b15649bc961ff32eea8f64a.csv
2153;1b5954d845694ddd2695243d5732946aec56fbc2.csv
2154;178cf12d3ee7a34be1246f01aab17261ace90ecd.csv
2155;3d7c923b61ba99da611d54fd80e3e2a000268ee0.csv
2156;94c847c75eac167fa025c3d217fb1ae152729c14.csv
2157;de831b56665bd92e6d0607965099bb6113a1d222.csv
2158;998548cf6bc83b4dfc9d061a2a4425cc9506e82e.csv
2159;48680c8f096d42d9e6d09f711fab46ae08ab89a1.csv
2160;78359038f048f01f02c2aa9742ae52cb30f09cf3.csv
2161;00fd39b9167d20b07ae353e49b46c78be7193677.csv
2162;2a8ec1b4be27a8206c71763548901bbc11421540.csv
2163;08c86386f879601666937ddafe423d3ff514e2da.csv
2164;b3939d4b76c9467282ad9d8fd8a5132600f8c665.csv
2165;7e312dac8268e55c91df2df2fac9ab805bb6f207.csv
2166;f9abfd47a6bb0807811f3e5648fbb48e750322db.csv
2167;bada3cc0577a226694617d77f95ac443c6431969.csv
2168;1c6f1888177420011ff0c6e714490bb9216898d9.csv
2169;71c47d96b18e5f079eed186269e9b2df25fa9c29.csv
2170;efc50ae4c08699212311dc5f0f5cd335b88f1415.csv
2171;5d11cc6da84dd7b8930024ffc0fda1e561e5b1db.csv
2172;2f9f49c7d94990d2b3d11d456b04435414b5fdff.csv
2173;c388d30ac348c2f712a3b597373ea8f4301aa173.csv
2174;df7f406f7ac71bde114c6ed5c11592e2e2e559b1.csv
2175;1fc1e92959f1e11c1694a8095a74a4e18450c270.csv
2176;3a35b1a403a2b8e186f8aacbd6f30eb70e81cd98.csv
2177;9137beeed62e9e74d024f692955ea5ed7f8ea79c.csv
2178;c7332521e26a3081ec9845e8106a43343358b115.csv
2179;d71e08c9b6970cd207c74232de51062cbd224e8d.csv
2180;9a05fd132ae9383dfe882058bb614ef227c54760.csv
2181;f1601a671f236a958f936c3019ef3459f27041a5.csv
2182;f25b4e8858297fd2716bfbf5c5c5d4dc95e9fec1.csv
2183;83cc3a716dbab14981750df9ef8d0029f4a39d19.csv
2184;703b0f937e3db3975e15b0f0afc230955e35ddac.csv
2185;08e2f1f33e52092cec9bd3df681d1052f8c3dc85.csv
2186;a29b3907d45b7fd0610bd65d903c40f357e6f399.csv
2187;0b5766df080c50aa5aa947e28e17af647c6700e8.csv
2188;dfe15eebeec2d83b843a09e77f39185c89193d11.csv
2189;5f94b5f7e914cb87d2f607a1b0ef03c135b0a2da.csv
2190;2a168eb1a9d5d797917232f4012d5d928a84ea33.csv
2191;235ef978feb59a1d0d829d58dd7838ddcbca8e50.csv
2192;4d77078dcc719ace0848a3584d9e287fa5b8618c.csv
2193;149b32dae46ed324998d59a25a6256cbdcaa4c42.csv
2194;d2681803b9e5288f5effea898cfe73acfbb4c96c.csv
2195;82012173f8bddbcaa3138ccc3aae2d554e1dcd1f.csv
2196;ec8b7a64cd182081f2f408cce8775e03fe7b3863.csv
2197;21e696ee5c34521ce9d505b71f27e80de6f81aee.csv
2198;956da8bf64c32fbec43fb2af54c2b53f79cc4b40.csv
2199;a97968e164a378d7dc2c8d9abe3215ec16213116.csv
2200;fb5c1465c1ef8643b98a3029afa0cbb3785db454.csv
2201;06e9041ff3cb1db28a5df4c73ae0942e1ee42b1f.csv
2202;ef33970f81039062b09ce5ee37bbfad2fd43f33d.csv
2203;b9249b3c6e9a906499de55d754cb953eba01add3.csv
2204;cf110fcb38883c729dbd6cebfad8b40acfee8f0f.csv
2205;62b02df8925246450b65da7977321806f50a42de.csv
2206;b4673cf125af9990a6e8dc146eaec13b3d25b015.csv
2207;6b27f2d9fd56395d0edf073473e50ab49eeccbc6.csv
2208;a9660fd13e309123c17428c7246070b192f3aa9d.csv
2209;80a357e55785bc902caf7b0a9c0fae191a5d354e.csv
2210;b4a57c44450bf478f156673eb549da0df83870fa.csv
2211;f1ab74f16ce87b9aba43170749356f9ac8401dd8.csv
2212;b6b63c5313ee999b9309accf52057fd1703de8df.csv
2213;27220beddc75ecd095c440c57e5fa839b9dc2c3f.csv
2214;84c297e1608f81a4b2f3b2123c74ab8edf6e93e7.csv
2215;bf98a8e1c570c48642dcd2583a0010fd45e90cc6.csv
2216;e1492e48677f7e0ac9b82b18d69222d15134db7b.csv
2217;6014bdbf564ac28219dadfc33ff5abad1bc25ee6.csv
2218;35540a705727d5efb767afb086b9f86fed0bd4b7.csv
2219;30cde71f98e1b4202ba43473e686ec4b5b23d42f.csv
2220;df2bfbfaa6b85b062822c22e7fdf9adb9b67a486.csv
2221;662df200b97c40499541945ec265a98a84820e88.csv
2222;4615051fd7d1bae4ffa5ec9b8227e6bd84d6cd3f.csv
2223;9143b479c17c3bb45042a8fb6d67ec44f7c4eb25.csv
2224;845ce793192140475fb51949bd546a0047903d6e.csv
2225;05d8cdbb35a06a2703fe6c715f6468b411d31044.csv
2226;4bc61683ff579d2b4627279207af0882d334d810.csv
2227;623ce18d70e77dc8355ee76e34b9e46b84aee81e.csv
2228;8e0e700c154633549223f0d4781ae538b44808d0.csv
2229;23c57f7251a9c115446b642916b659018f527763.csv
2230;55b8abdc8636f6379d79084462f5751128878a64.csv
2231;2a190ca8e93aa8792b5e624265779be6f03c7e4f.csv
2232;63b0ddadfa0479a4aa56b655ae87a101d5299902.csv
2233;ae4541f6e81606b1d8d6aef48cb91c64a93da564.csv
2234;eaa32e6b91a42f8c79e06cb8ea2285295d3c1536.csv
2235;113060e7b37d91b840fec0237208255733929e64.csv
2236;45283a0e87513eef9e66e7f031c6b1d571b10927.csv
2237;d68bafc744c51d3dafc0ba69c5b4350c420ce011.csv
2238;3c75f88f84362e1a3f1f13381433133b72016d0c.csv
2239;c00dcd6ec7803b35ba7a9db20a2507137abc9d95.csv
2240;15be13113a5e44ed6b5df14bf3eb31d7c0ca37a3.csv
2241;af6082b6ab694a637429a5f2cf3022dc78511c68.csv
2242;8b0b2f1e4cfec5b7ad397ef4fb09dc83ee0a3e1c.csv
2243;4fe01fd2901e3e88264b21d17e78c1589d28e07e.csv
2244;2d6238d9ce4e06b30d3be8b0206b286b6e3e4ccf.csv
2245;4c583b8b8c027984f5c8d1035d97ccdc021d3be8.csv
2246;d67f3670dec74d9d2e0fdb0f0e15b0f20cff00b6.csv
2247;288e7ca4114dc7e51395a0defa211b9cf67297f2.csv
2248;67ae6cc09106e080cd5019f09becb78eb1bd5f14.csv
2249;f33af692d3f91521c62c3da9600af432f955cc8c.csv
2250;1296f3cfb1b0f784c65459ae7369c9ce0dbed5c7.csv
2251;09a6daa803fb5aba5cc6ae2cef54c24c5a661d6f.csv
2252;0ad93a12dda6aba8b62f2108fa4dd0b25c1337ea.csv
2253;3241d15512e320634e3a77e7d0ba190ffecc1b3f.csv
2254;f30d0a1f29fc453bf2b6e0382240137092ac4deb.csv
2255;c8d3d45e25a50ec507a9d03ed104a8abe5e53ef0.csv
2256;d0e0eec3071f8874c438e1466c44b76639d8382b.csv
2257;f5188ef9c97d21bff6b592a1af4265c68e7ca28e.csv
2258;f6413370029bc8c6ae7df194c50821d80c03598e.csv
2259;e194924017ffd82f926955f23ca6e30ef772b6de.csv
2260;4e7f6644a38aea6fd9938eb67122a71fbf6f8f3a.csv
2261;483f2fcca26772cd100759f89ba042532ab39bb5.csv
2262;25f788c8ee504e9297b0d5276b42516af43ffc38.csv
2263;eb7a3a927d9ff98bbe0daf1815ef98362bc93bca.csv
2264;a523866ce506078aa6ac5af39ce7edb135787093.csv
2265;377676b63e2a2c4571a0a7e56efec38cd733f04d.csv
2266;d95aa29fa61c9fd4ee5f7bc29fca44d9e124c517.csv
2267;a3906c407ebca18664040f4f03a6811dd2c4d027.csv
2268;869527ed7b135ec927aa893580ac78d45ce35c98.csv
2269;ebeef7ed15f08b86ff80ec8aea566c2604476492.csv
2270;2bf2b2850add76335d13087e3781000636056110.csv
2271;b338652a39351d556ef59fca2a0c9818db8e7c06.csv
2272;59f495eef3dd030c9e89759bcf3aeb1b0f0dd222.csv
2273;7fe2b8136b4a347ae0daf8b8d49135f0de23d303.csv
2274;d07a12c15f26f94f6b1d0fc1ab61730140e8c7d2.csv
2275;d21c15c55bc1ec4daa906cdd848ad037e20c925c.csv
2276;f6cc1fb438f7fa13b875829e91269c0dae2b2834.csv
2277;d27d0183d6334f513757600db98f21a1542f664a.csv
2278;3f57d32180d7ef7298cba9989b3288796684324e.csv
2279;3de61d7f0a561c2bdfc9f89895736d875a670b56.csv
2280;11be67253822ac191e74fa948437b849d3f9e0ca.csv
2281;21da794e98e8be994e33769716ad60f58cad389e.csv
2282;d4f9da845a7cd9ffab610124c8609d01e598ce9d.csv
2283;fdd5404c511bd50bb6850736a8db9d8e3b2aa409.csv
2284;756459427d8c848dfb4a42473e1be6fad8a00ad9.csv
2285;b46f553f3346007b177c8af1acc290940fccf35c.csv
2286;b8cdf1db199cdfbe969bd4d180b2b35048dba3c4.csv
2287;4644c32551fb23aa873a7738ecc8d777bd49877e.csv
2288;b067a208058f1edd575cb8c0c6726674bd66af50.csv
2289;51d84dcdb63743d247efcba5d4469bfad39926e9.csv
2290;b30513bcfdfef7e6f7b2ee8e8f955bfd59a784b9.csv
2291;9055c2a1c584b084a9339c4919b59c7a26245182.csv
2292;e5916f020de2657de5965127fca8cbe33b5fa376.csv
2293;db6ed8cb9a0815328994b1034aeca618dd497ae8.csv
2294;3bd127aee44910d7a7377a1a58a48d9b91ebc209.csv
2295;c76ea6d2cd8f184617f7a58c53524d8918ab5f26.csv
2296;d14da333bb8dc75ec869200ade23bf5e60e9329c.csv
2297;5aea42c8922c84b19c8ae83793d535d53667a772.csv
2298;fb7d22dbd056b414d86590eec14e213dbe8b1fbf.csv
2299;1b2f4e588bda174f17b0e68edb0bcdd4e43728f0.csv
2300;9f834baa2b482088288b7677ea7d6b695bade329.csv
2301;40576184de4756734299f52f0293e672e3ff7aa7.csv
2302;683b8d8b02e0a42486182f10f96e48f688c3dcf9.csv
2303;c6a68f7cacaca07aeab83a794b1cc91cab1093ea.csv
2304;5105971a345abc7240ae41207d785375a298a50d.csv
2305;2aac4f808ecf429a389fb473ebd06e44b152db6d.csv
2306;547a2a7312920c1e47993ce4df580bfb8b0ce588.csv
2307;edbed490acb09f836287b9dc10507d16a2f3811a.csv
2308;2cf54a159a714e050b75a566858865768303f338.csv
2309;2c718308a4d41debe131fca643821cdca5ee8892.csv
2310;775a06e57107353982316ddafd9ce07df74cd827.csv
2311;3ef8a7bc490b09453f0588a131f27388dec00bbc.csv
2312;511f9bb12027bac0cc1ab0c52db98ede7cd2d364.csv
2313;d00ef4f7e5e8aa3bd2e1b0414f85c9d89b0d6a1a.csv
2314;7d53d33c7dc9188bb757f20b10714041aa84f59e.csv
2315;8342f41eb231ed9e0180c1cb5ffa6c8f03b680a1.csv
2316;16058badf249485ec705cf285aa7f3ea4606d7b2.csv
2317;511aafa17e8681394e62c2eb6b27ba1016574398.csv
2318;66796b25270537af9b48348834e654a5ec739d00.csv
2319;5f008210fdb1eedaa6711b6fa45650c02a7eb9d8.csv
2320;a7127d296e795258495949e9bc1c49429e7b9b32.csv
2321;dc350cbdde2a3f0a4f9fa37f453fb8baa98f87f3.csv
2322;b69d6f57154e748e5524dfa7011d3b394167fe09.csv
2323;900dde3dc5646686fe481d388e8dd5be375aaba8.csv
2324;96b0d8dce6ceff480444ae8229a72e2dcbee9b5d.csv
2325;e4ab13f7afa998bb0a8e111b271dffa27e42df12.csv
2326;08e3267072279684e25f8f51a78bf2ec534fbfdd.csv
2327;fba3484c3e6d586d8c9dc67153fea9a345609f0a.csv
2328;53730c2be3bcc240bd8d813d6be487fe28096f5c.csv
2329;888df3a1646290458e16ab2ad3add5ef41b02ecc.csv
2330;93d4555cbd41f7f2aadca427f68e94430d94fd84.csv
2331;3d2c1c848225a99f51159739a87d008e33480247.csv
2332;d82cee69b5f9cdc8936ec5d58285988f15020489.csv
2333;2707a4afe9c7f569f6dc9de33e43486282c4c081.csv
2334;1e26a0c50d7cc401461714da25edf808cec12b51.csv
2335;a8eb11695a4ba6f459acc7eb15148d931d436606.csv
2336;1725095da9b98a103e578c444cca117be2a7346d.csv
2337;851407a5f7f46dfdf332ac8f023c14c130a444f2.csv
2338;e0ccdee546e2568d5fde7d2f21305d91948cb9bc.csv
2339;c85ac6dc2c53a16be7fcdbb1523954da3e053d25.csv
2340;176ae38c6006913f145c24e307aee89fa4dbd634.csv
2341;e8c3a76d429fbb5e04ae2d340d4d6d43fb74d5e1.csv
2342;f8de8f6a45f3cef1d1264c5c8a05de483e482f9b.csv
2343;84f1b0268d6f90cf381482b9b3bde6a0d28a00e3.csv
2344;1dad74f9f8d058791ce59a54c2c4171c161821e0.csv
2345;695c98c88802f05a1fe080f1f50ba04b1d6511f3.csv
2346;2dfa0be1bb1a31162753d82e58eec064a193f72b.csv
2347;c530289ea3895b83ac6a8eca257622f2c6639db9.csv
2348;ed39eb0ca4b70bb930451b74bf8dd59110757f90.csv
2349;1866516f9deac67caf70b58d8f907b975939890b.csv
2350;895802473a41aa3faa0e329e635f4e3912228831.csv
2351;e9495814d8856af3a86fc2e0d7b573e8dd217e1c.csv
2352;3d36ee73ea1b81bbb2fb18a85f71b6853c70a402.csv
2353;becb49a06c77576a802707d52d8ef8361425c84e.csv
2354;0600766ed9853749cfca4d2ac0b3fb1c0e03c82f.csv
2355;498c5814ddb98bb877b80e1b0ba51015f4fcb270.csv
2356;01e3d931c0bc070ec620b87029b32e18be9e405e.csv
2357;b229cac8289e14d11824f5d95db2b47b6389d778.csv
2358;382b6772598f7d07dde36a4377fe8e25302e212a.csv
2359;c4d8572e1178f29b8aae42bdd25e752165ef8f69.csv
2360;e349403c88f101828154ddf9cbaf72d4b62a1137.csv
2361;699fba12f495095f4e0921375f75b1b127cbb2a0.csv
2362;03270a6137f68975bf6a35bc5503ca367d97d2fc.csv
2363;9b2d192f226d6d1d84adf5226fa562758ffe9055.csv
2364;b2c5b9e25628586800b84f9529d6f5bf0cef1f75.csv
2365;c57943bd6d2dfae2e289dba952f13e59ff3db87f.csv
2366;83b367f6d7f3544e11280bc2c78c9d7d5c13906a.csv
2367;15dc8302d5c7a90fc97058a3dbf18fcfc66408fd.csv
2368;9aa80910fb732fee315f436f589ff7faecacd707.csv
2369;b568e29ae227d92d93445e88ecc084e723a52f8e.csv
2370;6847321d1e8d6821cb6c65ba171a676be55c8fa1.csv
2371;ea43f7f5bdbd2cfa2da9f70502462aa5bf2eb2e4.csv
2372;a1fd28115cfa14869f29f30d2121c1058e6e81e9.csv
2373;7cf9a6ce17fe5d1ebb1e961db63b6605a1b58c4c.csv
2374;615548f3e1b4817f7b7a99bebe01e6911d441172.csv
2375;ca594a20c773b19715fbe61c595f23c7c9868063.csv
2376;51f4729404500a8c5fb6ca93e6c777a9b2b492ef.csv
2377;80caa1024c946576659b17c70053a78eff011632.csv
2378;1f48d16c1a0e58f62f936d1b009296a8b0307d5b.csv
2379;be45e8e65f87de560ea8eb265a3fb523c779ae2c.csv
2380;04d2485dc94195bc82c1a237ba64f7154c47761d.csv
2381;748ef951c31564eb3eb37a7bc947ce5ff4cb5fdd.csv
2382;c358f693da10ee3bf809185f771fa1dcf1beaa02.csv
2383;8c63eb3a5dc25f0a67c630ab3d3ca60b135305e9.csv
2384;2f03d3c4a311e8b08b65ac301a2e3e82cc11f4c7.csv
2385;cf3d012a747aadc8d8756951bd68985c0589f45b.csv
2386;7b7d75592f76297286d31c1a5a2e9904a6f5c447.csv
2387;01b3715fbaee6d09d7884f51647e7f8f9c6dbd47.csv
2388;6ef30c327132cbdcf5ee67605fa41086ef43fed4.csv
2389;1f45ec61909c4000fcb61fe05fd8f47dd1fba208.csv
2390;2d7dbafa3bd0f27b119ac0d00e8a785122adcaf9.csv
2391;e90318a70577f501de82ffb11839cfe7f2aa5bb2.csv
2392;f3047352041c2dbe55c63e9602e2db064fb1ae1f.csv
2393;c4337ed74e574724e78ed28c29875d1beba3d673.csv
2394;4ec8eb6216cd5863a8952e08cef39063d686c7e7.csv
2395;726c590e961ae5c85027c666146c590e4913e2bb.csv
2396;23eae5a7a5adea7087bfecfe28d35fbcdbf9caf3.csv
2397;4f04b9783f460c3e1ed4d05ce827416d63567ae4.csv
2398;cacae08c1b352c6a4aeba0e941454655a9e118cb.csv
2399;9ae6a5d87d7b359f456a36b38fb6ec449eb33300.csv
2400;f80b74f407527e7be87f2b27090978bcde3d1d06.csv
2401;cc5025873dd3150b5bd69fb4754f27fb8b8dfaac.csv
2402;cdc329678216ba082e673fe9ecebca5353dc9060.csv
2403;f9f1bacca8a3516f2eda225c06a9d66e97dcdf2e.csv
2404;7977575941edc4b782e07d02de7f982c23a5ece9.csv
2405;59b5d767e4bb03b049a800c82c2e78edd0650907.csv
2406;0114d791c43d76ec7d3e610dbbcb67a0d872382e.csv
2407;6f8e7a77ebc57d7dda4d0609b087e69e410591cd.csv
2408;a4dea204c753a726c5231b5fcc0ef0d048446fd3.csv
2409;5c103d4a5653649f6940c918b784617148e66be3.csv
2410;fb616b384c73d1a6cd540445e1eca0ea821dc9db.csv
2411;9d867a0457787225540f0aae55979bea536fb74f.csv
2412;ba5e05246415355197be084c510ef1ba2a8bbb35.csv
2413;e9807d56c2ace3ab342634d36ecb085ca26dc68b.csv
2414;19f3cce2558602bfa5afa79a75c9be6938fbe248.csv
2415;a6196a950d38fee79d699c99ef50adc7442e5879.csv
2416;9afe908babd48784b72535b7d9b3d964d1cc6b14.csv
2417;ae1de1cbb1ca90a97473211c51e31e9d30f489eb.csv
2418;34ce26f6e609a7e6c496d993b4b7b228809159b1.csv
2419;aa83251bbb4e74cebeefc3e631021c42cbc9d5bf.csv
2420;fa2947a0f5d1eed034895da62871b9e17ac62048.csv
2421;afac2ef0ee5e5ed210b068c6b3b4872ff9956698.csv
2422;ae785147aacfa8c92559243e5feba897ea55e758.csv
2423;f908bca6a7e32a9bd496fcd234f08605131e555a.csv
2424;c7a5eb7018ef7ea20d8ef8191e8c82b97471f5a9.csv
2425;2a725db0203688f0b8b29d95d5e8f67875b80c8c.csv
2426;53ef21ff9753295ec77a126ca76178ad4b163099.csv
2427;d50193b69925aa965c272518a2a28bdfb1219c68.csv
2428;475fe0c36634dcd8d9bb94b8a44ce4e617ac88a3.csv
2429;904944c276ca288c35aea9bb3dcf333701514d27.csv
2430;6ef138c1a83b15f86805a688241e4d728c05d33a.csv
2431;3870957af6801f7328dbb8dbfcccc045f4fd1e42.csv
2432;2f4af3cda5f5c1be7b28f7176f7cd6635a02c5e2.csv
2433;e9bc891334233148e18e975202decd5566a1dda3.csv
2434;007261b506c7d2954ca49a97767ccaf4988d7893.csv
2435;186cefa9c5d0bd0c647defb34688f36184a16b8c.csv
2436;3f9cb7e1a834ac89f3232412b60424fae062d6e4.csv
2437;664cd72990e2a871264100a81acdb4e3c5c31c1c.csv
2438;4540d2c29d5a64e5967b34c96d1b963396793039.csv
2439;505ad842037b1469938e62dac5c6b85fb4a841ae.csv
2440;18e0f53c82db254bfa884517bef263d9e8fecc53.csv
2441;1ac09a0a77face3ec2936d428060b436f48cb2bb.csv
2442;9937968a45f1947fa5d847f2942a0fe8a30ac280.csv
2443;5acde628c301c2b30515a4adb699d8b633795580.csv
2444;69c2b0a469521e87cf9807566d9763d4e32b6890.csv
2445;a6cf4056a15f3c6d3b006850b993fe204415b22f.csv
2446;fd6e510bb93580f8cc9ad03c6be723b0220e345b.csv
2447;e56506b6511751fa83516e1117dfbd287451d65e.csv
2448;45631bfc56b5179a37556cb0a060a1d7ce7ae7e4.csv
2449;45963ffdd0ae170faa623a48288f8e257503016b.csv
2450;27c24bc25e5f22f0771e1fcb3276c728fb446828.csv
2451;4b6924e8a47cd58844905f4ce2a134e44783d68b.csv
2452;354555332b24b37adcbc9b032b1357b8bebf9299.csv
2453;f4b4ed27cebf4dbe3ef0694311041c7f7ac328d0.csv
2454;91f76039e4f3b0ce03e16d1011fd064634f370d4.csv
2455;2141f65d307159d96e111b2f68dff9fe7499054e.csv
2456;6c7a191615cd7156e9b30cffbd9d474bcc9a69a4.csv
2457;0bc315d2fd406be6d572c343f3ec3bbc54686f8b.csv
2458;7f04bc07b4158b33260f0b390b2371dd520b9312.csv
2459;fdb94e59b4aeee3c39ea906dfef8a165df22aa8c.csv
2460;214ad13bba77e7d3c0ee7ec370c22cbe533d73a3.csv
2461;ec7e15d0541fbdf15e4ca4c17f0b55019596bf41.csv
2462;04089ee16f1c15a5d3b7adaa0df0756e7b96fed1.csv
2463;b1f6e102b07909f9517560f96460e8f1195a3305.csv
2464;914ac27a64e06952eeefd490cfdb111c04f202c8.csv
2465;1ccf43f3a9d374af17447f82d3641a9ba8b545c7.csv
2466;bf4a746fbaf85b9312d050bddd18f44568f36a79.csv
2467;c8d1ddd607733f1d97a9694f39a9428d5b63a376.csv
2468;996577fdca11950771ef46e13347bca9f07dcc4d.csv
2469;d4fe065f337e5bfb3a405135d494bf5d12e47e79.csv
2470;5562c2dfbebce46e0c95827c8840ad0b861666e3.csv
2471;9b40358800a10ae37af0913d961edb03395ef787.csv
2472;02c2c01e1908658a0b8cf1484eb6fff42e678b7f.csv
2473;352657225f9b69e4693a466de17c2a4d55ccc1d3.csv
2474;fa22f75fdb3b06e176bbdcdeda5bdfe858732ca0.csv
2475;9817c7e2740f87abc0e932253a2162c413df69b5.csv
2476;e02a840e3f0bd2982446c853589d0b4dc7a17642.csv
2477;2636c0ce0e415a04014e0223876d05a4dbeff83a.csv
2478;a6223e7c69d8d8404a4576a0a6968cbf010c426d.csv
2479;24a98f5c08b96b0a50ca97edc2626155041bf15b.csv
2480;5b19159991af1bad3de9580922d410815ca86dad.csv
2481;c21fb11a9bf37a9ae2d0f6dadb5c08c360046549.csv
2482;874ded1a490a5118efb3fadc3198cfb383fb2f3a.csv
2483;09ee74a630587010f95296fec1f79b8b64ff2e09.csv
2484;bc0859f34bfb9b1e75220c42362947892dfdb6f7.csv
2485;cfbed91fd0b15a04878373862a9d5f56d7d78c5f.csv
2486;1aa49c5a2eded6e56a51ef7c675fa5c345e03e64.csv
2487;fd0296c3b213ee62726c3d478be3359032fc266f.csv
2488;43913d3de280bbe325e4e0a8f9e6e50dbfd342b3.csv
2489;1d4c2c02f49b096106e0d342c22377249ca73629.csv
2490;43e94b156dd3088b39c967b0cfee10632fb69fcf.csv
2491;fd654cbce111313949e079eb36bb6a2320c4c56a.csv
2492;a62764b7bba0efd7727d498cac102f991ddf4475.csv
2493;8467fd498e5b76cffe89afe4ac3c36c1ed2a6e10.csv
2494;3aad63e0dd5ca231b3aee4ff27dce123bd07b534.csv
2495;a0c3984f74a9a7799964badd08bac2c091fb668e.csv
2496;6b1d17b31523708ac03b323ba761260ecb7cacb1.csv
2497;2c423af1dde4c389b02982930f81e76714204660.csv
2498;8f955ce4bb429aa019d97ef187eb5758bf82cd3b.csv
2499;d7a88476cd9fa021d4ae1b790411337171b7c274.csv
2500;9f54dfd6e09167626911b231406d279e5f1b5fcb.csv
2501;f5be7d20b55708cceb0410d5ec80067127dab965.csv
2502;6bbd41c340998a90c41cebafe37431b2a13c45b9.csv
2503;2a9e1bfebc22752d917f053ed5e5e7d5cde25494.csv
2504;520a5aabfd10f62a6be61f73a811388ce4e3bf7b.csv
2505;ac84268dc913b0c8c10448362ac32e73981801d3.csv
2506;9bb21f87cfab775811e8b4983fa5aef0267386ca.csv
2507;3dc2de33c2f34f59659b0445b615eb424f1f3b8d.csv
2508;e67e423ab9413536a0040e712a7ca742a7f878cb.csv
2509;429c5b39ce887f0383dcfe255e64bac5e794521a.csv
2510;a9f53b8a5c9caf269656e3a1cf2b45295accd69c.csv
2511;d2efcad039335cee9afbc3ff40b7a1bcd5476f50.csv
2512;b9156980f38238d7a4beccb6bd5857abdf566580.csv
2513;0b9541cb33bfaf15aa3838839a39ef78a11d8658.csv
2514;af13909503333083aafe453960a51245b0486595.csv
2515;e6f2e1e2ed2134caf19b447eb237ef3cded423f3.csv
2516;d619e85f7e4e5ba75378c1dab680300264e793db.csv
2517;4f52c66ef2540ab59f819da1b430a24854253baa.csv
2518;4991fbb65749de5be368cf396f0e4e1074622888.csv
2519;6ccc5e37f4f8f056f0cbd87b94491a068310bb0c.csv
2520;8bc831ce14cff1516f76ad8a8cae7a90e6f4f261.csv
2521;bdd29bc2544c4db266bcec6b7b404e5c360ca35f.csv
2522;869d3d4d00795e9ca42618b9207f6dd315b19cd3.csv
2523;922c1567a2586e3a7c8c955622465e91f5a9456d.csv
2524;65a592b6ee1ab68d0158778aa9f71da79fe3499b.csv
2525;ed2de3694f5580ea38f4adf24bd1c8b46862df1f.csv
2526;3171b4dae891f0f817829afcf2669691ad7de287.csv
2527;4ceaff028b8b6c1c1be2f3c55620f42f8bbbc66a.csv
2528;de70eeaf1ee8cc318f88f942c92eb82f4e8c9ed3.csv
2529;2d7c34a9712cade4afa2dbe07ef84dc1a9dd2791.csv
2530;153129cdf5573d18ef3e367127f4697b52fd5c08.csv
2531;528e595d6b6e296904b3c2ca32e3d4177afd8829.csv
2532;a5dd8866cb43501ae36f6ec15290e3ffd6fa1c85.csv
2533;c7372fea041666eb3a94440db34719fc97dd3845.csv
2534;0486ec801eb4e43086b6221019c9860b2086af17.csv
2535;fe25d46c0b8003a0499ad62274db84f24d5f05e2.csv
2536;903a916aa919be745e784051093ead1f38c473ef.csv
2537;7c299b1c2f8c81470a9356c21280b07fb5835191.csv
2538;43bb2013802ed4ac9ab39c111ceff5b7cff19f2f.csv
2539;5ff624ceab5ebf7212a67a7af7e2a66cbf02886e.csv
2540;88daf0432a4181928a3455b142f18bbe43e8cc12.csv
2541;76380a438d17f67cfa6f9760485ec9837cfcc1e1.csv
2542;588949ba49a69695700a5be4c3c26182009cd038.csv
2543;d2c7f746bd912cb89edf286a0f8fef2a823511ee.csv
2544;d3ffa11f429a355f465a235232ad67b52c495342.csv
2545;f592a8a27662ba15bf4af4b3bdb0e71c3dc0e88e.csv
2546;28d9aa67c285031bfe42e26822d1af9427dcb6e9.csv
2547;94b8609f8a41b304107199040676a79d59c0f461.csv
2548;edc9e8a66c99820ddd977463612a6ae114325cad.csv
2549;2f6704757eb7997842cf68d55dcc1206e4003bb5.csv
2550;af6840e4bb0d871930b027f38f90be0de003c6f9.csv
2551;370e5d14caee229db1942697a6bc5726ea4d932c.csv
2552;2ff1b7e18754fa257899ee0acb29c0b2884545f4.csv
2553;aaba308c8eb26decb2a1a8bd3b3880578fe3cbac.csv
2554;4a1473dff62b4a5607cc52a3724756438f0c8af3.csv
2555;778a0fd080fb4b2e27dfc13099c7eeabbb565f40.csv
2556;5cd52ab29832a610de4d5453e4b33a97790861a5.csv
2557;1408f2c3b02d12f409af54d8d1166b58aa9f2808.csv
2558;b0c4f1bdd3fe67c3d7501a7b2fbfc78f53c0d34f.csv
2559;282fa1f4511c11ec637921f396ec2b2d1aba625d.csv
2560;54504c8f8b8dec21ad7b669d411991f3fec517fa.csv
2561;d17ebd82fed5539471e8e0f8d2c496efa14851a9.csv
2562;d33af568930f084a27b4f7ca97d1c7645bac91c3.csv
2563;13f5c3597bd413798c5696299c3632d3fadf6344.csv
2564;167810e1cecde3ea04193bf9bf026e69c302db20.csv
2565;b226e6fa94195f562dc8909d0e535d852e11a687.csv
2566;2d617c78b7ced926568b1af4d2d8a827a1eb5431.csv
2567;789f2a86405f631546d207748ee0f171f7e8559e.csv
2568;c2952e4d56bd9bf5c6eee0aaa733557471e60a92.csv
2569;011c7c4ce9ad8c20533be1791a4ff09e3c536532.csv
2570;637d6a9ca8920437e34137e3076f77be3157c19a.csv
2571;0429967ecc3c177973ed2e46ff748a073b651e03.csv
2572;830d94b4a696c1926324cd013b6d557faa2eebf0.csv
2573;ce4e2642382cad6ae445a21b5a65e6f57eb3fd56.csv
2574;34382b629ac7116f8288f093a706e451815b8a4a.csv
2575;e5843db36b4d3b7b85f3fa486515d807f73234d8.csv
2576;e58351209c6046071ad25b8b7ec79238342f217d.csv
2577;564a3bbd035d9730cf4a71f5299fd92c83deaecc.csv
2578;8c19d1e5fe9cdef28e4762365d290317c909b501.csv
2579;0be8d44cdaf0b7cca9697c33a590770f9d6e7fd0.csv
2580;27a90da7a85980d80ab23a3717f2f19dba4f6e85.csv
2581;ec575d33c0d3b34af7644fcfed64af045a75ab63.csv
2582;14d54b92c3bdfa5a17d694d1c6093bf5838ae837.csv
2583;9dce8df2b341c24b4c78f34616dc69a80c165bac.csv
2584;d8f3d040369c9ad46e10e4d430986e1f17aa8a7e.csv
2585;39a8b29aed8fba1a6ad67e78885e998277236bb8.csv
2586;8c1c3b1f8dedc265986178cbd90213cd0f6b73cb.csv
2587;1319a4dbbc3d7b9001f67f9739ec378b7362ac8c.csv
2588;20053ac563db94a7d1744d60cee6d2dea14e1460.csv
2589;7dd3e5ca61d69d90ab50edad7fdc6c48fc1e1979.csv
2590;5948557a489933b9cf1d34c1156ffe47faa85eca.csv
2591;4c0d77e951761c73efee8ae7e014d09cf37b1907.csv
2592;8d0569b9fe93d0997ca38060117ffc6381122957.csv
2593;05d12cd1333c6b5c9e0c3a3f3312ece1ccc8846a.csv
2594;e52bc2ce1b79725553925e3f6560cafca37c8610.csv
2595;0424541cbc2450884a817bb4cddd736b2f21e8d8.csv
2596;0e9219aa787b94bbdc832e1abead944f7e51c272.csv
2597;494f12457af7dd140ccf7b76f84e55fc79f92106.csv
2598;18ad65a3a27ad033c1896a292a5c8e5ba063fa7c.csv
2599;a7136066a42782369e2180e54010553e5fd7bbe4.csv
2600;ffc89f2bd7f513dae147b4bd0043164db16e8dc0.csv
2601;b73ef3672eff749b031df0e955fd22dd1744bb81.csv
2602;d42575348794a44317308e94c48340a7f5f5a3d3.csv
2603;663f4d946f643742c0f16cda102c5f1e6cd67ffb.csv
2604;9ae19f9a1a50426f726069289d002dda048e7a74.csv
2605;a199fe80dc37a8a078b6a6e584257d98ad6065f5.csv
2606;40300efc788ceec0e5eca4dc884ee8c5601baa12.csv
2607;5f5b18b0f7c14a78216c49da9a13712161fe5750.csv
2608;2b6d180732c1857bfc8f5b724275c84c29cfc359.csv
2609;0f52becb628da432cc0951501b18e0bac294bc16.csv
2610;51e3ddc1ff3bb3ec9377fc995a12b632799b58b9.csv
2611;2d743c8bc9667a1c17e0fbfa63b10a085749c7a2.csv
2612;6b2f17cad0d24aaaa28ca6399127a8faeb002b51.csv
2613;c1e82ab3646382fd09d4e38c7041f89466f5028d.csv
2614;6d4432caa5cf97afa0126e52aa5dbf2e2fddd2be.csv
2615;110db606b7998896273c57e28d2d6601d4d015d2.csv
2616;602c0caf8caddedb6c10522a40d59b94f005f26e.csv
2617;f6763a260300ecd4f91153d239ae9e39bd582973.csv
2618;6cf3f808ea5a4089e4a19b78997bf25b105b265e.csv
2619;ab26d5e171d9de5faaeb68b4b29d1f3919ef93d0.csv
2620;9f68a8c8ab83a18a08a4417904a12a4b236295ed.csv
2621;8b362dcea049948d839dc56f42f18f0df2be0a4c.csv
2622;d0ae5c602f5cf927a8910450e72649b695f65b45.csv
2623;946c8364aefacd91d78afb460397a74832c9ee3f.csv
2624;01313cfb80a0a3532ae597e05482797329f9beb4.csv
2625;e735e575e537ee76608d6f4950833a7ed2f07acc.csv
2626;33fd6993e3de9822356ff75f381dabe109c1b3e9.csv
2627;5027cd31c6cfc9b2ffee9e5e38cacbff26566ac9.csv
2628;dd1217361ab14e65057a7b87d32fd866248186fd.csv
2629;7897f50f705efbca5fec643c60fa9945fa524bbd.csv
2630;81c8df59bbf449b685dd76c5c2499aa1e74675ca.csv
2631;2d97940930d80363a94347a1356e4059a0b867d6.csv
2632;d609ca173bc158333f107a17d192b9960886e4b4.csv
2633;81c38d0128aa0df674b72dde14fdc50282a709cb.csv
2634;2024e4d5d7bced06b7a1673457a3063a5f4bc567.csv
2635;03c4605896fbd03882a4aa0c85ed027eaf9f90c8.csv
2636;e9a8d6b354786129252397c1d8a43621e4fd3ec8.csv
2637;f5c98cd14309b651de163f822dc607437196e023.csv
2638;d9c979a55f748d623b30a4370927167d01e29ac2.csv
2639;cfe6eb6106cace67bbc87df28776c5b0e3692ff6.csv
2640;9f35df80d73ea08d48dd4c52b8901a0e6dea9822.csv
2641;e630b993a9b1eacba99feec2a3849e8133896b7e.csv
2642;5f10fb3e6775c6d03da6e4ab0065c6fbceaacab0.csv
2643;df06d4e191658617b7afccc68b5258fbebb85d86.csv
2644;8497e1ffe7af3f7f3dfa36964b5f1813c0621259.csv
2645;8d884680783a659485086fa05094495051e00f98.csv
2646;77b639bbf66ae1b0cbf6747f8788553f4946503c.csv
2647;4e4e7ad325127e7122708ba2a9abf522283aa4c1.csv
2648;8b9b4467a18194adabd4e08bc601b788370ab9a4.csv
2649;afff5c62e387a7767679ea9f3e5ea2ca3608f835.csv
2650;326f2e0c583fcd9bdfb86ad3f58952f49b9e0fc5.csv
2651;623c96852631a001198005be38adc8054565bcb3.csv
2652;da482f25835a0764b3ba178a75956ecaae16c4ae.csv
2653;adfb6209b1ba33b6b1cb11dc9b183f3a9bf074f8.csv
2654;89d3baf8c1fd705699fccd3512d167dd47375188.csv
2655;d7c8eb4e623a172fbfa11b2344c61b1cd2d89c6d.csv
2656;956d3e0d41d18afb7cfce0316b08c4dbf672888a.csv
2657;221298016b04a2f16de191343275b930b106b75f.csv
2658;48260641211ab08d7f061d905f78a1313f5b66ed.csv
2659;3195812f629d6edc643fbb548602182e42e38037.csv
2660;b0629cf8debae5525cad41e5532cb84601ad472b.csv
2661;f6e8a5cee2b664658adcf78c48c54cbc7223a84d.csv
2662;76efb3f73cb3d44eebd6738b14b7fd35d1c1aaf8.csv
2663;611e6e18ead5b544fc392974f0152b82d362ebe2.csv
2664;37caa2337d7bfd9b15b44801deb7ba50743490d8.csv
2665;61fa6a990e2ad4f339c27eeba2b345aae391143e.csv
2666;42660ed19540a2bb59a9fb7481cb0c526fd12846.csv
2667;6fdd65b4222967843f6c1a65693244abf0c837cd.csv
2668;1dc57de7bb374bb4b44e00f1e741805f3926e090.csv
2669;2aada329a0cde26b24265c3cdc4d55d2ca72abd1.csv
2670;2eab2fbd24dc5f5d44edbb5a925570e4dca3a342.csv
2671;f8a7cd48053398693465150e22eaf0d34d3b044e.csv
2672;0e07713de441c236366af5a19207cbd0a3312355.csv
2673;3277cfef9b0d5fa59863173798af2b4d8aaa0bab.csv
2674;b497b7214952238c55e0835f00cb61eacb0d0590.csv
2675;478ccb65a95307d000fa985086b6a71984d1017a.csv
2676;4ed2b0198011b3339c4330a0c72168932bbfc863.csv
2677;2c3e03fe7c8891b780f8d079008f0f3f3372abd0.csv
2678;f1eacbd24a23bfcc34b50506c2b37f9bddbd78b9.csv
2679;b51751788dc5f98d6befbf61c3759c9158f8a210.csv
2680;dad485e33fcf206128fe9e8ab2e5ee85ef114e98.csv
2681;f86a47df00ad13643ae21713d56395ab0469d5ac.csv
2682;3fec1d8c1c53fcf800e5efb362ad214e901196fd.csv
2683;eb14cfca2bde4cf252c505c8f7381167bbf03a44.csv
2684;e689573213ec5a1cf9686df604c00bb4d51ed4c7.csv
2685;79bf53f893af0e835ea6964560ed623ce4b8d172.csv
2686;27f774dd62b31a5a4eea0c86fa63e357a3137eec.csv
2687;741d7ee5f41c2dc5f55bd3f3ed51619a67e3b674.csv
2688;e38d4710ae273e9f1255994f9db03c8b408fdece.csv
2689;4cb38d5d5248644d07e22a33588fd5211fd2067e.csv
2690;003f719a05b7a35ea4b778ded17cae230f5a0343.csv
2691;4bde0e7dd1c91ec8d150addef2288cb9ec7d51ad.csv
2692;ce47e304a5785dda198150336544b300b4c91cdd.csv
2693;e55332f26ba87afdd7b4850d02f9e97ae22a637f.csv
2694;009fb84eff4b71d93fdc6af3c1fdb9553a5491eb.csv
2695;4b5a3bb126a487773bca4b24e8d829ace6eb9b8e.csv
2696;99a4ce1fefe03dc3b63a054b54c659e8d588817d.csv
2697;4b3db1afbb09965a110dc0c987dbf0d482a1b765.csv
2698;89ca59fb95507593d4a4963c5f68eb189b71c5dd.csv
2699;cf5d73caa681d5149910917a4ce993d704e373b2.csv
2700;36f51186e737161db5cf8174b84ec18b6d5b6fd0.csv
2701;190148a7b5215fffbd8626dcfb4836db92fe7c59.csv
2702;49b80f692b4d3e2ebbd59454e10c29d522d8c2f7.csv
2703;c96d7a3ef7e994992559bfe6b22d0e8c892c255c.csv
2704;6619829d93f0e2761fa149b5ae8d5a77ca13adbc.csv
2705;7b51c265906b873195b13b62e34b894cb13ab8ff.csv
2706;11696dcbfa40bb1ee2b07a686f389d374fe621b1.csv
2707;b5f7f394b121c84ea076571e10b4a4b1bad7e344.csv
2708;9c72aed97f4385024fffe9589840c60a1f306a2f.csv
2709;238809c25f3649297a5b5344dd88867a5a52d293.csv
2710;63f675b756e21a4b0f8038679217a30f48d9f308.csv
2711;1e23bde4e435cbcb5f23f6b1dc2f6687f1c3b221.csv
2712;3552e2add68ba324057b9cbc8c53db1d339c8184.csv
2713;13bfa7a8290098863360920e13cd2c76b12456a8.csv
2714;09d961661a0c3732a875dc43ce206ba0db75a58f.csv
2715;f7317d957a1c9e928c74a643ea8cc52eb24985d6.csv
2716;c53bd19041d591f49de0a8bb1d196cf146aa2daf.csv
2717;93e07ba40700d721247683851f5bc1c6c141fc97.csv
2718;a5fe2af5585837597fc2e2be7b101b23214824c8.csv
2719;19c226ad969e609df4f953b4c012a0fcea7fae49.csv
2720;9772fc1c327167f97f5bd7dc1bca59669acac351.csv
2721;ea5aa54b295c037b47fd141d88b2947b8bbc0c79.csv
2722;4950f13a94f1765a9c97e6f252fd5dbf58c5f35f.csv
2723;99cc0233178fb1ede4d4f447dac746bcc3baeaeb.csv
2724;df575877c24a5472622f80f0c841c78afab7c017.csv
2725;28ee77d84e0753d32bbb58190d2d9e76f8856a30.csv
2726;f2230f91f1748d835721471e1618f9606d22b4da.csv
2727;ad64637f84246d552d9d2cc5b13d66a51f8cc7bf.csv
2728;e910a7b50acfafcc6299fc1f0388c2dcea8c5aa6.csv
2729;9269d6dc93c82e610f611c1d84d3899d9a92d3ac.csv
2730;ad7f498bea14c545a4dfa09efa62d4fd6d2504c0.csv
2731;cd1d16026918b8902146adec8012af4fc7095ff1.csv
2732;0221ec8f08579d957ed164d949b535e3a52da40d.csv
2733;813c97600cd00a948e76226db07d70bb79fa9ac2.csv
2734;19a9c45771cb8b7adaa35a3888ed8b46ffcd87b3.csv
2735;2f3167dea53e8befacc70c712ad96b3e1491c163.csv
2736;ae2b25d3dc787647ea4ff6e49e3e559c5651ad6c.csv
2737;288c2d079a29f179529a0ca6284a397ed6a0ac9b.csv
2738;77297675ab24199a1924ed2d14046ed3e4dfa8e8.csv
2739;7ef6d65fe61756e1ddcbe993f8047bf6fb120ffe.csv
2740;bab2b74a02d61d71c829c573a19c00864fbb442a.csv
2741;412c888e38b4d825a97d0491a885a03c3fbe3c64.csv
2742;5ac1131ea1327d379fd5ad86a4e127f0549f81d6.csv
2743;a080640d17fb8db7f8bf5b0eebb8cf24c8396aae.csv
2744;b31dbe1ca814b75475067715939c8ec944a17753.csv
2745;f5cc773201b97b8be1591fa1a98dca9ea90108c6.csv
2746;374320be9c08609336a2ff4cb595adfe8bd4427d.csv
2747;de642fc8a64728623b1c01cedd310540fd040a76.csv
2748;eb8186e43029ed34f4fbc24f86946ce0590aa8ff.csv
2749;2ea888daab5051a877778175c2349b630c5728f6.csv
