26510;61c9ab1d4b7162b712975c3ba666e6f2a4f1ea0c.csv
26511;e1f210b5c1a4d6f1dfb426c27cb8ec6d5d588635.csv
26512;ff0cba8abee2a2442ec48551eb91dc769e324fff.csv
26513;4c04431830f520a349d5535bb15326c2553207b9.csv
26514;33e842f6dff3e6d350758e8ad5afec1bdde42f7f.csv
26515;080315372a3c246497a2f111b90af0c956032487.csv
26516;48293cc844cd9c989613d60b326779b794a88e04.csv
26517;86692fc6d65efc5609c8530525db77f77f18b602.csv
26518;00861dcfe2570c044690f6a6e2d8375a08ff4d9f.csv
26519;5a4529d2bceb28a06d764cd41326b94adf4128de.csv
26520;b01451e5d820ef3e258a07f61ff8d68cac7f5af3.csv
26521;46ac7f61427a9a0d11a26dcb8ccbbe0ceb7d1a5e.csv
26522;8b6114534cc2d103d8102f07bf750d0ac728fc56.csv
26523;df383f9c7e70f4301ec575482b2d30d0b6930f97.csv
26524;3431b01ad4a2019082a6c96b25c010c9ca88a0e5.csv
26525;98c2e53be04fb65be77ba700edd397c4141e5c47.csv
26526;df238f71b181f3818d71c00f1c1754c7551e734c.csv
26527;7a2bf2b706841de0b87901d7780e4b6cbd5dc1d5.csv
26528;7b673f01b126713072f6631beb2ce5f099f73e00.csv
26529;0348160eb10ccf8b5afa401ac287804117303d19.csv
26530;0c1ca8a13bca292b5b0c6ba8fdd1c865c6e864fd.csv
26531;768fb5bff1898a4076849b7d5318402a62cb0bfe.csv
26532;e1a7f54674f0fc36e83e1c2bf1024437b1cf6a0c.csv
26533;d308bd286f894ad8168fa7501741c552e46cc697.csv
26534;94f51ff48ecab31eb34912aca2d4c0e99dc74182.csv
26535;89c39e7c0480bcd649916583e94c3be2bde9bc1a.csv
26536;2fdf4057cad33c03c1261bff9f2ea81dea5d7b36.csv
26537;0c929ca540bf82c726f7d2875cb3a9dadacbf663.csv
26538;0a512a4819c586666dfab93b1f5ee4fc02004494.csv
26539;d49dc41efa46478178d1761392994bd09e20b3ee.csv
26540;1114359693a2db16ce2149080f2633090d545291.csv
26541;14328301c2e95a3befb3f4a4246c0741ec2e72d0.csv
26542;eca703cf43ad5b44614dbb7fcccfa2896201711c.csv
26543;95aec306660c1b7519e9f019d92cc3a8206481e4.csv
26544;2d365d2170940cd622b630be5205eb58047785a0.csv
26545;2e699e438bfb69f8000218de4a10ca6f29ed68be.csv
26546;74a801e5f4940c1f743a8a07f30442412fd7dc30.csv
26547;020b5542b4685e58484858fa9116df98f176f2c4.csv
26548;cc2e7594049d91279f4e3d69d27b440ddd8de1f9.csv
26549;3941684dde530d6a7aa3d2c08e101dc663bd803a.csv
26550;c2a6bc16a0c088224ea1428da90c217e24e89924.csv
26551;3280e5cd0db61f40b0cea240e3cbdf6014fedb93.csv
26552;3c24923ebefe15cfec2dee6a0f80698c8dfe56fe.csv
26553;9894606d1985a744bdf6dde4b35dd3fa5d775f28.csv
26554;fb67de2c70d16fd7a287d83f42a1c107955cf7e3.csv
26555;a30e61b8c966c35fb848cfe3cd332e3e7730925a.csv
26556;3c20eca216a47f3e9b7a7d57d1bcd116652f43db.csv
26557;641f6db5ec761570b1eee7f742f4165d04324bc8.csv
26558;84fa6bccf41b30b190f54a3d2d1f0a8825254688.csv
26559;4920b95d1220fb8dc9f1b6b85ae204bdbfed9ba6.csv
26560;699071766da4f82ab66f8c132275b021c46cac72.csv
26561;440e0fa3dc5aa9117d88d2d99319c1ede68cd43c.csv
26562;bd970c92e320913cd3e04887916e764ab1231494.csv
26563;b5d4ec88a2777c8f8f13ec64f246a4adca8428bb.csv
26564;5a7c7a830e8ba4ab7ec1a612b063737167fdbb6e.csv
26565;8e59ce2e6a27f2d4b6bf1466375a991df35e3324.csv
26566;cf0987354fb6a4c2d4ae2353edef93939b4df2c4.csv
26567;b9cfa51a20b411553782bea2df83efb708eb5baa.csv
26568;f08fe7567b48d9591cf2b1b86b0417556f4007d8.csv
26569;0dc77e4b0420278172490cb2065f4e209032c96f.csv
26570;617a4f4e83c51956e4102b94f44ac68fc9a479bb.csv
26571;f826d8b445569ffd2bd5cccd78dc0533a284e792.csv
26572;0bf614ec42d27fa30f001e67ee0c2ae40fe8ed3b.csv
26573;dba47e99edf34300bd7253a1467b30aa8f8e4405.csv
26574;3b8be6719d642862ae96fc5614e4f555c38f2af2.csv
26575;6613d37af2100410d4c715dce0c29ea714acaf6c.csv
26576;fb9e429d9817c9f7a92c29465d146ecfeff29261.csv
26577;bc0dec987603c780fd3d2fccc7b99478ccfdc38d.csv
26578;6e5563e90ad2d3e85c2692067b90cbb204f006b7.csv
26579;9eac6dd0c1997fd163a487638a92c434f13ed33d.csv
26580;d69b0b2f482af13c5dce7a0cb28a4a9af02821ca.csv
26581;517e17bb00ead902d4837093f97f18b933c067b1.csv
26582;df4e7d832ca277b5ad96b3269411936bb2f9a49f.csv
26583;ed0b38521d1dfc098e346c000bf0cd5af67070c4.csv
26584;dea8dd7596fcea6c8d1702f9a437b229fd189643.csv
26585;116625daed29500dd2eae93b9d47152715dad52c.csv
26586;039b533e7611877bbac1bb21650fa324fdfccb8c.csv
26587;59346a784647136a6502277e4c78cf912c551e8f.csv
26588;e8c12fcedbed6ada28574e64cfe209b48f8549b8.csv
26589;79b72691ec8d605f1352259b369e3b58704e515b.csv
26590;52764e2d6f7928e9281afe14c4a482c5e6311df3.csv
26591;a4680d5422c0ce9ae5d8e189fc2b2408d371a408.csv
26592;3e5b33d5ae55f78fe3250e734dd9a3fb24f3625e.csv
26593;8fff59e9cc03fb1f7f673952d8b214808de1a3fd.csv
26594;2c3181bf91a719de222112c0c28b4b19b5bb1850.csv
26595;5c947a9467200e2f74640d07b83debd64cd6645d.csv
26596;03843c403a81c67f773308f73284205f5d4dfb9a.csv
26597;fdcd6d28e5d3836ebf047b6d2915611000d5615c.csv
26598;bcf4bf26686826b048dd78057ca111c9c39754ed.csv
26599;53bea4ab65e49b4e96ac1b2f7b829b33dda87409.csv
26600;04f29ac6c30bbd12e48aefe4078f8f1aa64c71bf.csv
26601;4482ed524bb82507ebcdc34c663fdd90d40dce5e.csv
26602;f4ba5cdf7e93ce5ae8b8a565dda5e7e9eeba862c.csv
26603;b96cb309d2d7d212f7a0e7b677659d38a9fc87b5.csv
26604;ce10d3f8b3407a8ebb188bb56b5de1075ab4dce1.csv
26605;dc595e8fb6c212011ee7bca4ba4996e8e85eba31.csv
26606;a2c3f980ef40558ea9b4416a890d18b2dd7deb47.csv
26607;8d2751b855d4f3597f37157b778d93d77d9e5cfd.csv
26608;ed89ae5d34ccb96cc0ee01a683a19912ff8884f3.csv
26609;a1b879c3860916d29da2698a5994799ac5e83b37.csv
26610;d882b224f9b575dcb10b3db9b6b6a7e89e64c01d.csv
26611;a2387cd1b9d2d9eaf641f3e85c815005bba5c6f5.csv
26612;d102f82ece520fcf2bb80fad357ce7b0fd886dbd.csv
26613;444a44cf622f4dfbdbae96d78393aacb857ff91f.csv
26614;db2d4a1d2ea6294f1b9468dae7316e30356b131c.csv
26615;11dc5e8970581b2744d9a935c0ce6eddded73073.csv
26616;251fac3fa8c2cd6c7b5cd023535cbabfe39f15d7.csv
26617;62ea1b52436f5020dfa97ac7f381c697cb291054.csv
26618;267505e43ea1bb50db5d554959373f2bf9fd2f9f.csv
26619;5188a1034fa0ca4dc51d2e65120835b0b66cc33e.csv
26620;7d7ae06b934fc522ac85ca03044df16bdeecc287.csv
26621;ae1e10fe26d40a2482e51686b0bd9aa3a1bf1b57.csv
26622;78b465c8614920630677472a10d30a25d9ececf9.csv
26623;3c853092bcaf24ce03d1689a1b3d568b90c74dcb.csv
26624;222700accc067b505b8a2a715027daf1c9b30310.csv
26625;53eacb1213854d180c4e8673bccec2b48474e983.csv
26626;22c5a1c60213193f72de59dfd188512cb3721c6f.csv
26627;6b97018dd944e2c085ef03ab52d2d9b288651658.csv
26628;ef154c0a6105cf1b7c0ff95d8b5a5a84228081c4.csv
26629;b780e945c3c4877be6c8448889fe3344800dde5c.csv
26630;aa479011d0dd94d2676a199dd060c45b6d26e42c.csv
26631;0ebbd36f71b21273514341ae5d2b548133496444.csv
26632;1c55b6759fc6303eedae05d52530ced11c30a6d6.csv
26633;13b33955abe2e204e92ca3ca52e3c8853c0e3093.csv
26634;0802a67c7970205bfbbd2f4369b03b4248a7785b.csv
26635;35fef476b1c4d51785d1fd5eecfbdfc88dbfcaff.csv
26636;6d801cfd44b98804dca8133aab70f876006d9130.csv
26637;9cd3e3b494131726a57bf2d8e5aeb5bc56239dd0.csv
26638;c337c3786dc2aa74a84fa3c19a60847c5023e9c4.csv
26639;f5cf0408ce162958f2f4cb7937be13b2c9ad9b72.csv
26640;ad138a8e1db20b5d867df81322fab8854d2e8189.csv
26641;18a8cd897ca25ff88e451577bb41f226e52aabad.csv
26642;7609813b9910cd0849ce458cdad468700f7e6c3a.csv
26643;d04a49628a457a6af52a346c1d7a68ae686cd917.csv
26644;a3c222da053a16fff56d2c5763fd62d48a658b4c.csv
26645;333f835edce4857e7b15f79bbc25ef1f098aa849.csv
26646;9a3e6da2375fbec2ca09c9bbb4307d432d6e7bda.csv
26647;a5f4f5b0fb8281cbf7cdb6bd37d703646451d253.csv
26648;863f0c3fde068d1ef7b13ac852e98dea477559b0.csv
26649;3d388d1f009d319c497ff11412c9ce3aee6b1abf.csv
26650;b7a67bad4d9f35ea6f98bf57ec599c81adf99d56.csv
26651;e0ff6ac79e9a7bdcd6e8f6642f42c6404756cd41.csv
26652;775ae7e062c5ad677bc42067803425417d4d2b2c.csv
26653;e4c652c4a46487521e7430370fa6fd7d7d9a3e1d.csv
26654;31e086a46011f9a57bb8bfb97ead82135dee851b.csv
26655;185dd95e212398394200f18a0e93ca1f81c58700.csv
26656;8354405acda4114e82dfc3a22198a41a2fa5076a.csv
26657;e5fc057cf1b6f3522ef89fa644d4cca9220e4f5f.csv
26658;48f8785bf4f0c8905b13732c1dca3be0e2af5539.csv
26659;f94beaebca9e855e0f2f632aefb0c3e44d8fcf54.csv
26660;f64fbff13390efef5c8436ba12d44db80d4ed29e.csv
26661;02bf81750f4254cb1fbb2d3d9238bb9f459fa096.csv
26662;1c8c5fe41c96cc291ac0cfa5ea8fcd84c811d7c1.csv
26663;a3a1e33a44baf0d1636040ed2b7ef4dce2d14364.csv
26664;68e3ed1d39cfee66085edd1e85370f57457bebff.csv
26665;a333e10a2894a1bc6ade38484b409bb234a1cdf2.csv
26666;404ca779551d8f2defd48fa692a4ae44bb729e15.csv
26667;976f36f48880d30b5c36082caf79ba00e86aa800.csv
26668;46173d1aa2c85e9d624959035d4bcc01fd71cd26.csv
26669;121d9f9639fe01021279fbbe0980fe358e99d10b.csv
26670;e6a34514d2f17508fbd4ed9b31b2b861f5978968.csv
26671;7cf1f8896c8399fb472dce7a20727cf8185b2e00.csv
26672;cfe0fc219225651d68cd409b66bfe522f6482403.csv
26673;2f252a1ee273bbe81427aed076d80c13fd49b0f8.csv
26674;0044844b4f255ad22c27993b76f8ea7e4122a365.csv
26675;23670292eae0b7a095fac1a9a4c069e942a4ed82.csv
26676;7c188c95976c84f5d35d7c66e4f901f8be2f834b.csv
26677;fa38f89cd6981199ac346529620337c743e4aada.csv
26678;3c35d5d138487c2999331ff6c6dcb489ec52cbbf.csv
26679;1150542fb1fd8333ffdf3010ff13e3b10f6f8325.csv
26680;4d60f8899f3778714bdd6b6299ef2c0e8cf4b4fb.csv
26681;9d050dcbc95cfe8c58e98e0cddef92aba7ac5284.csv
26682;9ebacd4c4a5c78eb84b0f61bfd909a1ee29dd480.csv
26683;179a7e1690a0fbae50d96143d5194ce1fd8f5cdb.csv
26684;a68f2bf87aea334eeabedff4439a8aba8c4fc0a0.csv
26685;597252f9c641dc8db56ba4132d0edcbff9c50ee6.csv
26686;2a3f86815b63cacd10134d82084191c9a8054d35.csv
26687;bef5eccd6cdbe53fa7ca161057d79fbe9bd598f2.csv
26688;43688e1d7e4768cd21924262badec712718cc7d8.csv
26689;1f1b980287c50e96acc183a71839ca7046e6d29f.csv
26690;53bf22d5044b1714339ed1bd2b789fe493a2fe51.csv
26691;1a53cc3deef275deabaf9774fc3fdf5631954934.csv
26692;91f6f8f085ef08dc82f21acfd1fad30312153b27.csv
26693;1446c36cac7cba74f8ed345d22e6b4c49dae226a.csv
26694;c4acc1b7e388efa08d475e703513fd380fae271a.csv
26695;604317acd27f5f663dc4be16155739c35e61ef24.csv
26696;e8cb473ae0b7d97fe75a93826c80f335f46008e7.csv
26697;2b5d465b7d9fb8db32906dd3ace785c8251f738c.csv
26698;7c21c80c5202589d0cf3217ae1b2d20f1ccb4247.csv
26699;11b4ac263bca7032ddd0e118a0c6b683cb7ebf15.csv
26700;b76eaf30ead2159504b490b566806ff4c2cf48b5.csv
26701;eebf20a6054b710574806f23d2c038f4329ba4e7.csv
26702;58f363ec7abb8095c0defc4ad168bda3cedba6c0.csv
26703;9e5360d3283ac39f7a943482183c90dc00bdfa9d.csv
26704;c815c04f8e5c88e2d40bad9d5502dff934004c3a.csv
26705;0754b3dfbc754cb56414561949598d207df827bc.csv
26706;3e19dcc43686493e4e329e94f8da9518eb5d77e5.csv
26707;2bee875557d3656e452835b5278c16437ff42a30.csv
26708;6f831daad65869e9472ea64031d322cc9ad7d779.csv
26709;fbc2586454df58414b6940edfc78688e5dac5775.csv
26710;579abc4fbba82c576047e3380164685a99c22673.csv
26711;5edcc6bac35d6b781739d3b9b4c38a586dd79eff.csv
26712;b7894828dd97b37f21d3b93ab0c32d8e29418047.csv
26713;43ad9da868f9d2b2c6519be48b6f7fd70321df74.csv
26714;2311d3a5374d350eeebd3d38d2a5989eca12429c.csv
26715;29b63c8ad88ae5e19bbb8d12431154940389c848.csv
26716;2c94a16431728cd73336df956f8ec889777bc4ac.csv
26717;c6bfcf16ca68a153cf758c69457e6631741db466.csv
26718;eb84579d04e12484426a03cb27a4799d2c649f04.csv
26719;43f3abb33bb3cbef01096f58378b774bbcbe3b41.csv
26720;ec169902ebae6235510a3ece2c73946f9a278ec0.csv
26721;cca358e63a98c14f73d0473cb4d4fa451a55e616.csv
26722;af19f14e780e9e8da5b0aab3854749a3608a4192.csv
26723;06dbf9dc0dbe752f642f941977d34444c7007706.csv
26724;02ff1656fdbbbf0c46c26b26443d818d88366102.csv
26725;e2d81a83c9934aba1111d0b8539c95cb85b93fd2.csv
26726;975b90f1e97d785a667040276ce3946139e38a51.csv
26727;236b1805940d77a4d22e39432cd0ef46d277dc0b.csv
26728;9e0901ce16aca04346c8483fab2b3cb98923ece0.csv
26729;556455cc329f0f2e1e6afcd0b71138afcc51f467.csv
26730;18f12e1d7198ee817353752998b057c773dee9f7.csv
26731;8b9d1677d6f85c8e8e090a5134f31cad5834bcac.csv
26732;577173c03467e84e802997a0112700c1e8b4505a.csv
26733;8f910f1a8e2c46972ac668361897b63c149ec8af.csv
26734;a13ec041578a2cca14b9970f5da50984d50cb24b.csv
26735;7869d9bd96bbe92dff28bd42a77e92cd7d5a1e67.csv
26736;581a4646164fb12c3bac70df2167c6e5d6cc5b04.csv
26737;e78a31fc6fa0f5a64e0cafd103bccbf76f824409.csv
26738;56503c049375713bf552b646d62b2cac38dee77e.csv
26739;867e1b0f6ca8757f2a32a625d99b23888ab40d49.csv
26740;18678cfc5d6ae7ec3189e0a76e02e01654fa28bf.csv
26741;16f2c91d2b64684369c25f8858b7246c4e1a4929.csv
26742;1fabe44371d50d31703b867377b6a7a80050f5d2.csv
26743;4f384dafc17c6833b03badc9bc4c9a5ab11e0218.csv
26744;92f2e33e1aab271874b85b51c07d8c96ed28581e.csv
26745;d41e99e4e6838c4baf5c3f0c67c405693db3e02e.csv
26746;c358ee77c6bf3300156c1499adb924e8cfcdc45f.csv
26747;bd3352a48b327b08d246f0edb47d0912212a99fa.csv
26748;d5e96d010d0c08646164d722ab81f2ab64ab94c9.csv
26749;dc09c3a0e73088ad4b73503241968e0a4f03bfbd.csv
26750;ff95dcd75515b1bd9dbb66bc58f495c42159676e.csv
26751;af673ffbe339cf95c476fcb632efd9acc0ee3de3.csv
26752;af0e6df2898b3f5de78f6f15e493c89b4bc283ec.csv
26753;b8fc960573a817a8bdd0dc42420ef61f3073330d.csv
26754;c65e2342fa3304d08c7e302bfb65cb53fefd0fde.csv
26755;068d29de8bce9086f78d5190df43c5f828e47314.csv
26756;c4dca3f1b5744b0ee3ac77508352e3a29b6bf373.csv
26757;2ec8f1a2704564739536861efa5d9a49803a211b.csv
26758;c947f98bbc971dd9f083a3e6538d781e2aeb7cd1.csv
26759;8aa0f3635ccc86d26c7f647ee357ef172a56679a.csv
26760;331974e15484e550cd56a7da571342a486cf7042.csv
26761;645e5d4dd34bc87e2db1316177fb8ed38e3f7331.csv
26762;b533e6c2f49910960a6de8f0c5a892fbc73823f2.csv
26763;c24d0ef6e8b9924934b038c7d452faadf4c03869.csv
26764;3741c1d2fb8893ca57a949704a64a7a570802543.csv
26765;f0f56c1e82c717ced3a4f2ca872dd303581ea750.csv
26766;405118050d7e9b739468a6f243409f49e85570aa.csv
26767;9a9749aa92e401e6d673880c18e2c8871fb1e163.csv
26768;7177407310d8fea77db486323b4c892b7223176d.csv
26769;fb080cb06d4b58572f4b0d574641b7bf7debae55.csv
26770;a6e2c8e5c1c021433a0cdde2de04bd7971eb74f4.csv
26771;a1b5fb37a7249314a333134c29cc65213d827603.csv
26772;dc3aa24220b34359f31a656d466cc4dc7c0995cc.csv
26773;c96f4ad600e103612c06f384622d847d8bc6e8ac.csv
26774;fb38bf1878de7abc24d8954d6851460d522cdeba.csv
26775;d33b572e407ad13e9383d9ca7e05cc80bc2c6858.csv
26776;d29d59ba7423ce04d023131683ea6aeddb333afc.csv
26777;02612805eaebdc70fd7dc11ff6e091c0ca9dfdac.csv
26778;e75311c4cd32088f975c9dabda8013e285cbfb06.csv
26779;f04e65236bbf067e9d59e8c2e5fb1e0978837c34.csv
26780;72b89498a8a655811e50a175f5ee53b8e3028269.csv
26781;5c324e8b11e51090ea0b9b7e883f895054aaa873.csv
26782;8872c8e69ad8ba0f3df7454eb8121c712e60011b.csv
26783;131c8bfc923d64157e690cdcc623c610d8cb7e85.csv
26784;001b7a3388e3c1e712a01e30cdd8dbd3e8535e1e.csv
26785;e5ec72663e0c794ef42f3c44aa9b3a4bbf189244.csv
26786;1857e81fd7437da01ba89668fe520b937c844c79.csv
26787;a34b0d8dffd739a64af0dd265644d62420df11d1.csv
26788;e4a8ba5e93e49929fc9a031bbc7a7bfacc06091f.csv
26789;1f0474d2e8dc4f5e06114e919512b4bcefcba410.csv
26790;d40f2e2126acaf365d3b5dbe93e3a2b7982907c3.csv
26791;2794ce17b4648bed210c57a9a7b51fa255601211.csv
26792;92b61fdd869f937cb90fcfdc5cf5994e6d7bdaa0.csv
26793;e10cabff94f154ddd5e1a40cc1c5c7d72181e37f.csv
26794;cd85504d0183a1fec22978ba71f1d93e2715121b.csv
26795;7572f13f72cf69e87206829575df024dc911ab2c.csv
26796;0150b2d0c4f75faf01a869d3f5109fca50aab5c3.csv
26797;fec2b2b7179e6979241485401085711a1f75c196.csv
26798;c1a03657b225afb8628f4806530db7f57645ad54.csv
26799;2722597e88323ec1627b5558eeb51c4c074e76b3.csv
26800;d52f81e1f4ce86495cd34452fc6571b50de29899.csv
26801;08b36a81cd902cd4794619fb24ca101da11bfadb.csv
26802;b6d620127e14d6547f516fac5d111eb42b318932.csv
26803;bbbe27910b4ebd986f966e26977833bf9d6e9787.csv
26804;5ea11faeeb6298b0c25bd67e921154aec2197964.csv
26805;a6ae8afd89a278eb8d96cfc058988f99782e1645.csv
26806;78372e587507382ff55bfb37bf7e3c667f27513e.csv
26807;5acebe879ad4ee099f0d7b4401d9972d9b086a5e.csv
26808;68ca13cea010ad831e31cd8d2c3f835dab19a481.csv
26809;7266781f0d065b57b062f642d1f0d9d9e9941004.csv
26810;5be5414936b8c4709e12210c3c23f2fdd75a4145.csv
26811;72c8c02249b7473c39acd72dc9bdad3d99d59ea4.csv
26812;85f5df7c9d677a28ffd8dbbc544d268b79bca556.csv
26813;9c106a60e9c114fee6778f59350154e107427cd3.csv
26814;004f6b7b534ac8a9fbba2ee3b5ea88b2b3cd3109.csv
26815;3fb9e68b962cbe9bb678fa69f66e77351bb27849.csv
26816;75943bd9d66d4da733b90c737f82841f38a4a627.csv
26817;570bca34dbb134f5d5ca4923f16fd4c282cc31f5.csv
26818;0345bb885e850845164b45ae6a2cfefe83335b51.csv
26819;8df049d1dd965c6ffa5c9bd7f65e655dabd4fa27.csv
26820;f9075c1ccf2a4debbe8b96394bf4b541f72dbc5c.csv
26821;3e1b143580e5c394f764d6f147468ddc6ca8186b.csv
26822;96c235c7cfa34f56767c03703054818ecfa5a64b.csv
26823;e846a66df38ee359002817baaea792a60ee05e75.csv
26824;012d67a440ec30896e8c89c67a736c2638512be1.csv
26825;af93e20541c2a043aab7ce7c5486c882336b31fa.csv
26826;df2e1460d9e2fbf1c0f227d9b84d4149e9c906bd.csv
26827;8f61eb2da6f8e947a03bdf5afa69c49d9e892fb8.csv
26828;fbbe6c6f322956c4494dba92fe2935557d0fadd6.csv
26829;b55715b8d1dea109472c99d8db045e9bd718c90a.csv
26830;50b4a2b57bd832613c6594755cb0e754e03bc0e7.csv
26831;dd2fd3fcb83a8799e11a540504fb9eee3604dcfd.csv
26832;2331a50a7a96d6e703d4c60d44b719716705b5d1.csv
26833;c74a5cadbc629a2d0714f7f69fa4ccfa23a99c64.csv
26834;95c013e32092c428017e82cc90378e748cf2b1d9.csv
26835;aedf03a449562cbe9fbc405e66b965d39608ed13.csv
26836;b730f5760c62b1a97df58c2a396bcce1921aa2e9.csv
26837;d50a6d311d9ed5b25e60859e956978080749ca6c.csv
26838;0733381505c02ddfb945aefe39002e72b06845a0.csv
26839;567f17b468580f217132739375155b27b7a5f1f8.csv
26840;f3042820ac417ec01ca0e15a4232e24b8d78ba74.csv
26841;d0c2ac63240ec41899b1dd80e399ffb47a04be3a.csv
26842;df31061da14f56be0fc1e6af62b1343295b965d2.csv
26843;e77bc56a5ac4ffbb032182cac02e56a79c715a5d.csv
26844;2529fe08c708392885b956ba6d6c6856dd424c10.csv
26845;dde02f11923815e6a16a31dd6298c46b109c5dfa.csv
26846;5a263cf59a5e61362d9a9a913574a01a236b8b36.csv
26847;36f9ee4d21bf47a3f9f504f7fca3a1db625899d2.csv
26848;b9fe79e6e6a48c5859b29102666dcb7801e1aa90.csv
26849;45beb78659a02363232ed0b3123e44a45b60a21f.csv
26850;769cc4cc36dd98eef10fef4233f00e1b9c0ac39e.csv
26851;4221dc15651becd3a2c2d623fcefd47cd7a14ef3.csv
26852;0d67905adbd47451c0fafe2f4829d1c2eea4c9ed.csv
26853;8a2e728f2ca1d1bb46d366413cb028062a5bfa06.csv
26854;3f12cdefd6a057fbd9230868a7870c27723460f3.csv
26855;23e76ccf95c7a0192ceda2b82ae476df2908975f.csv
26856;658d51772d589e3d0507a099e262de7ab84f1b6c.csv
26857;082c8dd55d1131efa0ddf87c339253237d700387.csv
26858;3f03f2f9bf110c6f38ab9ae9ee61647063bb02f0.csv
26859;b6a7d5bca74e1dc5c95ab2bea8f1e4c29d806ead.csv
26860;22aed3c49261e9b93a38aa05690558da3ca2764d.csv
26861;f77b97ac01d151017fa1f095998590769aab47cd.csv
26862;b65d4d64b9e84b98427f4f73b609b821c7f9a9ca.csv
26863;529a7729c68a3026a4682e09c74a1b2aa72a95fb.csv
26864;f846d90f8cafb860bb8516b43c4ba9ef8b4c021b.csv
26865;f2b7419687cb5a049eff106e35bbceb960f63da6.csv
26866;b89efeadeb686de75380858859ba38373fb0f162.csv
26867;506dbe554a4e5b5f42ecaebaa2057c23e8e4358e.csv
26868;10a033b42a127b1a706f34ecb59ca17827fc50ff.csv
26869;7b3b6e6c2d58c725407b07021e171e55bd53fc4f.csv
26870;ce8e4fef2d0b163a0822383d091fbcf85831870e.csv
26871;4fba363b9f6d286b2bd63f85a141b602cf8a93b8.csv
26872;7927d0e910529793e7ce3382c889c2b842caf0f4.csv
26873;8980959a6f1d944311f2f05b7282131d3dc5f702.csv
26874;f470c2e661e7f2be45253a47469ee86c55e9de3d.csv
26875;401413e65fd2081730d77da6011514fc21ebbd48.csv
26876;d7a311b3538fe182e2e894c731591d015f67c779.csv
26877;285b8c6404d3606a6784c2867b150cea81bddc1e.csv
26878;4c1b03aaffdce1db68c456112045ca0f00e5a695.csv
26879;0d042b9acbb8c5fcbdebd6d000f43b693dc19648.csv
26880;0f155ed73f6215e81f3bb11b3ad44eded182ee16.csv
26881;d435442cd87022ada554fd62a55e38ade2eeb35f.csv
26882;c36188964fc10edd8cc6b5daa7f730bf7234a406.csv
26883;0cb9fd10d6764d4a7400fe3efb76ee44955eba4c.csv
26884;6c523ce14e004c183127e99f57098bb122aa8ccb.csv
26885;140c32554663e4033d23a392bd287b0239bfe1d1.csv
26886;4af69ce0a547c8c39e35bf95308c7494fae34cda.csv
26887;880ed599e2c6ab3641550ce2ccf42f82b0d5c8c1.csv
26888;b5d28dc38b514a677cb0b1090f100ee4a62a8e40.csv
26889;f4a202dcf51427094ef37ed0b1c9c2bc0c2ea695.csv
26890;bf29a9990de83afd59f7063f1547ff4da789db35.csv
26891;46beef8eafd1ab78b7ce501f4f3bb419f6fc5736.csv
26892;d7f5bc330a002fd3a2254a46d18aa617f15c38dd.csv
26893;b722f13e302743448c6e156fd99963a5621aba17.csv
26894;5aeb7864c91fad1bb0c38938264d548dbbc3c984.csv
26895;a32020d9886c687640acf1c93541f64b6bfeb05a.csv
26896;b6dd469a87f1c3f8bfb4a85f06e82829d1c7b332.csv
26897;2d84a3c412b38677b09230c0c95054014aa50b7f.csv
26898;d2fbc82953f3419e38bd6d29bac5665fc7a9a07c.csv
26899;a6cfea0cf5da95278fa29d4877988302b0cb944a.csv
26900;b2342adca6443124098da5af97e1a9639da8be46.csv
26901;0ae3f61077f4f2b52521b41af3af1237358c1894.csv
26902;8322f1c2118f774b8d3fa2b867845de5547820bd.csv
26903;f57c305a892e54660cfadd6ae583d4456421c7d9.csv
26904;730e04670b1f681772a2b4235d573bdde3058d50.csv
26905;07f3699e2eb7d0bfaad3848b07eb064f128df9dd.csv
26906;cfdbab6c00426bb64b8da525fa631735dec70108.csv
26907;08556905dd31be0c414db19997a1a94ba7b99684.csv
26908;fbac14ed1b86f5accd35d9a3153591b938b7d72d.csv
26909;e11563fc42ba94b9c713afda8a7e9f4bcc589938.csv
26910;b5d3dcdd7bb6d2db32c7318796ac7272f2229701.csv
26911;103a622ada5ba0a9d81eaf4ceded55f07fa8d1d3.csv
26912;67d8d7f2f3e46c0d605f907e7d5bf3806dbe5a44.csv
26913;6a7736a56100d92a60d3916b68296fc5f43fb1fa.csv
26914;d9ec2aeafe955826d48c46a28523e4f9ebf89fc4.csv
26915;8fe1e352dd5cfbda41830bd67cbf6e8ba044bcdc.csv
26916;35bb60d40abda9a0c58b7099b37952069add4d9b.csv
26917;aebdcb037a55fd1a79328a876202f2b0505d9442.csv
26918;851b17fc71b060398f94abaccb3d39557f6f537c.csv
26919;91da69619fdb8e8abc6d97d9ea7375215c274583.csv
26920;5d3cad66ff27b7d70f1895c653f79d63379af069.csv
26921;ea0c0191814b127d48c4c0c09277386909ec2e42.csv
26922;e5949cd130cebafdb37640236ef94aac025be11e.csv
26923;bb58558e73338d2e65792726cfb71ef823e6aaf5.csv
26924;6ffcb0ab4b5885518770a8ec79a6ac10ff757494.csv
26925;38133f4dfe207e08dd761bf6e691ec789c3d2de4.csv
26926;c64556382d345cdbc386d18736d41ef5a130fd92.csv
26927;05778d6f9fba48a55e9aa6f679438acb5df2d932.csv
26928;93bffcc1371315b640e4783c412e0a4572744762.csv
26929;9d91b77a524dbfd635e4db011f1e9bfe84c55861.csv
26930;85fadc26663d1add5c2e6effd39b37d8720528fc.csv
26931;e3060236a6c6bfdb9423965495946261f00642b3.csv
26932;32525fa4a25bc693ba30658fab0e6c8dbd3feccd.csv
26933;928a2555b043d6c28f76ef77a748a5f51325d948.csv
26934;85968b0e042d51b98fc82fa831f15fd3a3012736.csv
26935;6011f64b4b5b132632140a1be6e95322cb2308dc.csv
26936;ca0d05c43624775a7ff3b92e4981c817f06ce276.csv
26937;6e77816b285f471f4c0ba9b969622e35cad2030f.csv
26938;642eaea7de83935e60c2ec36ea8d42e465811eba.csv
26939;b54cb4255fa62b88defc1f51d8fc3273d808b9fc.csv
26940;c4675ab4566a84f5f0c1d17f827046cd45cdcf1f.csv
26941;f22daaadcd90767f01efbddf1d86a950afd25811.csv
26942;731850c43ecbc6aa4528d66761c8d9c8aa05f3d0.csv
26943;3e666846e1d66edac0168d64aae153d5c35fcfb2.csv
26944;5ce0d13e42d2e7355eef45094d651151d2fc2deb.csv
26945;70ae587e56e61268a5fa5814fd556d92b351b28d.csv
26946;943a96aad0191e2cb5dcd568ea25af25f7fde9fa.csv
26947;e3bc852a212bb844940f1205aa12e82ba214c39b.csv
26948;60aa58e759985165053ddd6f154ea42518143056.csv
26949;0177ecbf4b0c05010c4830a95a8913b3b5d2e87c.csv
26950;50cde1e9f6887bf2ef3e41f30b17011e4e58aba8.csv
26951;eff63837f904c48130e05b0d51e2a3d841520585.csv
26952;b24beffd1af8f836c7931d9729b74078feb7e5ba.csv
26953;7b0e4233a3b04c54d7ddbb5baf48265be00ed28b.csv
26954;4851683684a154b0c8d985afb77165d01f8f49df.csv
26955;448827ba024acf1a9b6c04cd730bfb9d39c7330f.csv
26956;a0af5eb87954bafb165b50feb456353b1f0cb345.csv
26957;324cbd726f2be507fe860b3ed3350ef6e0d7e6a3.csv
26958;c138634bcadb1b077d8303f8f7618aa39337d979.csv
26959;8ed8119920d5f80eecacefd985a9e1e5a6c40217.csv
26960;192173fa5f2f87c2eaeff06d3088248c1c211034.csv
26961;b8e4e9e25bcfc43b68464b5bdf44653af143e6c5.csv
26962;94a64ea8f4a2684e0892042c2c93c7d223f6dd59.csv
26963;a2cf19475d388432cd4edf7222a59ec45d1e1617.csv
26964;08b4e66bf80c9493c206811ba29b8605a7edd67f.csv
26965;581c2c7d3596aa76ec243e77fe24bd925af5197e.csv
26966;f49e6e46478825425a0f97dca718e6f5efceb9f9.csv
26967;1bc0ed405b39562c92683ac533a41d5c67e16a84.csv
26968;93159181076f504c12b85fee6ac6b8c388847637.csv
26969;077465741790f0c5c5ab05866adc5dbcfcdb2f7c.csv
26970;175e920744b149bb5c3375ca52c9bb876d5b083d.csv
26971;411484d26775c225dab13c35a9a9d4771566a419.csv
26972;c796fded41ebe8a847a8a680fbb7f6e18af694dc.csv
26973;f61948c2fc2e64b1a265fea108beb0a03df2e5b8.csv
26974;e4df4076259406b040d21524c8fc6f29146fdc0a.csv
26975;3f949af1603b6079fa6b11897e86a43efa223869.csv
26976;e66b76c6a18401c3c23a43760f90f711fb6a025f.csv
26977;66076ea2e958f8772d0926dc2564be91a9761204.csv
26978;fcb6109e808c165aef9bdcacb8e45184c75d21e0.csv
26979;21fcf6e2d4e563502141ef61141de43d26f6676c.csv
26980;f20c54ce6032f243aaf074901f359a4704288681.csv
26981;a5b93a749e4d5646e0a1c598d8d8a03d1c779bd9.csv
26982;331ae4d997fef4a77fa504c94de3c6b97cd7e6e9.csv
26983;11aca0c6eddcd3daa361f069f9331760be0b372c.csv
26984;4cb911d04112bf712c8a79d7812909d26d330c0c.csv
26985;5dbdae1a2d7e86db80696e2c26571c3f1138dd3e.csv
26986;89860bed01edcabbb95ae9ea724e7f60feac25da.csv
26987;1ebe995017e8f0fdd1aa3eecfe440c09b90a266c.csv
26988;8b95fe989d9bca24d15fde7e9ba5b34e56122574.csv
26989;f50ce0b3e36148b96421c3c28fb5df73c7266cdf.csv
26990;1b70c124d7e761eb19c35e8924b7551c0939495a.csv
26991;e79e1ca39f35850879540728a90d38ffe36ddb04.csv
26992;e1d19a77fecd4fde688e814a79bdcb3afe490853.csv
26993;c2d64f7e6452161fdf14a03c0513594d47c79be7.csv
26994;605a0ffc71ef8ed2038f87ea12bd62856e2c4d56.csv
26995;fe27017f9e0a5c74edc93d2a2d087110e89de14c.csv
26996;087c7070c1d72138687581d13b33c3844d3d1e83.csv
26997;ed5c595aa5d503ef3250c066ef037926de1b2e64.csv
26998;03ec40090f85bf19b228d765405f3ff67eebb698.csv
26999;c7bb33fd933f53ab004b8c23bd159615df2bf52b.csv
27000;67d6a6e64450a42c838ab45f8b36dc90c1d23fd9.csv
27001;96f3290023e97352b8abeecbf78bc936bbb917be.csv
27002;68968ad433649fc71ca4146f343ff2d0206c7816.csv
27003;842d2709cf59a622669469840a636cdd69fdf4b4.csv
27004;96a72f07b18813ac193d92dc0d2f8f09b6dad9a1.csv
27005;1dbff143322886fdbdd833b8052ea3e3e0cc2d6d.csv
27006;e6945d394b0d984f8c3c3cb78f4996c54963eade.csv
27007;ba57dd74c557de7638d8c30c1622de799edc65cd.csv
27008;db5830d2f5ad903e0cdfc3a3843f95852e613ed5.csv
27009;703f86c62ceb141bb69656ce5d3ae330d0969976.csv
27010;ee06cad1229867a6389ed8a7aaffb5148dd5f8ed.csv
27011;24079f186a7f39f5b273b342f46378ef4f04af65.csv
27012;ea94d5fd7507f67e9b3ffbe3c8d5c2d115fa8833.csv
27013;ef47a59c6ef2eebf1474aa9270c2e666fcf6e084.csv
27014;4be1ebd2b2c872ce8c2d517af568b3fb4f2b79d1.csv
27015;da9f76b2e163cad7fd33ae4c3c6967cebc2240a8.csv
27016;31664c61ab1f092fcf9a5a7bc0cf3a9534819ca9.csv
27017;2722476aa4d26f3e5d021c91ea10eef8eddfda3f.csv
27018;233ef0dbb250cdd16839e5f8bdc5e0ccb45bdf6b.csv
27019;2c9423316cd18c49770fadde0bea3236c55f92d0.csv
27020;d1dba37d029616f493bad86f326925169b7d2d88.csv
27021;29d0cbb020ed6a7281aa6bd957cb44f064295070.csv
27022;e7e8a2f3db4d0ff7e6c1e54d079e3bba625438a3.csv
27023;33120d9b28d0d5a0cec3b5aa6d771005e644ca17.csv
27024;8f806eeb786b4386252f7fb23257cf2c24b83f9f.csv
27025;37ddd5b3391cd27129b8c0383ef6af01c13fa8b0.csv
27026;01dd012b9abdc7bc45323fdf7daed8f0c78598a6.csv
27027;b15d045694070f5ef9844bffcf76b80698863665.csv
27028;6469f23b0ff4f266e861252af11ab413d9682029.csv
27029;53cd9698ad7329f14d726359cae63a6d1f5b1996.csv
27030;8d23f8e9397fe2479a953361f10143da6c8f5036.csv
27031;6466a5e8de424aafc677bf78fef0e281a64f8d5c.csv
27032;6364ca0ffa46d82fceaf412b092e78935cb1268b.csv
27033;a06894f04e4959baebfa046231f0cd1dc2b854c2.csv
27034;f6389b2a0ef39af9a63820f758b9a026e3de833d.csv
27035;5ae9e820ef01b3b9306de32ef9a6dc26bd188868.csv
27036;659fa896783467ea9105937f6250537d64aaf922.csv
27037;1d1ec74fa5b33968cea773d37a3a74570a983784.csv
27038;96ebbc1edb02f41e823df884d8031c7fb8c6577e.csv
27039;cdfa52b982d955fa7b5e54bc1a5cdf52148c9428.csv
27040;95ccbe734401301dcb6b52cbdddfb391de6b9760.csv
27041;12856da919f01fefaac12d14dd592f3fbb0f10ec.csv
27042;17dce693da741a542dba7fbc3f97fe0291b42c68.csv
27043;76a82d95bb8fe8b5526e3417e00683bf4a17c990.csv
27044;cf16253a10e528795ba3bf013c6c956fe012c545.csv
27045;4c9247f45d1753097c240b772fff1d0fd97a12a7.csv
27046;1aed8cc899c77553312d72e2ec022fd77e50b4fb.csv
27047;0aca9344d369a4d450301ff2d727e4dd5219d45b.csv
27048;02569bcf9a7e53d2d262ef58dbfb2f9d38e7c7b2.csv
27049;0d17eae99070b517ae367ddd03e3ef9376c14379.csv
27050;a3b09374a5cde1da953a648d103bb2c27d26f5de.csv
27051;ded7f5dd0b7f594ad57e3617e2e8c64a6c439945.csv
27052;7c39de4602343eff8fc68e576b3e38336b3ddb71.csv
27053;24e2765c66c550fe17007c824ddb794fa3eaf35b.csv
27054;fd4e17d952ab92016435a3377074559daf4a54f1.csv
27055;dafc91c72b44399ab6256569b6ccc28d6c03bafd.csv
27056;d7ed8e5c6ba7494e0791f0c68ac5a2f291a36116.csv
27057;022ae82fe95e72ef4dfe1fcc88c0ae39c10b7c8a.csv
27058;1e8874fb92f6e4e828b2b4e7521396f1b1132a6c.csv
27059;152b03c60f3b3ac7f290628d528a92b88a9a837a.csv
27060;a647afd1a53df9ca604f5dd51094c514153c1db7.csv
27061;e9110fa452f2db8694a31a73a7c6651c53547078.csv
27062;c2039ed5d9bde2d634fdf12edc9a559bf46fa2a7.csv
27063;97a3eeb6290ea06be8861e13c888a698284c5c43.csv
27064;b414070b03bdda1546e9a449d54f258c975d0762.csv
27065;972e837da72af023243c06a6bfb37ae3c94d1d6c.csv
27066;846e623e1569169d32f0892ba05e98634aa3755b.csv
27067;a3517c8f51316f9f5e692227b468218166a58830.csv
27068;4c64ffb357d34f6185bf3d26680f7cc781e218b2.csv
27069;e47e139232f5d1b7a732a8968a10e23b40fdd7eb.csv
27070;0fe9f6cdebcd7c329eb7314d121b2cab28a3b15a.csv
27071;b0bbd7b0db45e8b9a817d7f403f1e705821943d3.csv
27072;2033671f63b46d3f8de49a62a080d28c6c162c15.csv
27073;78ca56539d91241980834ef161d5d111e58c5e0d.csv
27074;f4046f36d65617e0e70c259d4e7ae3bc2fe11351.csv
27075;f4e9692c70e9c7172a989eaf20cc1e3b031926aa.csv
27076;cc64e47ceb8557822f53767880c303eded7b0225.csv
27077;58e2d4357a1070e632974ed83e827b6553c15881.csv
27078;0bada4bd52b76d5672c8eac12d684fa2882f1136.csv
27079;85d55fc7b8dd0d3537274e857edba00eea3e55d9.csv
27080;44214fe541292ce06126fd3af6506c7ded13cc0d.csv
27081;d9a9a04d8da9482eac8e25313fd61cf9f888ad43.csv
27082;f24ca2cfc7ca73e3d791f0553e5a760f7b002bb2.csv
27083;fdeb2a83ccf3440b32f6aeba0aa317393216c8e8.csv
27084;e5465cb08efd9bc799d87b8b5dc72ab4e99bdc14.csv
27085;e1a8e1001bc7d53202f3246e8a807103d192e786.csv
27086;aaca0a72b59c900b2444576e7381b28acf683b88.csv
27087;07c4d4d483be850eb24ecb722746f27e74d2b217.csv
27088;f2468f2847f26edfa19c9c060f62a76202ba0439.csv
27089;753ec25054aa9d3d710c30f1c7646e6fdc028e6c.csv
27090;67aebb235254bde5b5fbbe42cf353d069ee63080.csv
27091;ddfd20e84a1c824d2be86ea06ace191bc95348e7.csv
27092;a0446654ca98a21fdced286d3578e35888fc15e3.csv
27093;80ced0d7d0c9706800891b44a5ddcf3ce85ed40a.csv
27094;58890a4a58ca42d0359c0bffb3e25997331bb8b5.csv
27095;e6bf3208cdc962bde66ce4ea5f13bf2c6b764f13.csv
27096;76703f587f83a20a9ba14a29c309a233329a92a4.csv
27097;1ab3d8658c0e75ed0a0f37bcdd24077bc9078e83.csv
27098;f4f161d881e70d1547a251da060b4b75b0e66f32.csv
27099;3020ac7b88d6c6014b9262d6730c17cf9b627f32.csv
27100;b051b580a97cbb8eec93a855a24676f6861ae2b7.csv
27101;b1635a2bea8bb8e08740693caf52bae846ae3421.csv
27102;7f32ccb79c13abb7ba661a568ab43cbfe9b86703.csv
27103;021aa59c28ff346dcdd67e70d20b4dc2af4bc3c9.csv
27104;14b84d8afeda3e7fe441250b0843a270ec1879fa.csv
27105;7fc80ae0c87281a4a47b12198195a9dcca992c4b.csv
27106;d2c6b692cb757a79ec7ec20b26ea401d73604d7a.csv
27107;4f22277ad8883f63a93963929796b78ec7504a6f.csv
27108;d5a5abe06794e49dd1379c81f51ccfd0276e0f0f.csv
27109;3830956b224cab51286f698411e7aa21112cfa1e.csv
27110;977afa1c8b19dada2bf401e1778fd92495520c3a.csv
27111;4be615300186538769e91a07310377d2dc004130.csv
27112;fd6af3846d9cfd5b1c9f86b5e16ec803a88cc1f5.csv
27113;a0a5fe6805a6a370e31628c78c5803eeb38093f9.csv
27114;d850b59655e0a10ffd8aac710b7749eeea0ce06b.csv
27115;94c536f91e8c227a5411a614320919f9e39b4dcb.csv
27116;951c10e5d81cb3170df0bf596a063860fc1a5d60.csv
27117;3e768aaea958fcd6f1453fc0ac7ad6e4a982adad.csv
27118;f6e097f166a4b87a2a32f7afa7b399e8b70ac1b5.csv
27119;5fb8313680176593b75962be3d056a07c4d31538.csv
27120;6097d8b6a8e529f6c24b8830f89f86c455431f65.csv
27121;9c168a74dca383f46fc14047b00fc38ecd012826.csv
27122;17074371f68b4508ca6f3a8774fbea1c70de8291.csv
27123;81bcb25b89fe143ae1f836cab9f7321b4bb09c4c.csv
27124;d4fd9967a9b6a190642553d0f3e7f38fae5f0120.csv
27125;73e407403be10d951cfc8208e515c947e79e4a57.csv
27126;cbd2fc716c77c1c49c6cc7149d29f272162babbf.csv
27127;70bd1c4a96555dbbe49f78844184b81dfd7864db.csv
27128;b92577975d4be41796efb347f92d626ffc5084c0.csv
27129;33450b0eeae502c17d2c1e565b30644842d8fcc9.csv
27130;d082505aaf4e15c8a0a7ed9a0edc8235579c8397.csv
27131;9aa38acaf58c4f7bdc2b8fce4a75f660abf314a2.csv
27132;163f5cb9d4d18dda324d70d6b3a100c208434941.csv
27133;0c3b3ae35af5de4b137bc3b40d6bf707c6b43cbc.csv
27134;5e7b080a27ccef247832c109e1b1863e1515b17e.csv
27135;c58715798b7ae050186df99882c4f62fd73c2916.csv
27136;7764a6db7154e92cb7a413d8a56037b693c281f2.csv
27137;99905e78bcd4f39ec6700aa89a3d67751159cd45.csv
27138;13b250c7950e7ddd27b73b396c9d0d149a6ab5f7.csv
27139;1cad2afc611bc4918557dcbdd4682800abb6b2e3.csv
27140;07ceca318dbbdee22104dd4460a9cac3c29d0685.csv
27141;71fe8140b7c9d03857b6cccda6db0d151d345f9a.csv
27142;aabe5fd7d75d19ba4daca67de64e0b2db4a05d6e.csv
27143;6264cb1fdbd7370e4b21e35a02bbb49d4d4c1ddd.csv
27144;282d6849c77899c7adefa3671bed3ab5196123a2.csv
27145;5bac68a38c9e583b4fa454beb8e24cc381b67b90.csv
27146;6df210935c5476d96bc5bc2e1914b616da8fde04.csv
27147;7b8c14154b61f401c102f2c84f3b88e464941189.csv
27148;3f781174b84b70554de1fb3202dcdd555f474bcb.csv
27149;e62de14d44adfdec60b7aecab8e071cb646b2422.csv
27150;ad98ec95ede957fe3a234b693ef9cf0608e03432.csv
27151;4927f721aeb875448896aff350d7c12b8238c6e6.csv
27152;456a5a629bd9002e4e318f238483caca96f2c3d6.csv
27153;43e23cb209c2ee3419efcca67f10e66c790a5e4d.csv
27154;49a1a4455e2b2388d5b349f51eff8295a8b9ea40.csv
27155;a56159bbb415ef0d7af564f1cfba12d6189e6dc8.csv
27156;3c6ae08a76ec58954289d4a7759a3eb2e4a015f4.csv
27157;c3116b5f9a9a500febbe20c50a770d958fb42188.csv
27158;cbab61c03b58e81082109fa56830f400890485fc.csv
27159;165e9d91b71d96476a1f1c678f69ae41ca4a2b18.csv
27160;7d6479b46b108cf138d30b0ac7ece07eb994f15a.csv
27161;8fa896c1e23f90950475b0a3980f63f64248262c.csv
27162;12c156dc659a9b4c3008ce4d6d10f464d60b5b65.csv
27163;24b98b0cada166c802aa2556d8428b5b144f7f47.csv
27164;5ee028303c1d4a0e485215cb37d6b18db57ce257.csv
27165;8df8ef4da11139c2c1dd7db65237ff43cfdeb1af.csv
27166;9d571f71c150083f4c87113d9e16c3e326fef6c8.csv
27167;575a0c88d4a1b412111cf5e2e38a7292a27b3bdf.csv
27168;33171bbcbaa480db4833339e06737b2631c6756f.csv
27169;d8e0efa426cc7ea8fe80188564daaa724b4c3f0b.csv
27170;ecd806e79debc6fdb6773db23c3c5820d2d8f775.csv
27171;9cf43ad7346d9099015ee0545e0b3498c10213b4.csv
27172;12dd53397f3ddd026cfbfe6dfd1aaefc565b6aeb.csv
27173;5b4118a71d2dc9dae927ebd17ba9dcaa22f57ce2.csv
27174;76b7e2b381c3a68161e8aea0975231845f031205.csv
27175;0738152fba8d21b4ae77293a3e2bfd5019a537a7.csv
27176;b14030110db9acc99c663c87643a6754ab25b6d8.csv
27177;8a02bd02717fcd12797a77da25b734c2dad7ba74.csv
27178;7740faa25788c48ed6796fc578d102bcb13879bf.csv
27179;d0940334c828652ec896c8d1752ea2efc9a6ce64.csv
27180;960290653bdca76db1896f720fcc3b9a213767a0.csv
27181;99e596b047c0d66f25751941d1d80eb139a55ff4.csv
27182;b3cb83cfa8e923c7ca011496147cae9dc20ce281.csv
27183;b09e9b19f23de6ea73d90c3bee402c6cdf680ac3.csv
27184;bf9377a38e53e79386e381830125eff4fbab5309.csv
27185;a94c8e4e733e7e733dafdb7700718fc9dbd9b873.csv
27186;68be5432f2749ea7f5265d20994bcfa4422658f2.csv
27187;b9fbd0773ea09b1ad96a7746601d7a8e2125313d.csv
27188;191ff4c78c5ff376029d94493b54410fb6662ea6.csv
27189;3246aee665b715c92b4fedfa23f2caa1d2d46a23.csv
27190;c59c273efed94c272d75c3d78bda686bc9dcbf9c.csv
27191;972da0924bc2643f193fe43f5281d464a39875be.csv
27192;fc44d3369871a18c668009a90dd84d0f633c1ef9.csv
27193;3ac27d8dda2ad37a561352569df54a1fd0402529.csv
27194;317229a97a7268706503a55044a7036264805e4a.csv
27195;18635953f670a9d496f6fd3885db2f47af6f1a81.csv
27196;d636812577658a9bc459948ebe2cf40de770033a.csv
27197;83857755a980a9e03e17a3c65f233231c1d4ef68.csv
27198;bf6f818a7b00c43e73037534589ea6f0c2c5733d.csv
27199;8f840d6a6a13f5fecf97bc71756791f87922a9ac.csv
27200;ea07f5ee8e87fc54549e6f8ade0fb1fcfb43f928.csv
27201;8eff5b68aa60b4d3766d143abb320e33687ae143.csv
27202;5a8ac14f04b5b594cb931fd36b90931368368e88.csv
27203;4e1db830f454d67ddefd67c28d818fa4a8952f53.csv
27204;11b9d088ffcf3cd42bded6651b0d62ae5aee5c92.csv
27205;3ba75030d6d82e16aa6b4e72f4ff2d5aa4ec3086.csv
27206;aed67ffbd6e4d9bf1ed1235dd356f1b577f46641.csv
27207;61c1fa1892c1a8f1ce845aff74f214440d101bcf.csv
27208;dc1f052a5d9784f529c482a9f86467687e714d22.csv
27209;e35350d610e0b57178058ec8ac91ceddc3c4048b.csv
27210;db8420a511f2532d80387c4945adbbcf88b10307.csv
27211;e74c09fac1f951aa3859885662c702089ba95c80.csv
27212;93f16edcda47604faa4322397e60ad2185c389a8.csv
27213;a64a3ccc943bab17aee00a85cb01d45e3d4ec97e.csv
27214;2b612408beb9eee2788de86ec4a08e1107ae643b.csv
27215;d78e23103bf25cb38b71d8eb38226f72074f6ae2.csv
27216;d675bda69a63a37f19d766b5d91707c4868203a9.csv
27217;87950d1597c94a098901af9167b3e377218ceb66.csv
27218;38c7b3e3042995c78c60de4d099faca1c6cc22e4.csv
27219;116a15e7b5109886f853fe6dacf0dcf0076c68bb.csv
27220;a69e622047bed2bbb8f49b17551e73cbcd366d39.csv
27221;2a1f1339e42bdaa1788f9fb100d4172b90ce019a.csv
27222;ccb223e997151f795690b6ce962510dea02394f9.csv
27223;e6072f5dc88d629e1c6232d29b85ca87618d94df.csv
27224;e036187bc5ac0bd6d05c5d9dba094f716265566c.csv
27225;47ef0cda7afba76dbcda4fb7ad919764321d6d6f.csv
27226;9057e2fc54df6336793afb230942867598ee7da4.csv
27227;21af91530764611c3bbe6548b30311232b921d98.csv
27228;43f48892c5d3449375d8eee51b2350ac84a0c4ca.csv
27229;df650c9c61a64da3a4182d9f9a65800eaf5b1d22.csv
27230;01786225fa483c68167c505cdfab71de4ce9610e.csv
27231;7991d32f2ab758697ca6d87a726ee826bc0dd5e4.csv
27232;6588c3999e2b708b75f20a9f4bd383a9391fc873.csv
27233;b1b4817b57efcf7e317368f7c2a43fd9bc9998e8.csv
27234;a1104051dbb2b39a6a23d64dfdd49f784ea34676.csv
27235;4378842523294c24de8745e5da555666197e30c6.csv
27236;cd0579ff0616bca7f30ff2a4ecc8f672c7d7ec41.csv
27237;b100dada59fc9de54b13dff9c34ec5e5a38ea366.csv
27238;33d9260fa7175838a2d1252475abe0af63570483.csv
27239;bac6d59be998a87d031a72dffbea2bb1aa3b6335.csv
27240;116f74136e626c1a5f207f7b04b14eb680d81315.csv
27241;302e32a7923baf23176c3cb35d563e67d36f52b6.csv
27242;3d330660227097892df55473548d5ec4aa4f2af0.csv
27243;9d22f15920be34142d519cdacf63092f84661d76.csv
27244;e2c073e2f324b170d2786d8374690a11981c5e06.csv
27245;59fff7bcafcf7cbed728829dfc1ceeaae260f690.csv
27246;3fdb6b8defe204ad3015dbd3d79ac7ee4f90419e.csv
27247;dbea0218819eb43fa15639a546b912785d3c95d1.csv
27248;0fda4597d104be27d5c7eedd815790b6dedfeb1e.csv
27249;addfc8917a3c08ae4ecb6520a9a136a6fdea13ea.csv
27250;92f249b3f598cb99508ab84d9accac4dea8d7a2c.csv
27251;21da5ac84b8b2667b5861c5db453741b2421544e.csv
27252;f7929dc28f24ccdc65e36f6b67d182adc6c4f2ba.csv
27253;837f9c95dc96ffb52310f49ea5202c722ed19ab9.csv
27254;d4f3362e2820d61ad82b456b927b54c32b76f015.csv
27255;2ca58241ffff8e74ea6424ff97205baf65ee1906.csv
27256;e13ce866cb54f208bf75f9623e2a5bd088585a57.csv
27257;1fd207332d8e23eea77fb6d86263b7e47b9cb822.csv
27258;e6623aadc48f91693eb36c3a99e8de81f2b01758.csv
27259;dcd26fec2c7b83e1cbf244ce75aed864af4d4489.csv
27260;d9c768e755cd6c50a04bf1031620531681b87453.csv
27261;736e99e5da5e000310f2a0eece17ffd03da20aba.csv
27262;56fbff6b22621efffbbdf03b693dea809e83c377.csv
27263;d09cf8292da2fff474aa67b603531c8900235c3e.csv
27264;49023a0a082fda1673758b2108e058a0d674c222.csv
27265;0dc38c73add987d4416b52863c7e3931c3b8e644.csv
27266;5814cd304eed1b4764c864fd02687609efc7b379.csv
27267;edd1b35fa72b435d3cb9cf363d9c9e841d8bc3b7.csv
27268;55b183d3b08ab5f079b22df1dbe20c54aecd0e5b.csv
27269;2241347c1c37806d0a3a70b7135a63c5da0bdcff.csv
27270;b9301b0eee28d6f7dbc8eada28326fb0385f15ae.csv
27271;bd4ab5a33d0f29c5ca09098c947e502a9c8540b3.csv
27272;c8f7838853a28b0618da802dd333f6eeaa1f5fe8.csv
27273;a18ddd5d5f816de557839fcbb4806d8edefbfd23.csv
27274;0bf23700b30d7f265abaf7b69e4a76a8e3b4976d.csv
27275;1872ab78cc17a79cc217aceb47401372672340f5.csv
27276;1df8240e340b8b6c45fe53e14e440bb59b5cc38d.csv
27277;df0d9d8d2b4b1b8739e29c7fc5cfc4a3c67ce7ea.csv
27278;5112cadaf8a93e5beddac0b24110078b8a765820.csv
27279;93c86d21bcf6ab90e6dfc736e0e6b886c13c0518.csv
27280;a8284e36544cb842ceab59d0ccec275a5c4ecb21.csv
27281;186a0037a7e1489b32a24002471aadf8c8814da2.csv
27282;b815dfe9dfb37e67c074c3a80b71bcaecc8e9e60.csv
27283;49391a17a2ab396eee878283e8a81d27c69f0ba0.csv
27284;ea91cff13aa9ef6e2f6425680b078bab260c6692.csv
27285;6f45b931bd5418ea79f805edbbb8e0be9c834204.csv
27286;ef2c238dd55e20a6ea81a9f411747585341dcbee.csv
27287;057e31ee37a66543d6cf7f189356b43deb91a31a.csv
27288;99e21cda79e0e8df43ec1142ae8439519b9fdb59.csv
27289;a050d5a14fd2f3a9ea90106ff49ac3815205834c.csv
27290;5894b74f59031a5d2da9ee87c918c322b47d45ff.csv
27291;24ab9777f186b03957480ab50cef9740840b47f5.csv
27292;03c21141555524b2d476080528a8c7a1f13ce9d5.csv
27293;e129d1575042d4451c2da24f2a9fedeaad356d0b.csv
27294;32d208a20121ec682bb469e5ce7b048aab6d79c3.csv
27295;0a17eac54e995f96411bd23dec19354ae1db3036.csv
27296;c0d6f7ba23b828091f0126beb2481111aed644d7.csv
27297;92c8317c875ee893f790cf7c46634223864d5d21.csv
27298;871e4ddd35c70372f5277d9da89a82895325883e.csv
27299;2cbd18262d734a2c7e152961312687c2c5e50edc.csv
27300;ef75e7d14cb317357478c9747515239197d2083a.csv
27301;989af7d71e99de4f3eaa3ba3d96d841b6f7d9843.csv
27302;a98a04e5e07dbc17f4cc974e6f795c57fc487175.csv
27303;a5f337d22a90ba2454f550c79a71beb573034464.csv
27304;12ce8410d1ca0fa6f438c4f22bd92af6f8b78f04.csv
27305;d0d34cb6e67abcc286f662ef10130208cc192109.csv
27306;9171245b08ba48d3642cf3d27038ba6de8c39723.csv
27307;550f9a5d77f7a739d85ea5a6a2e49ef6736a86af.csv
27308;1b822763c007bb77798727490e95ee2bec342494.csv
27309;a9b7fff414093240be7e0eb3845c037f1cd63107.csv
27310;ca77332f8de0b0262fac838affdccb3c2541296c.csv
27311;27fcf142d16b311d12e4f2b146b8daec631cff41.csv
27312;a12dc41f85891169cb1447f4a87d7cd44bd47cb3.csv
27313;c2ab03046662fc55e0162afc133b4f73ea9ed866.csv
27314;654819dbca66aacd4b5be4174e4cd862e1e47bf3.csv
27315;7489bc89c51e54b0dd1538148a65c926ae1a5e42.csv
27316;0e37ec968886bbc880a46d10e532dc86cf6e5e81.csv
27317;34bb7c0b70a65346092067f7c0983de1f92ef5e2.csv
27318;ea894263c04eed5c8b0f1ca55f3177e4d4f608b4.csv
27319;99ff87aada004adbc44b03e1b7134e6508ed985d.csv
27320;ed0a8e9cfc0bd4aeb2fdd0cfc5aff8e3918deeff.csv
27321;658e6f83e1348900667f14313ff45a131cebeace.csv
27322;5b31457498ceef76eff7cdc01e0486d6fc3b49b8.csv
27323;720be573ddc8ea3f59b35245350abe9bb4c2b83f.csv
27324;8e8887d0412ee282b492096a86396c45ee54843d.csv
27325;500d10abe883dfc5d6f50bd2ee981577e6f4de2a.csv
27326;53d3f674127845d57920286a293b762fdb33d7a7.csv
27327;4598e96f24115b1fd9bc0247cdd88e52beb5268f.csv
27328;a8113f2b9a9a88793d33c4d25138c0749e3f0bf9.csv
27329;e6f14de0a91fcb6ea2c2405893736640c30d1506.csv
27330;e847d433e7424152a9846673209cb73027415ecd.csv
27331;b51708b0966f74f57fab42ff774c4fb5bc90d81e.csv
27332;ffcf01af4454c1fdbfa6d5f2bdfac83cf9a70fa9.csv
27333;66760f85ff2a55783043c7cede826b4b9ad93b82.csv
27334;6a4216a9560741a0d1075b5af3e08ebc6e2ee74a.csv
27335;efe86baf0c7d99a226a38232b75499c12ee049be.csv
27336;54a6998607f675844ef26f5e03cd5dc46f0d0999.csv
27337;6d44df76bea55d5b791f6fdacf188ddc72b19eb8.csv
27338;e6d4a58ec347043bf1de03ce82f2a0c93371be18.csv
27339;fc82193144e9f5af58ca5102bc0093a789ec70b2.csv
27340;7b718c2197a63bf718cebed2894fe47f7d90c6b6.csv
27341;28198db549fd736761dee92488554289c7aa8a94.csv
27342;73444e7dd59a091ead0d60cc662fdd5d22019b2f.csv
27343;cdcebfa2e43466c94a37913253faad49eeb406cd.csv
27344;9bf0b6a8f2fc8bd4b3b80299ea9c7318340b1e4d.csv
27345;9b65172474596d39536d018185c4e92a52909622.csv
27346;43e9fddd5958ee6a00e553db81c7c3594fba8b21.csv
27347;a7a12b0bca3ffca561067b03a9d4e7cce428264c.csv
27348;f9cc1ff1f9844f453de804c26bda98ddda1b11eb.csv
27349;dae3d480a7f02ecbe016091502459e95d6998979.csv
27350;0f780fae3ecc08d42d77a3a741298fc62bd2a499.csv
27351;73f243f45015fbf2c5cf2d386d58dab89f6163b7.csv
27352;49b6d42d153eca4fc282ea5739191e04f9c8f066.csv
27353;38b82d8fc99f18ce002dbcf18421ec32d6c1d7ef.csv
27354;ce9c960973f342ab513288376ae00d9b93f4f916.csv
27355;63b630310ed6b35dafe72d46dab6eb6f32db778b.csv
27356;4eea4c989b10f3f5a235693877b8df2aa4c72522.csv
27357;dbebe2f483751980d39e3574a25f3bcdaf2550c2.csv
27358;9a67a1447a5d8910a9d58b9ebc584812e20977a4.csv
27359;aebef55772b06e80d710bf0ddebe395c3e317e63.csv
27360;d652d5405465182d46b0b48e8039e530abc06f5a.csv
27361;af0891ea4c8c5d5bb900567f72030d448e4caddf.csv
27362;ca260e6fbd217744269c434cf59b11850fd953a5.csv
27363;f0f3b693ca7df675eec88677a0199624bb0c578f.csv
27364;235e1bab19239e4ee21dc2c00bb0df4c1667e9dc.csv
27365;608ec5ad3b1ee0c07c875b0f86f2a5b14efe2d4a.csv
27366;69ae80f15e2b6e40a90752e801332926b62f6083.csv
27367;6d1603e059944038c66395b18a8d3e45c4ba305c.csv
27368;e315c421674f55c4e12287ff86314290f8965432.csv
27369;10fa4fa686ed69d8ea6912af25a905fa7b063332.csv
27370;731a0f501738638dd09d1038b66ef970aae47ff3.csv
27371;e28c79a98180a951328f45026c47641250b9afb7.csv
27372;ad6f66f12b33144be9b6ff545ab8dd0399d9b5d8.csv
27373;3888fc7029c2975318f184e5922a2d234e76cb8d.csv
27374;aa37211ba5110e94e0eb66faeab05d0e9a407c53.csv
27375;367b3cd6be69d49b00e7a8dbbdfeabbb9e65c913.csv
27376;1c4c174e591ead5cf400388a195faa903c9776ae.csv
27377;dfbdd7c6ac2c52d661182f4240a5c0969d22205d.csv
27378;6be85ea52acf8ec4375b87e90a3099c72ba57388.csv
27379;4b82f68e399d847ad6046fa8ccc13586ab2ed7b5.csv
27380;4673dc6333535cf5caa93d99cb3a3e3c6b51a148.csv
27381;fccdcfdcc1af570ebbf2e787ae0639219181af9e.csv
27382;a4f480324c28ace49dc741533215d1b100af0c74.csv
27383;b4923d58e376bfa5473e62dc7de2ec147e3631f0.csv
27384;53d4c2f0d9ceb548cd3ccdd72490b0c7a5da9d63.csv
27385;967f4957bd4dd15955a22f8b644770397e04c407.csv
27386;b52b86dda58fbc21ed08d196c279d1e1787b920a.csv
27387;a37d7de813bd417be93b0aca342d813fa25dcd55.csv
27388;b7ceeb6c45a3e21d3567c6435dfe31473df3e729.csv
27389;c9adba0b02c5e8b49e0e84969ee3c70fc0f100cb.csv
27390;e1cbb10fdf4b9caa929d1d2ad6394aa392807e7b.csv
27391;cc3eba608f0a10ae1cd554724cddd65e2808b4b8.csv
27392;26da61717ac222775a78dbfcdb0401cb58499dfa.csv
27393;67b2f55dea1d8fed0046357a3020c8f33c2ce1ae.csv
27394;8bec8909252fd0ad1e270e24b02378e990da9d33.csv
27395;c0ca3a1d5d7f3e34a6500acebce925c70a79ed99.csv
27396;1625b5f4030f2f0188b9ea564e215c8b9e9c1bee.csv
27397;05185e620fb972e3baf5b2e19c9518c6985821f0.csv
27398;55920cc3b5703da4ca51f92b4019a364ff5ca3d8.csv
27399;9d380a825926b91293024e97a338002bce2e0a22.csv
27400;fc670cc7e7764738cf2c61e52fa8ea0aefc74333.csv
27401;76265ef68bfb73401e97c8fe5d3a883e78a43401.csv
27402;105878c3b0a89b2743c2ba2be59e25cd73b9a6cc.csv
27403;9d41e2dc68f1ef32a6180ba932dda9b781ec566d.csv
27404;e02f049fee95cabc6dbd1795a61117b73bc084ec.csv
27405;d2c74e5d2586d599f782f51c887d6e39704793cb.csv
27406;e9c98a5839a16e9f2e7da5f4b6bdc5c8bf8664a2.csv
27407;75ad45f218cbe4794244cbf8c02f622eea4c8bee.csv
27408;ffa96106b3248391e0a2e213ff9c317b75133e2b.csv
27409;7c3aec179c55e8ad1ad1e85ebed0b4e5c810d137.csv
27410;168bcae4cfff88b659c4ea7c59193002d7a57c4d.csv
27411;60586ffc8da35eec0ddc21d5ea30e14a1f2ef4a9.csv
27412;2d763661e6ae0aba4cd21109c67c5b0133ba946e.csv
27413;2cbf0c99c7d0ea1b6418efc0037b46f21d205895.csv
27414;aac7a557d56de4ec3180fec38514eec284d03e0e.csv
27415;6318bb5c791bf5a04a5299fbb379335f801e7b0c.csv
27416;449e8041aec627c099b3934f99572c3090e38610.csv
27417;e1eb29c0a697c2ffbf1d81746482b084b54f4df0.csv
27418;45713f9e6085b078e4dc902790cf3e5cdca43151.csv
27419;1a1ad23b47056ec52cd44e17f977a07a25b51bd2.csv
27420;a39e4d619a5b9b820b36ca59ae9775d8a1c0fa25.csv
27421;dabc26787b7667880ae583863c959a4d492290aa.csv
27422;ba64711936ef0a3599da0e25fae0fe462015f97d.csv
27423;e9d17e02a6e7f5017d067c5f03567f723755ab08.csv
27424;70f2b34cb875b21e09952a5d4727c40604e18f57.csv
27425;d7c1b2d0dd9e1e7843bcbdbed7986ffdf53eb822.csv
27426;718eeb24008a172f1e5cda8b0ca0914162f311a5.csv
27427;05958283c5dfdcb3b3e28b3e5ce77553bcfb544f.csv
27428;fc1c9e4e516b3a249d30971e0f251834a96365dd.csv
27429;b2a29d12403e49b5b2b560ce350632a886ed8a6e.csv
27430;5af9e4a65be59fd7da207e0f8c77accbc9d7c2ff.csv
27431;e730c9ec430fdb1c9955e1359ac359e7b129965e.csv
27432;407e71a7282f267825b818473ed846fe280cc79a.csv
27433;7542584f75c28cef4dee54770ccc7940aef9296d.csv
27434;638913cbcd37530b1122400714a25cc3336cd19e.csv
27435;450921cad3744aa651260fdd482038f546992999.csv
27436;0722f43249269b4877bdad47d14dc2f16a600aab.csv
27437;0b79c5f5d26ba81ffaa3c3c6e5fa7be9147ab0c0.csv
27438;1c424dc337c2192f2bb5813050a95c5c1c21d08e.csv
27439;2f2339c3dc2dea779f9459f4ef758ed9c42be553.csv
27440;d247fa1ab07f0856d84c8f5a0e13586968c867ed.csv
27441;d2d7155bcbb73d2f80ca7b1b8b998f2c1d4feccd.csv
27442;60eca2b95136c0f7ce31c44cb2fbbc706ba4a914.csv
27443;3e09f21cd27bba39f1934cf29877155845fb4a5d.csv
27444;e816f5d816d38aa7837e0bfa8442b7db4af76ef2.csv
27445;0c0f59a6d0185c534f1cc3a07873edc228daabcd.csv
27446;3557dbbe870572872eade9f0fe7147743e1816c4.csv
27447;cd7a81e01264de507007efb1e88f673497cf76d1.csv
27448;98b6615acd387a348e087f81ee5a69da6baaf7f7.csv
27449;a07850e90fbe1fca6142783b2de98f104eaba2b4.csv
27450;78d63c06e4f74354baae94425f9b02bf4bed19a5.csv
27451;9020fa4c0d4d1f5e4570373fe7fcbadbd228555d.csv
27452;0c34087bdc5220eba509f9769cbbbd1ca2a85842.csv
27453;1361abb505e6a3b897510b7bc726a1b00e4d627b.csv
27454;924b87047028e1e55df1b901323bd03fb19e7d3b.csv
27455;2b294bb5251b64cd5d66c8ec8f12d9b6db973b01.csv
27456;cfb55f354691985ee5991b150b41d86cc6450095.csv
27457;7013d5576ea4578e019fb03a7e609ffb770e493b.csv
27458;3c81c1c3cc400548820f0d58a97ff90465e906f9.csv
27459;29e8c886510037166c31f0e2f6a4cf81c64c43c9.csv
27460;94f6c2e70e777539702580b3afc0c2d45a4d57b0.csv
27461;f28fb61943840a4158f786f40f5a6ede0788e5e6.csv
27462;585f62dcb56bb4c7c49496460b44e4af7012e813.csv
27463;1ece996da2419d7375b523a314c31334ad097c52.csv
27464;723da49940595441f1e24eb38466e372dc987ea9.csv
27465;f0e769036bbee0188e0879fed7de33fb0831f200.csv
27466;22212b4c01be73b039da9396b7d20fb4a3429cb5.csv
27467;44789bc9c61e4c445401e78fc2dd12aff59625b2.csv
27468;ea83248908c26a21f4de090dd35235cf4b571337.csv
27469;fbc487e51a61dffa2c3f9bf256e618f6d0a1dd6a.csv
27470;4da49583ad8f7cea26adc9b4c4436da5712c4cc8.csv
27471;49bf586a2753b963b4ebdf53c3555b5fe445bffa.csv
27472;e841d79130ba70ff159438d44ef9d6a180913397.csv
27473;fb49968febfe6d5e4103cf3d834bb22ea994a341.csv
27474;1f9bc3660fc0401aa2e3de09a9ff9059b46dbfa5.csv
27475;d3603a06e02782c97d8f75aba36c48c24b1d6b72.csv
27476;9b8b585778de84e7ced9af95e4977ff678970471.csv
27477;30b993150a6734514909855315482bf6810ef4d9.csv
27478;26dbf6c427e7d30a9ee897a91e1949f8cf54403c.csv
27479;2654a485689610f569be21dd9b24862bf0b10179.csv
27480;c5693c87fa1c8b99d18d2ee0f40e55430d53a253.csv
27481;b942009178a26a66e31d797da435b4d2aa4b9827.csv
27482;b89961962ab67d4c4591a32fda69fbc0c67fc029.csv
27483;7e71b0b68479d59fe662f53a7ba3e6037b7e09a2.csv
27484;3867b0a32bf83c8c694c3b49437b174df679bea3.csv
27485;c843c9f3d123553ed90bed163426cd6ef071587f.csv
27486;118fccc830ebe4ccb37943572b8272af563aa168.csv
27487;af8356916bf4e7e3e9f64b3bde07b93f4c47049a.csv
27488;79050f9eac7c7d690799985ed973319ebaaea9a8.csv
27489;3abc723d2b14b7ce799e87e3812ed16f80f9da84.csv
27490;1ae6451f8010b1d53687d1b69dc12af8441f1051.csv
27491;1bd1a8e28d6831ce5533a889dd3a7c40da793224.csv
27492;f2355e9fac7955ef426142793a3a3597189ba2d1.csv
27493;3bcf325975ee3e0d1f05ba4a4cf473dca069dbe5.csv
27494;850eaf8fba7598640cb3f2618767521e9be9ae93.csv
27495;bb07060cba0931c65ded01cbfd817c83c40808e4.csv
27496;88ab3976824ae7fff5ef24eb63ccf6a830951ac4.csv
27497;2ebbf143f9b3fd5c5e5c7e74cc939d1420bc7de1.csv
27498;341f662fdb2a5774829e7756b88da959bf5c68ed.csv
27499;3d45fb97776c659a1a7ccbb35073d785f26d3831.csv
