9900;ffee1423c1320d7070fe9a871224a468768a4c10.csv
9901;ffe663e4ef5018da41f057533520b9d85ec86e18.csv
9902;ffef8194e52de95fe345db7dd12fe3185d786978.csv
9903;ffe7169e14eea9af001ae388632123d43eeb9697.csv
9904;ffe3b2ad5b565d38aebab45629d4329fe8bf4e02.csv
9905;ffaa82089f00d6e0b4710f59b4016c59c5879ea7.csv
9906;ffcc037270daaf7a3c1869c957f412948e45de17.csv
9907;ffb80089bf413c89d1972ba44a38105139b34f24.csv
9908;ffec12aa4a9fd44c1cef69a933194c5f19e75bf0.csv
9909;ffba0e28de0ad62150f452c30641548e56503bb1.csv
9910;fffaed7e9353b7df6c4ca8f66b62e117013cb86d.csv
9911;ffb147f62b6570ee48fa765305c24ebcc8e4912f.csv
9912;fff3678cfe3ce7a9ccae1e7becf17d5d71d1b54a.csv
9913;ffd791c34aa1431d8571663c1fa722086d0ad90f.csv
9914;ffe04775867d268ef18a29f13138e407b6aa8ea5.csv
9915;fff1e7b356f0d6cf7b28b019974833200e38f843.csv
9916;ffd640ccc48cf505cf385e2a7ab7d2720e3ec427.csv
9917;ffbe34e6cdad2e0807c420ddee33b842e38e219d.csv
