990;7220982ea4592afc5109160c63d728f1fdaa8373.csv
991;90a07d2dd8ed61a6605a0be5f7b5b738c82ad1f4.csv
992;39a01111cbf00eb9bf55c7713c1edec443d3e97e.csv
993;91bfca3d386f93c5b083464adb93c8d36f773fb0.csv
994;6107c0ccde81ea8fb7c6a10fc39048eedf5c2447.csv
995;9ad169296fd3ed0191dfe8434f8836ec88f6b628.csv
996;85c04886b69b27eeddd4a72c74e2e1727a80598f.csv
997;1560d77c8e16b3b283f328b1c3de5513014522e9.csv
998;53cf48ec1726de4e093378e48a74632bf485cca6.csv
999;89cc80396595df1ebb851e602666945754ab0257.csv
1000;4050a72fdcfdeddecf74c01047934871e72abd8e.csv
1001;21a19241ff8c8602a9cd610ceea62e746a6493e2.csv
1002;9b49622e8c16b0e941616d09e9ccdcfbc5d5ff0c.csv
1003;99be48475fc986f16d752a56ceeed588e4f74818.csv
1004;94f679e7bf40010e41952e26e8953a5703be64c0.csv
1005;307e4634325d0f56673d22e9342857ed1ebad1c0.csv
1006;61ad64021b0e34d5e3a82a4310cc92d123a7061c.csv
1007;46eecf9daff1ef854fd51a8e6963d58126d35a2b.csv
1008;91abd69ad1b79240b58ffdfbce651e6980dca5bf.csv
1009;453dd47b10f2a6c372d8565c0c9890b446485bbe.csv
1010;955a11ffa21e8ea71e2dd4ed9b59ebc6a8990535.csv
1011;51485c1b5e3ce7050422a81c6a16ed00faa768fd.csv
1012;582505fda401e9da61e9632a110b2e57806d2e61.csv
1013;363b1631ca140d28ca1ba79883e8b339c8a4a68a.csv
1014;11217ee4e2bcf58f21011db8ff3d166aad2691ca.csv
1015;611a37c75e97cd0e251685d63fbbb42dbe3827b9.csv
1016;41199e837e1c706b7a8a1a8a0970856974235566.csv
1017;86afebc58ebd3a14ab6d730d4c5fc32dc56ec3c5.csv
1018;801d5411eaa50cb50b03e37bf199b1636341c5c2.csv
1019;69ec8583af7713749c3c85d5a3eb5e506196150b.csv
1020;148a0ab3b9bb851a56bbe926abed11c0d71fc61c.csv
1021;14b07f164039eddabc4f3932a873bcbccb2108f4.csv
1022;138e18baf12e4e92b67ab7dee321d2b149f236ed.csv
1023;0036b28fddf7e93da0970303672934ea2f9944e7.csv
1024;67db14be4e5b68f4d42496330429a1d86266a161.csv
1025;57399b6385516ea722307a128b18a8f8f121b473.csv
1026;7037460cc980744603573744bf370ee8f49a4ffe.csv
1027;802c4e9e532b2a48928179795754847a229252ec.csv
1028;44f01ea111fa2b4bd8ce34739f64b17930bb0ea8.csv
1029;748d4c57fe1acc8d9d97cf574f7dea5296f9386c.csv
1030;810e609cbc20ab7c1543f7131f18b7fd0a3e2ca8.csv
1031;71b8c50ee0e1f4e79e6618301b768befbf943a5d.csv
1032;140e6d0298bfcd1e825a4b81dcabc50d1658357a.csv
1033;737650f6ab6664da7582430d4b45ff9dd2e76866.csv
1034;23d083670f409a442e250e13709048ba569fd31a.csv
1035;64f48f817331fc485485f543207eee3d76f1b022.csv
1036;9c159594c91b5f2608137dd010930f11a9baf209.csv
1037;83e5553035f500f4bcc4aeeaa41aa74ebf578567.csv
1038;30c0e6db2173676aae3b5a5fcdf9243903c536c1.csv
1039;54e77bff1912076bccf12a6b099e48a59f634d5f.csv
1040;4691859fba97c59b688292d6d2132d3ef1510e3a.csv
1041;131af5ab50551638e3ce9a8c615b9b4364f2f34e.csv
1042;335dbf8f43a8eca80f3e2730b3f8a1e655ca2d14.csv
1043;817a885e9613363e08ef920a9e5826a4cb9e1c1e.csv
1044;231ba154ea0d9a668c5c5e7e5732c4f223608f6d.csv
1045;471aa6c890ce013986b2f55f65bde5b06615f456.csv
1046;9ddc6eddec3c91f53a24653e004620fad3a694ec.csv
1047;544a170a18bae9bf44c531c2b0b4bdc5e85ea8f5.csv
1048;793bb8ec176e4a5df8323e0bd2276e134b958b5f.csv
1049;97180e8069348d5c8f1db6a79d2dbe4d6a586cf5.csv
1050;365b8f727f890a4833a5ab7ca03d443022e7faf2.csv
1051;23cc9704b77903e3ec5e9ecb81ebf83b3a231c4c.csv
1052;509eaf8fb436b60e6d84da002b3630d62b39309e.csv
1053;40e22da9b80c58635cb6675194f4cb7b937a044c.csv
1054;6803ffb755ca44defc371b10e0ad52ccdbb67108.csv
1055;92b6e41df821c7c137bfa56339734cee1715df3d.csv
1056;00676f1131e03ca8defe523e79bc1635cc933909.csv
1057;2060cb027399ce2ff97b6f9d17b932aa16dd0844.csv
1058;5036d9acb850bbb3705be78b3ab64dec35d68b27.csv
1059;649b681845a59b87d339917c75ef51c6c55b3a46.csv
1060;59a6b0bbb0666fddb456723c185f04bb97858b08.csv
1061;9cba862dff2144ac822546806e52f5cc71cbb4ea.csv
1062;99da54318cd9e891d43f15d7b96365e2a2e9740d.csv
1063;42cf6d49e5dd9dad2454e4af7cea1240c51c76f7.csv
1064;14e7bfe37c331fdf83f54808418cae7129a653a0.csv
1065;975a8b4abe4cc0181522e859a92c5ddc22f50c29.csv
1066;8582184d3d2e497088f716ad0fa5bd49976f0dd3.csv
1067;72bf8d8fff5a84e84e219df26f0d4cbdfa0bb15c.csv
1068;30961868e638de27ac29c587fbb9bdb104c4f9db.csv
1069;78dc2abf39a665aec9b4a48738a2b4b838bfe72e.csv
1070;960ce652ea3f7fb9df40da78e21eb1efbdf577ad.csv
1071;72903336c1c94d9acc0491f7aadc93d7365a6934.csv
1072;02522a1b4512e4d2880a6a551a8dff589d4cb393.csv
1073;679aafff5a2403fb48ab7bf416b6d5d97c02b798.csv
1074;9665e16e8fd0e3198298f64f70cc9180d1cea36a.csv
1075;491606c2c6705bc03fabeb0b18da697dd1e4ff3c.csv
1076;3831c263a7c8d673bd839bb390083c0d79003d14.csv
1077;830267d850fecba497f80f0c51331a397a734a94.csv
1078;0167dddb0e2783a60841b8e6f2b4e4cb981904e2.csv
1079;9a4c0d0a76e1ecd99c5a45fe8ff2a96aeff0fc2b.csv
1080;734f6b97fbdf729498fe7077f74f49db8311d2b9.csv
1081;9f87d0f127411cb1dc51dbd3041aaecc008d7b8d.csv
1082;5667ab8a8565a702defd98b5736e32a3bb9c5ad4.csv
1083;43ac139b156b7a9397d9da995694319fdeeba0f4.csv
1084;22c00b12361acc7b59c2874d165c8f9bcee54b5d.csv
1085;879df084e06fcce1980e3f73c36748068b39f049.csv
1086;94c1ee6fefd3a09fdf245d6d4a0c2321c9d994de.csv
1087;48545476b719bbb0efc851c4bb4da881b8244cc2.csv
1088;83bb5fda8d9d959fe92af64a2f154c9dcbe38bc0.csv
1089;041adbe00a7ca71fcbc38ff4406297ce86e93a6a.csv
1090;398bb77199ddb0d4e54efc14a1f1ef4c4ccb312b.csv
1091;12b90b3a09c938535dbf8db6af029cba7994e2cc.csv
1092;377e2c575da8f034d4f9f34d7ad6c4395487f348.csv
1093;77fcb3d2473e9f9c05c8f0bce3f4ebecdd5252ca.csv
1094;81c92759c804f01629de5c8499535a5b300b5f16.csv
1095;046b480f92a27f809d67c98c77752037f3342d2a.csv
1096;11def60675b38fbb811f2b7a9ad62f5d938c8956.csv
1097;69bbe1c417b7629ee5e22b4575f2392e8ce0e137.csv
1098;545cc28cf80d7f18232d1eafdcd3a7e9680a4b9f.csv
1099;23b89b2ee6a5870dd94c479b892cda6a54c8ab6f.csv
1100;1863b855d1e87b1a2b85a88c71c0b8753619f0b2.csv
1101;57c47ce2ae13578c7611519312f09871bc0c6eda.csv
1102;702000a74d279d46a8cfc4a03b241ceacdad1274.csv
1103;2559cb0b4a2175212495ab7d44d9305db4a06c05.csv
1104;35ec885b13ad96752433a085e543db81dd1d80df.csv
1105;57f7bd687c1b968f782d3a1aa7f7fd051acdcaee.csv
1106;91b8cb1041fbbcc5774eb5d1634da179e3a78b61.csv
1107;165792449dc650fba4a923f3a94a851754a7bcb7.csv
1108;69fa49eaff05c4d29cdefcd75ddd8b7a712324fb.csv
1109;617197cc751a9208cb0af1b4e31baeddc8d2e985.csv
1110;496c9b4e424bc052895fd0c9446e14f565dcaae5.csv
1111;73aa8683fd7c4fd68b73f231b6bc3e609d4e9af9.csv
1112;9547b74fb56cd1288d9af6facbd337148cf45895.csv
1113;9d36c9a5c87380ec6bb1cee77ced91fd6265d343.csv
1114;664ccd3c148d0d1935adc813dd758ea9c649983a.csv
1115;2823d7523188f052070c565fc1e5b9c35899f658.csv
1116;82b0cd320ba1e619c08fee764bec158f166fab55.csv
1117;92e14fff3e37477102149550fc8f3ff9d5ffc6f6.csv
1118;66ee6c750afeb7f2f0ae49100a5b3c08f91dc2bf.csv
1119;9de8690f1b762460b4886a5732f27dba83800c26.csv
1120;7321a41ee2054c07a18ede4e04a420621cb33087.csv
1121;459c780b398aa89f292490a6b455845448b7d537.csv
1122;61c1d57c318f5a10b2d31abd543d55e24d1fa47c.csv
1123;79f2edaa6e757d6032bd265f4735512738f51797.csv
1124;8579c955ae9daf83a1bfda72c510f092c4d4e776.csv
1125;41e98d93f0f9f490c34dc4e8f96340cf477e7355.csv
1126;13531a593bf382e8e4f605622db4f7f2c6ef92a9.csv
1127;41deae1169912161f5195d978626aa2ca1898994.csv
1128;4090c4a0e8cead64dd9e44a1610fb4f557fefdcf.csv
1129;756dbc931627ce595e70224e084e8cb89d38287c.csv
1130;2271485cae8757f2abdb1c2d012bb892c5421ba4.csv
1131;1685a03eac1fe5f949aa6b7889e02dadf9d3f90f.csv
1132;95742e15e5dc39ed30e4b72398dd4a49507dcec1.csv
1133;097e78073b154805e74de8245008ee3f91c24af2.csv
1134;06137bb1e53080493b33c1b749b59848cddc05fc.csv
1135;09da5dea6fa9b08b2eb1549e85cbc7e29fd3f2f8.csv
1136;53f9b02ce4cc149507a9d402dcf9d4c191b3bb29.csv
1137;662b7fe72aeb5beee387582742e087253b27201c.csv
1138;38db3b3d3d82b08a9d95490fd0871d04d7001efe.csv
1139;80522e9ca5c69f759fcb3da6fcfdf3523891594e.csv
1140;72e25d8530d2d778392e2ca2a1ec1b7e13e24a30.csv
1141;3965a2d31b31a317f72d0f08695060dbd6952f82.csv
1142;19b86cf16403e695203854d598ff4bc4dbfcff86.csv
1143;61d252869a226c4393e4637cb90fa3b4df082ae3.csv
1144;771602a778bb656cb8f499e9cd1e18b1d8a5b66c.csv
1145;5072f11488276a2dc8171394942364d59373c743.csv
1146;408fac0f5c5ba4a01e7d98d8427caee326bce755.csv
1147;14c6f99cf0ec54c78447ad5a8403e3ee2708176f.csv
1148;8931fabdc25094445ab2450c3a5117dab632e868.csv
1149;41dbdff55ea607010728ddec2392436ef6dfc325.csv
1150;93dae518889d2a93960963fa3e99158f58738eda.csv
1151;65d508add328dceec3427a9bc54cff552b6a2271.csv
1152;87dcbcb15da36050308aca4284d842193d99cd6c.csv
1153;317f324d1116fd3d2d4933450d87528207846e36.csv
1154;15f57ae58cbfdd0616c570508ce0471bc4dacebe.csv
1155;84e8e0300802fb315520524a718492573ad79432.csv
1156;35349bb1fc9290338907b7d7f104c9db3951163b.csv
1157;934f45d3ce46b7e090b1a3d76a96e2acb705cc91.csv
1158;16c8b4fe2b6ae40077de377027c4fdf6a27a0744.csv
1159;92ca79afc9f624d2ff6417edfd83e081fcace484.csv
1160;8301fef06e9bbbde5f145096ba75e82f3e0ec160.csv
1161;9f5749af9a7d43c3e5e1ca056c71e5a9c0a0a1ae.csv
1162;425e0ee111062385cb630f0ea0659608d5fbec5c.csv
1163;26360be96ced1f242e01966b0d152c32544f3d60.csv
1164;3168aa9b909bc05f8140726c27e331b6da5abff8.csv
1165;344b7576e8d591d39fa83b3fe6d6176a61c0ec9a.csv
1166;52566dccb4bd8044edc87b1a0aa268320a6ea3d4.csv
1167;653ebe846e79113660523aeb3d87942c3890cd05.csv
1168;49e1fb99182dcce14548cd974623d53a5ef486a7.csv
1169;46c2b3f4e85af8b1e30ac3c5be7b72a1412eec46.csv
1170;28d987c4ec40dafc05993e3a209ea4266f270f28.csv
1171;285423e1a13bb2e1b98795cc6bb0cb6f54c0f8fd.csv
1172;418d9334932cd1b03e23fd6e03c01e660fff4bd4.csv
1173;416c18fdc648694ae3865e39b522edb784a12041.csv
1174;74bc0b72bd1e1984f0428c90223d5f9cceda5f22.csv
1175;3740de0a7774ae09eb39857f90d261130ce5ed08.csv
1176;1425915f5f44c6e2bb0753cbe0531cbcbad46d13.csv
1177;905e2b35719215760ebed8f3e93fdf6ea8ec9bcf.csv
1178;17da3a159054b31e3da81a51ab9ccc26e18bd266.csv
1179;8387ba520ac3172c8b428e5c95b6aad52d23d509.csv
1180;715842fa536064980818ad7e31ce511272a4b6bc.csv
1181;984eadbbf4721358284d04dac03f26a28cbe0a8c.csv
1182;760fa9225c5f571c77674f53a1f2d9648eb2adb0.csv
1183;141c68b57781c5550e68edfaaa9c70b3bb5f2573.csv
1184;97433e220f22ce9cb6f3a5ea8b3df20b6f851692.csv
1185;584690fd413d25e55ee5599071bd23b1be00add0.csv
1186;64026e37a33880c07a23deabc68e8e0d8d790c59.csv
1187;40838e5720bb4e13e5b459e3fb1f1d095ed33549.csv
1188;40f8166324b40954ba214d2108ef51b0fb7d756f.csv
1189;84f8946f903a07243c54bde0a3e6d5ccecf9c5b9.csv
1190;801e028d1c0aa75910dbe03019538ed0dc28b905.csv
1191;71195817c4cfe2c8b7bc13418d2062226a71d0e9.csv
1192;55eb127fae1e7e297c11baca53a758cac2a77329.csv
1193;99c9c1e5588a8e109e0e82cc66acea4dc5808a02.csv
1194;801bdee04f820908695b58d1d23a04d3ecbf103f.csv
1195;4135ace30ea08a669730959e0f98a4af06537d07.csv
1196;80dc588467ca6027accc7517eafb0e5ae3332769.csv
1197;47bd7df352db2b1b093566b04fc328d6f0292c1b.csv
1198;82256b182006e2f9abcd1475c906b290a8daad13.csv
1199;45cf4bcdf80e9ed9e3048485b0c57926028451d3.csv
1200;129fe5d1e963bc655146edf42a382819deca0ce6.csv
1201;723d2ca57cbcc702c68347fb8183376d16d80f1a.csv
1202;2892aee133b8b4037ace7ec6dfe6cab17e466292.csv
1203;3258949ca406a5f503cee042ba1ee54663fb47f9.csv
1204;67a52569919632f4bf58782538ff24838ac7f26c.csv
1205;97040e1e32165ddc6f5ac806f9d970c4141c561e.csv
1206;147de820d90c0ce89fb5ae6836ea1794b808fdf2.csv
1207;45d421f19615b936de0527809bb71e12be89fa7c.csv
1208;8016c07acf423bde29ea3e2742fb37286a9b013a.csv
1209;08079db5747d09016612f319e154ff81c4d9aef5.csv
1210;15d87194ff22d1a52809b2c2332aa3e11a6fcd4a.csv
1211;9c200d5d5797bb4162316b729636023f3fade4c9.csv
1212;7925057cfe0cb75ae6079879cb2d22d23e42dfa5.csv
1213;46ec3a9b64437b3a7908f0efbf575e1645ee0419.csv
1214;3858fd802f76401901ec985a5996b77319299098.csv
1215;715fec9052e391ea2d2bd055e7fea736b2882bc7.csv
1216;26b944ce8d2f033704c7aeef38b0c128c0dd18be.csv
1217;298f292239fa60b67bc08c1e1098cff747aa8f15.csv
1218;818b42cf815357fc1ee73a17caa5dfef24c55027.csv
1219;75722d1bd3f78205e7073311caffb7e52d7b530c.csv
1220;894e9a681490af51667a059d727a9cce8dddbf7f.csv
1221;9bad339dd5a9605d61cc773ecfe0c65d4402f4b7.csv
1222;94d47d45fbe70e69c32aa588b44fbdfc0333751a.csv
1223;637939a0f462b9e821ff62fc20e9fedfe78df73e.csv
1224;98513efd2f4e86626a263f1eb350ed2702ecb8ec.csv
1225;953ce6c11451011ff271b730ac3d2bdadda75830.csv
1226;19d4a8102c9c60c132a3c64b4ae0beadd0895559.csv
1227;036a7af6f90c822210bcac1869a5e85303bb0ef6.csv
1228;0612bb6d157e8cd266943d84daf110c46a56aa23.csv
1229;390dc3c6b8a82c69dddf3395e72846d49f5c4a72.csv
1230;25a10dcacb257ac926ad42124f605189b3789d3f.csv
1231;977370a5432431d0680323ce3f9e67db65f5f7b1.csv
1232;839df627ece5b5fc7bb1ce3b4f96127677fd0494.csv
1233;9200568d5a5c88f0f1b203240e94e90f96546431.csv
1234;58cc585d5006605aef48cb1e6f9aabe797971d20.csv
1235;18aa7bfcf8b4dfcad03cf4836aaaa5345d6cfdc7.csv
1236;6909d7db535645308e0b2e726b5dea3b854a1aa5.csv
1237;0134717f1b5ea99fc7e5ac305d492f5cedc8cd92.csv
1238;500e585afac01e4b3847aa138db86b04352484c5.csv
1239;95a06052b68c5712d187bd826376e31dbe8ced00.csv
1240;6380422bd00767aa0bbbe938c7c8b01d16b734cb.csv
1241;37f31338fc1447eb78c6b17f93e700f77728e25d.csv
1242;6013e1ba3e4b727cf9b6d3289d49585a1a257147.csv
1243;16ecc5bdfd22d87714d9bea1e1b55c462be1dc13.csv
1244;9d651ee3cc003d22f9ffff68394494087112ec45.csv
1245;077d5a9302762a66842c6bdf13912433954ca723.csv
1246;537abde4c5b849f55e62ff102f4f91dfca742ff7.csv
1247;8318896fad2acf22ac94d15d6d571dd2f7cf121d.csv
1248;722738d238370488034852a1867cfa04b564d331.csv
1249;14591bae9b4cf2cfdbd409c0dec9106a13298297.csv
1250;9794fdd25bf5ce08230e7f62838876ca45d05b87.csv
1251;66b67940ae16f657fd93fad230081d20d98c55f7.csv
1252;58b95b98f9016190301e31fa9809932a4d8169c2.csv
1253;24709e4ba406a998d011ea9b31d33279bbabedb5.csv
1254;656804baa38b83efc3fbbc24cbc19b89e6d778f0.csv
1255;43eb920135bc1acb5cb4f1d91b5d06079c53765b.csv
1256;40f79b91682886f0f531b6bb876482a23cd6e400.csv
1257;276ff0fe5b27771bb52e6fec57cfe7b6430c3b1d.csv
1258;1999185dad27d52562c1dfe77bb72f06bdaf5084.csv
1259;143381fcb7566228ad053f619d03efdfbc2668b3.csv
1260;674e4b0b5ce420b596a783bf0d9d7fccc5a76403.csv
1261;58f660cec9eb4423fc12e1b14bc70a951a5edad0.csv
1262;60b766c8bbe49fb1702f0784263e8a258ed067f3.csv
1263;02450c2c82a1511cb5e1639d3b8438f69bbe11f0.csv
1264;461bd946be4c4280c46eb9a7b163e9f3da0a734a.csv
1265;6993451f527d3f206e315e404687a38c97a495ff.csv
1266;50641a70bd884557e33cd969cd77a0f724f4dda6.csv
1267;7048d2fc8e7a1daab3747ea6d2257a874a9723b0.csv
1268;488c028f6d7b11c0eda9224a28685fcc192e151e.csv
1269;4166fa89dbd87b2c42daa6c8ac3ff0d3b5b54e9f.csv
1270;9f9f59f3137c9871b1a0d7bfe92b9b9f4087b24b.csv
1271;146b172b4d58fc5acb9d061649f4a925f477e37c.csv
1272;2513ddf57215cb9297e05db838156d8856c8d6a5.csv
1273;376a81a940b9cdc1b10609164d5b1a5edac60956.csv
1274;75275e1adbc2a3dcb78893dd1cf92d7fcf2915cc.csv
1275;746804f73409212ee4161597d1ebb4fd5e8cd296.csv
1276;36fd2f3dfeec8932ec6e4553bce33222c4380756.csv
1277;95ec993129c313d381f4065b6391f0fd40bedab5.csv
1278;496bfe6fe82dca285afe74c0202ad9498b41370c.csv
1279;778e12208f719a2e26d1387a5a489cdc93c612f4.csv
1280;27d9e8f9f893c005e551b219680b7832eac40fca.csv
1281;22694a0a131da58c1a82a0d2d1556e0ccd8617c5.csv
1282;254270af7f396d35475aee946cc1b3f9a3694e29.csv
1283;7688b1a7662e60226e0011fe6262f6d9114e1906.csv
1284;219fb67386566e8bd98da17b591ae91ffc1f2b0d.csv
1285;945b14460fc5e5d75092e4dd06bb09be03f10118.csv
1286;043aa68f2c784899f71225e8eb233150760a6a54.csv
1287;372c5fab99bbe7f7862304f94bfaebd3c02f1e1c.csv
1288;2024ea5609babbd8769ee9f1898e825306b49cfe.csv
1289;665622d28864a2df5caf4f9fdb8ebe97a0aedd8b.csv
1290;78656ac2a77d7d0b6487b2f5b97d1bc59ec49ee5.csv
1291;28698e9d58d0b455cfa1adb28be25bc7f9286859.csv
1292;488e866a3ed2d3764a91dad6a668a304859ce1ad.csv
1293;41df61dc89201d699b23532cbd09da787afa7e84.csv
1294;21a466cf8a41cec9135cd8c1cb6176382093ea96.csv
1295;2285bbcea934e093b35c23152a3314aab4969ddd.csv
1296;95cc4248c19a3cc9a54ebcfa09fc7c80518dac5d.csv
1297;81b7b68d85bd6af03d993351bdc5d94c7ae814e2.csv
1298;9a0ca44c33cfca65795894db68751ae63cc8ac7c.csv
1299;98730b56e34e44db220f90111b8a05f2c2e4acd4.csv
1300;62cd5be77a70a55d18199836987e521d4b992cbd.csv
1301;949ec05f3fbd741cc6c4a08b2bcffdaa3d479866.csv
1302;26f94b094ce4d39665edddef1942f04dd041f363.csv
1303;0322eccb9230a1aad165702457091eb9ae122d55.csv
1304;9d12f3a201435c9d24dc9b356283edf8bd3a234d.csv
1305;60f1455bed921da2e4f3df7aae854cb8e142ff44.csv
1306;5699971f98dab3c45f237878901e4c8b247bc234.csv
1307;26fec23192bed03196a134abb20b8b197a2acc42.csv
1308;81b22a5b5989dfc8f57c6d05fd29d3c735785887.csv
1309;71b5ffbc04fa339eed42ead8bb5dd1bf0e471b8f.csv
1310;64446f0f65181fe204c058fb60116c68fc7defc2.csv
1311;62219dc0553022e4faac2b1523e7e0a2d1eaec30.csv
1312;284541395ddc07d44ccd2d3da2ba060505a01407.csv
1313;16d34470dae42785a0ce4756653b82878a8d00fb.csv
1314;3230a822ceaf337c5137d32e1505878910621991.csv
1315;9f7ffa3a1bbf4a6ad9e71f2377fb45564589d415.csv
1316;17c135abc3c6a212ba22ae3d3750e4a396933022.csv
1317;21a164b5e3d241d8d34eb335bf8db56dc945fea6.csv
1318;459f95218942f624446533e21c9ab2775b8efce3.csv
1319;61b8415c8659a58c24af2b8a2456bed96b61b609.csv
1320;17f00e096a5f3ce94278a77011e6f38d7a47c618.csv
1321;85f7430c807f1334c2b9c5621304e9e7fa8ad64a.csv
1322;357af8bb837fb3521423284fa624316d0965bfa3.csv
1323;6214d0592f9322221375a64360716a1cae0add5f.csv
1324;632bcacf9702ee34c5424827ab7e5449dd21ddcf.csv
1325;808ed8eb35c9674d24e464888c76c898ea979691.csv
1326;43fb44b6c809c497fa4e6e7a52e7a3dbbebe4155.csv
1327;956f777cf3a26f2989c840cbb927ac552b95732e.csv
1328;120be7888e94409082f16c372c818d66e558d33e.csv
1329;3069b74346026680f8b9d9d918edbb9ce425f809.csv
1330;84da44d2366d3f082d0ec30cbaff70807ca732c7.csv
1331;247161ad51b7f362e9cadfcd39e94dd6a1a26ca3.csv
1332;3041dc5ba951755241ae7e75ade271188033d4de.csv
1333;13b16688b86661a6165f9c688c4f45893b7e47c5.csv
1334;92dc5a63d0776632f789e874bb0217c4ac1d021b.csv
1335;9adb9a55bc7756ff69f23f66796941b73f40f4a1.csv
1336;096c2c85e046f4ebb34552e0a21bcd69907d1b81.csv
1337;3062fc222bccc8c520612d9d6c9b91f048be12b8.csv
1338;9e7e20f7b3fcd74b3f899215f18e096c30fec048.csv
1339;62f8fe75756cfe9bee96096f566d79994b7ff5de.csv
1340;921c3701d112c1aeef737e5d395e9996a81b9bff.csv
1341;270042f29e0f23afa03031b78f4ce9d939a7aca2.csv
1342;2159d7f128a1995e7131a8d4f036fcb3cec6e332.csv
1343;281b4272005dbc998e36b034b7fb528c9ba038cd.csv
1344;93df1925c1aa0cf7e721ebcbaed2d261c032d925.csv
1345;52cc80efbb69d917fa6d4ad3f34f73124ea27ee8.csv
1346;9afa3940a6e7c461b7b6acfef9de23db0e420462.csv
1347;054831a6a11886b5ad44cac71d17e367721a2b5b.csv
1348;3920596af370a9e2e4c31d89444c980ceadbc4f8.csv
1349;4476687d4a23df5d5428626f81d9621abf94e679.csv
1350;29d15895b6f3c6472f3bab820d6a99feefae60df.csv
1351;9171b9ab69fa99aa5528c2173d4bf414c6d8c9cb.csv
1352;248ab12f092b53d6482d828b1ec1b7a9d6a5e385.csv
1353;32b8b12a0247b3413442631d5a1bee05a4e5d689.csv
1354;058b7249ce7acc1c14c989cb2d8db27435f81363.csv
1355;426eeb6c4a3047760cd5402f4f4771a317026f95.csv
1356;369acb7f90ebcfd6e59ab973c97ab233c5642b1a.csv
1357;088fc3ef896502dda1f92028ac9f8e91389d8d62.csv
1358;80a789fb3ed3279911f241585e315718b54c9a91.csv
1359;68f9d17b3481fc9b2466a48716d7e977ca9bbfad.csv
1360;9fc2b56a2a63b8539cfdad2f6b623b2e013af2d1.csv
1361;9316c8c673768c7310978f482fcaa1d3bd62d547.csv
1362;9c4f25ca5cba3c28cd396f69bf49454ed15c19d4.csv
1363;9cc0534fb1e5181fa20aa2891f5614deab6b87f8.csv
1364;845be0716daab542bf27a9d735e03f86a8f3ea85.csv
1365;43ed50069aa5be0c3a1a0914a597901b87106653.csv
1366;998472a6428c367f65d047147899c5583db27ea2.csv
1367;61d5afca8ca695ca95ccc62923155b542c3171f1.csv
1368;751764ca73c84e497075d172d6417ea95c1a7e09.csv
1369;824e4aebd39a0531625542fb7328917bb061e5a4.csv
1370;316e6c4b01e43b8cd81a65905c749f3f0f8aeff2.csv
1371;25576dd63e9bdf1bef094279010e378d096d40f2.csv
1372;671f008a0c8884f741c6500eb243db4d06391004.csv
1373;9369b15083026f2929d6eb01a67999d1800e2ec0.csv
1374;933b17f79aad3485aa3e1d489a7a89ea0ae94a66.csv
1375;89122ac5b68dcc5252569b3be17c47f66385b7fb.csv
1376;9826361eeccaade32208880c9b1907b71bd2cf79.csv
1377;18d7f4c8e204349b39a037c19874cff1b34d0f97.csv
1378;9a8ffb71928a37a550e689f36fa3196493e036fe.csv
1379;95e043b6473e5263d1beddfb3f543e27ec7933c4.csv
1380;34d485e6c776b7e4e28bab88bdd133aa4d43e4b2.csv
1381;56f69c9790f32dd7649fa2e14be26ae099321ee6.csv
1382;5335dd626c2c607a3a6f7abefb0d341f0fd63164.csv
1383;32412ffe52eb41da8ecfed314b703c49fd041f5c.csv
1384;81cd5dc86640253d3d97d51188a805d1810a2dc3.csv
1385;70785546b2ab863782992d42183b0df0a1916ddb.csv
1386;9b635859a59cb70b756b0768ec74405e226b5568.csv
1387;864aae86243c04c5cec3dff93a6d51d29a43da94.csv
1388;9b992705cb74945a376dfbcf616b8c213b0d6678.csv
1389;84388602b1574ebc0b2cdffa1d5ea4ec5ba22b40.csv
1390;25a01c665ab20de80b75d48a2f71081666bca429.csv
1391;381d5feb501bd762182e76a3fcb4dd3f64c9a261.csv
1392;57d3826bb67ec3a479bc58f5e9210de44845b802.csv
1393;41a94f21d4dc3946e1377439a2a3880fb9d33776.csv
1394;73706c27f129eddf80395baf777ba70dd9432e8e.csv
1395;09c84b9de7fc5c3fed4736e7a3cd45e112377042.csv
1396;9d8a94b596784c4280b895452b7f3d0e86b588b4.csv
1397;37894de51fed87b7b8b323f9ca56cdabdc164a94.csv
1398;065497953c64b5163eb29e9a4fe78534f244ca26.csv
1399;319004f23d1af4357edb2a3862f2619be23a21a6.csv
1400;9ddb63e47ae59fb8d315bfe119d9a1a3426af592.csv
1401;15b009c611ca19c1c8eac1a7f686e03fe2b4e8ee.csv
1402;9c4444ada7a386ec68c8180c998e0b2ec44824d8.csv
1403;6328beb961554b05276359e9c5b26d2e57cd52e9.csv
1404;09e6d442b7da6f36e3c7a82a056d8d61e27b1050.csv
1405;3369a14e1d116943f48b3a33597796c9802de279.csv
1406;81a11c6680ce725535704809655d945cd1d4a088.csv
1407;528411eebd9d3c1b16ab5ec425724551e7837c5d.csv
1408;29f72afab8b9894bede98ed862d87595374099c7.csv
1409;14c9ca5bf096d03bde8e8ffe88c7419ef5b79b13.csv
1410;3062cebd70447841d68c48fe83f0eb51b07a761d.csv
1411;20c05a8e1616b61a78300ee5911bc70bd1c952d3.csv
1412;49fbca70a4e7e3018cab7eb445683c58fd06bce2.csv
1413;4327c3ea2772234a8f546e73f9fde05ea49fbfe8.csv
1414;824707a11a7f1be7be3ff651aaa43dda34ef59b5.csv
1415;7089e8b9423d428a8e1539366978157492f89f19.csv
1416;37feea85864da899f6c9b22a7d89c8598fa38a29.csv
1417;9ceee77cb6dcbc0a9568b770103698bb7603c97d.csv
1418;591779cb69e83083aa7b2d9b031983c802ba2405.csv
1419;0892a219a7caf18088f5e3a331ec01b6912c9188.csv
1420;829ce386c84e17559ca6a06ee9aee0475e473343.csv
1421;5237c45681cad45eb4e6c51317e32c0e9b638c08.csv
1422;7377d7ad2d731e3fbd3ed4fa15ed541b06e3587c.csv
1423;26e505b0228a95ae17d9dfee8ce18ff2af4ddb0c.csv
1424;95f7c797080ddb8d466a88443df62ea97f46d932.csv
1425;98e23bb77cb986fe21f095253af64843d3f4e8cc.csv
1426;2068afc018b995910ee71c91eec83c3d90b80f0e.csv
1427;547c947b76652a41fc9a598d8e3b97e2e5cf0ae0.csv
1428;792b2b2b74f58b9a32b31b57c7930dbfea9895c5.csv
1429;869a5a7ca9cf0fc9a2f5cd0332ac7c6b8e8e2ab9.csv
1430;0994b9aa851f17dc1c6af309973fe189118ab6c5.csv
1431;91482c04f233e544d1d46410760fa946c48d16dc.csv
1432;533f8d39de2e16fb92614d2441621e8fddd85bbe.csv
1433;86f8e5cdfe075d029d603b36ce6f43a5ed86a8a5.csv
1434;24df3883c547f5976077bc7a924eec9ae8fa9e71.csv
1435;26800b3eaee2dc23b411ad506c255ab5133a8608.csv
1436;46768e7c839a7f4de0d5a73d25897f948b4eac30.csv
1437;8682e080613d625a9f6955e5eb0fe80bbbaefda9.csv
1438;102e8dd2d010be4e7f39f8e2d0c84190ee87d9e2.csv
1439;15068678ec0fe7fd4ee563d914de8dad612bc98a.csv
1440;766b9c02fdb5aaeee2c3a399ae9a6d5e179eca8f.csv
1441;80228934cbb48467699deb5d9ea5826c635939a9.csv
1442;20a7363b3ad53472952cc80c03489ff56b7178bc.csv
1443;93857e54224281141f7abaa8365dc43fad5ae9a6.csv
1444;468c4c6661aa11f560cd00a668fa457c473faea7.csv
1445;11ebffa99e4b093c6304549246b534983012f909.csv
1446;9c4c3663078fac75ec89955444e1bed1f069e751.csv
1447;53a30619d10014c77807b76f0c19dd270237858d.csv
1448;9c0ebc47e2a6b0592a18266c968e2aa28da9575e.csv
1449;84d3fe51518523e73a65e73756e4496587e4f2f4.csv
1450;24bc853dce27cbe938ca42aefdaa4e788df30481.csv
1451;9363422a0f9b40cd6bb8f6c7fbbcaadf146f20a6.csv
1452;9a494f17a77c5920be077ac59abc8a7546f4ee67.csv
1453;280c43e8272c97d38089e567dbf1881430e60dd9.csv
1454;51d37c55030f7c7570f83c8a75f5e6a97209a6c5.csv
1455;357496f6d93f95b8c286882be6bd219ff79f90e1.csv
1456;864b5c3c3b3aa4036fd4784fb2a827936c363a98.csv
1457;13e6c9b0730b53139910cfa6835ae4c460a30851.csv
1458;709c30173f5cfdd55b8636f71cf76d3788a0553d.csv
1459;34a942268ef93e2776d5074b3fb75879858712b6.csv
1460;12666bbfb4382c1c684087fa6343d5c03cea8584.csv
1461;9a5d753bbf216af4c354c0aa460a2a127c1da0a8.csv
1462;33bf14aff364a7ce589e97d8021006f940b1f899.csv
1463;72e250ccda6613cb6913407b5f961dca2cab8a70.csv
1464;95b9bac4d7a86402203e36f44eb826352f406b13.csv
1465;9ec258353291e981ef7eeb36111794c40b15c752.csv
1466;0260e364e040cc9b229b2b4f727bfc2e4d68474d.csv
1467;96617d15b023d538e1103dd1dc77d23f7f4ec63b.csv
1468;65648f466638ba2c4b63d49a1c46e834719890a5.csv
1469;79f0b2ac5c9b5132d0dd901ce509ad106b1ff570.csv
1470;0346cb9d0f5b07fe50d9a3cc0378a53f1a87708c.csv
1471;8198fbb4175a2f90bcb43dafc0a365677c916d77.csv
1472;26aec9a28a4345276498c14e302ead7d96c7feee.csv
1473;9e91991355bc76a376b379387983a5ac08f179ab.csv
1474;24d4cd7729a8df22c9cab12f20e96aa9bf1332a2.csv
1475;9f9de51e9537bc4c203dad26bf1e99d91f2b15e8.csv
1476;82f9d88193226177c20342d42a29a26ebba90fa1.csv
1477;915bbf3af94c8bb413b496b0d4d7f88a1ed7d7bb.csv
1478;4593d1ecbaa167a2d3e910ccc986f5c4b5ecbbc8.csv
1479;9660e4d54d854be62dc2e3ec086d1132a741efd9.csv
1480;68edcd64174641871ce0334cbd0e199a7758f3d3.csv
1481;107ff91ec95dea35a80145aebbe5322c08c57e5e.csv
1482;13f055e666f5a05c1f18856409f9b8f4ac4ae4ce.csv
1483;680adbe0c280f4774383793afb8b70fd9ab3d5d0.csv
1484;7307753da247144e66cc91b8f48c33e5a9ceff2b.csv
1485;98364308fd44bb4fb686480fb10c968e918715f1.csv
1486;9305dcf034dfe834775ad84358b90ae50092b829.csv
1487;43aeebc83e75673430343bc8f01df5a96793b217.csv
1488;21f94823f5d90fa4e0bdc1a46681a7b2c1a99014.csv
1489;67f40427adfd7f712e114a8f5da4a33158fc9f37.csv
1490;8977825a7fbaa1e4d672a361e7122b48785f93dd.csv
1491;49fb495cd0efde647aa99ec56606432699b1e88e.csv
1492;14e878a6400d8320e2c781a76edc4a14f4cec1df.csv
1493;68f17459a1e9f3f69f9eac86dd6a71942d5e0571.csv
1494;176fa00106dc0e7b0ef19c0b606aa80cd14e4057.csv
1495;27c190c3d4fc0884a3b9d79774ee61a0c305c540.csv
1496;73f48a992c779f349ff5e305afe2f0538699ec33.csv
1497;11a6f813fa996f0baa670ecc66875602f971eef1.csv
1498;95c40fb092ef550e2c0d8316a3af2d6c025df87d.csv
1499;845eec554852d08e512156f62f85050b2a8289b0.csv
1500;78dbccb9c48475f599da9922e4ba3f039a224997.csv
1501;79e75fc82b515edcb68d6c8a6b83d630e3b21193.csv
1502;59b270a8f43274cb9c68e16cac2ea6af110c452c.csv
1503;96a2891a55f0d6076cd89b09e8571d4ce262fbc7.csv
1504;7018967c7ebc76e4c6d3decf7e836957ff427602.csv
1505;6380762dca586738fd20d4b1c4bbdc3722a313aa.csv
1506;938eca42d73a6e5445fc7617b37e1aae84f712a2.csv
1507;17bfdf17f46ae63e52c3e7c085bac97057e9ae61.csv
1508;25aad84c22269cf7221d0c22737e2e01a36ec51b.csv
1509;426da8c3fb9c6792b5d26214d55471099877e337.csv
1510;551d200fafe21b575108018aeb0f39b995c99dce.csv
1511;52bfb596785e99a803244afc0da2622aea5ea037.csv
1512;85dfb59af4c4ec824f1f62c645e5b91a6e3cc814.csv
1513;2041dc24bd4022a90b0b441ed6f1024f3e16dc77.csv
1514;44c278346ebeff9e7c677daa08014243530e46bd.csv
1515;76bbd67d210cfbd619123b103b0aa1966857b75a.csv
1516;3576be15e43a9224dc88101b7423dc1bcd89f9e0.csv
1517;9791d7ab94765e2012facc4084c479cedbdfaf5e.csv
1518;54560eb4cc2e0affe21b8b21435c907232764c8a.csv
1519;9b1db58b45ac9db3de3c103db7e9de544c6c3eea.csv
1520;18b84fbfb1856c50ad512c25ccd11276a047ea7a.csv
1521;259f3f6bc30f4fce9f20d4ca222e2d5d04b5377d.csv
1522;920ac358de68e48b50b4d65dc500935ade21c997.csv
1523;80f0bc76680d66fa78c6665807bedcf74b190751.csv
1524;46782636daf3a788d7508c6dedfa703a0189bb90.csv
1525;427e9059167b857c57f420d2fd243be87f6b8a33.csv
1526;11f3cdbb678b326042e1d0c38887a34a2177ddfe.csv
1527;63aed9fa99e7df7846c24993fbf4d7aebb4d957a.csv
1528;89d4bbbaafc5df5274e5ca4f2b21b3f27b50b216.csv
1529;83dee742692ed551c9fcdc5d76742f44acce2057.csv
1530;60e51d3d13b027492b9f3b8693c58dd8b5385ada.csv
1531;19fb39e16fc35b4ca36825636d018beda55d3d42.csv
1532;485f987d1d6344a2982cd356cc2116b4221ad3fe.csv
1533;983df610328c1e73e3c12546d42a14d520844f9b.csv
1534;82994e41869e2ada2685ca424ac757c20e6c88c3.csv
1535;9427765d1870e8f4acfb6556a78f297e19068464.csv
1536;9484af8bce6df5d0a9912a686e44a1db4a381635.csv
1537;4790e3eb0374a7f159014ef77ec42a6b9de91c29.csv
1538;64ccc082e1b49eaf86dcbdaa5391322216d6e03d.csv
1539;08ff74c5c6acd4d6f5cf14d5754ce0beca10e9ed.csv
1540;75fbdec55c05102f8337e48dda0c8b6cf27dac52.csv
1541;37ab0d36dd92298368b797e0770ebfa03a36eca8.csv
1542;80cdffc26a496e89e2d94c7478749adbabafe180.csv
1543;87f6e693f8b120140cada4c1f9daf9fc3c1dfa90.csv
1544;9755d086cd6dd791df77966693b76dd19744d11f.csv
1545;153c3a86e8939de3ca0331ea95b68f8bb4a3e395.csv
1546;214d64d4237818509b17cb5ac82107116407b2e0.csv
1547;7096c575274ae29d1398ec04938f568e5187c9a1.csv
1548;924dc69ab73fbedf0c55ba2f7cd22e76710512ea.csv
1549;62d641575bf71e839a2c4f4c7a6dc398ef2b5a0a.csv
1550;71b1e5b3dcbccd130699fbbdbc537a66a24598bc.csv
1551;84d00088f2124eac73c0e79cb15fbe4924109178.csv
1552;31db09417c093cb1d87d4dfbbc2bef73716194e7.csv
1553;998b1731a3c55f345585505f113f98191baeb32e.csv
1554;1919f9569a8e073accc1c8a105ec36a56ddf569c.csv
1555;80dc6a5a5b823d6e1fb9802becae1575ddb8dd89.csv
1556;25fd0362dfe0a62ca9ee6f9f634e24ef9a527dfc.csv
1557;2105c805d6a0a560348c1bb6bf620685944ba9dc.csv
1558;464e444443d007ddd7b577c9e878c12eeaf7829e.csv
1559;0092846a890dd9dfd5e55d0731eee0175e485c08.csv
1560;216dbed8787845bd23a22cc2dd10964aef95fe71.csv
1561;044d6ebfdeacd8fbdd4f039872020cd4adbbe138.csv
1562;61316d789f66022b466f2924837aaff7f0bf65f5.csv
1563;9e924e077420d14dc2f532673769a45c2f424527.csv
1564;65a29504e9fb777dea5b6642112095999a8892ec.csv
1565;71cb2319da3251ef1b4bc99ce5c4ca633b2cb1b9.csv
1566;511cd67bbeb3835b5feb25ace6582b7d758debe4.csv
1567;67d017d4dfeac56abe259135d80211a9092a1e73.csv
1568;2272b370fe7b1e730af1659f9e3099c451b1a21d.csv
1569;15a02350efb8a42f62b4408ef471986d3cb4a5cd.csv
1570;6005b8055730f4625c1995a57def5c32fa3f4ec7.csv
1571;08397cfd7c03fc339e42c1d4bb82449c54c7b111.csv
1572;07241235ee553a5b165ed19b2091101128eca805.csv
1573;9c71b86e38ae06503c1dc05abea7743ef3e7851e.csv
1574;616cdd0a8b488fcf0b28781f710cc7fba8625a4d.csv
1575;241348149ec43ddce1d3033145b00307db56aea0.csv
1576;64531e8dca54414b55f67981cd6e67b77fe8c43c.csv
1577;707804d48dc9d8ebd7016536cf785c6c0be25bf8.csv
1578;0568c55234a6ad2585fe3ac5f3c51260194af7ec.csv
1579;53f05daf7342372ab5fbeb2f4f5710254fcad893.csv
1580;55f664e8e3b18388964ec14c61a7b655b786ef31.csv
1581;2891c813ce4dd156d5f56736db5a10a2065c9167.csv
1582;497065a88412aca3ce4d3de9ebad13ce175e5f18.csv
1583;954d000b2e7252ffb05812341a6436d3d784494a.csv
1584;51a24b884e01df122d889f1133e7727e2478be24.csv
1585;41b1f28ab6989d667a2b57106c3dca5c5cf288ad.csv
1586;98227f184bc6a0b098b4ae6387f97264aaf13654.csv
1587;84ef152ba76ced39a6ab7f082895541c1b3ea9ec.csv
1588;50a694871540a1ef725d3083f8a9623081326cac.csv
1589;541efff1146fcb123189ad615099b67769ed41c5.csv
1590;74a50bcf30b8484ab04a58452bd9a5e04236f02a.csv
1591;725f0a6590f20c15be0ae719463c0624a34ee1af.csv
1592;17c738edd73de72b15a2ca40132e7747d38fb221.csv
1593;7704d87b6ab3fee421d8ece16f28da6621661364.csv
1594;96f65d71931741ea4668f2fbcae54a8d8905abac.csv
1595;21337e54a7d02b12aea5f5835648d69aef32701e.csv
1596;9cda860c97d430aea207a063d13e8612e023320c.csv
1597;4971940ab68e4950b28410a208166900e8ba9c07.csv
1598;019760388ec5fa9151add6cfe32178deda5433eb.csv
1599;6220d2580a3a4a5c86ea58944be947b5d4c0bc0b.csv
1600;169eb7d3419808c29066e6e5ed091a8d54bc214a.csv
1601;63c64ba93501a9ec60ab113b55c23d5bc602a13c.csv
1602;67c79979c388cfcad87bb12d0ea644699500d736.csv
1603;50627f92db9c17c742fb2cc95641bad921bec3ee.csv
1604;48a94a1e8511bc77ae8d01af2f0c5dab4dc73cd6.csv
1605;20dd62d0387e8b4231d67af2eaf757767492656e.csv
1606;9521353cc7ef3d0734d76453622762532f06f777.csv
1607;5167871e60f51a448cf695d781e630b2f24c47a6.csv
1608;6485112a971484dfa041b32b35b25707954807db.csv
1609;477645a85a65fb72adc9d17a09bf6d53ca3f24fd.csv
1610;92142e072745fbab996c5861e5974aa03805398a.csv
1611;57b3f365b56a5db10967e1e3f16ade5a85eb296d.csv
1612;47772f3e98d8c61bb9782531a0338ba85f27bf3f.csv
1613;567a4ae944e5286ed25f8ab20dc098ed570b74d8.csv
1614;636a2debbb56c9142bbf960d9a200665c556e05a.csv
1615;058e306088e83c58ee30b43f0e102a45463351fe.csv
1616;52d9b4cc7d694101b07e611e194f0115f359249a.csv
1617;17fd86bef40a55871ecfc83dc845f3a988bf4aaa.csv
1618;27ff5c1b188c1c2a63efc307fb86c8788749ee0c.csv
1619;782f0ba982d2370ea1a79af73ac66052cd4ad504.csv
1620;68ad2dd709c43428a872d1d91ff37534082da3f7.csv
1621;35644bd7e541cc18e4aa1810ca2a501a4b61c18d.csv
1622;77cdb9f7f5451fd710304093391bca2637411c85.csv
1623;24ec3df6486c04e0eb67d213475f3f1b20fe9fec.csv
1624;75251cc3d312b0d2c63117458c68dba563715155.csv
1625;98517ecaa3de323dc8585cee5453a2de2a0f3d22.csv
1626;092880cc76f470dd9cca8233d83c884c0c5edf94.csv
1627;42d6a33f03497257ad765977dd53d0c4709e5e77.csv
1628;84c2f00555536eb03aedc2225769f3b1ac59d94f.csv
1629;46bf124930f3ef18bc9dd2d4ae356a45d3bae461.csv
1630;818d12fd5ffa6680a7624f66305538221c85300e.csv
1631;9033adf08248ec28fb49e61abe6c1209d7811843.csv
1632;31390ea0f2fc73d3cd3fee80ca0de765ddd68429.csv
1633;9f9984a45e51e8268ed00e6de9ca8b23615fb154.csv
1634;20f863c8fc0ff956ea9f902a2f9d1299ab8514a6.csv
1635;62f47ced8c3249f702f0058dc3b6cdb93ca083eb.csv
1636;41d42af9e99779958c80165b6958a1cbeba023a9.csv
1637;3588b1ead834ac96e69e3f3e84b422dc3e43c068.csv
1638;7818d1ffe60f6ea1d6b44e73402132ce41453ab2.csv
1639;32d98992b213139fc36d2ff05af879b112e230f6.csv
1640;82dcb53e236df1adb5c3c9f5291dc4e8eabb354a.csv
1641;70b3836f7b7cc9c445be26a0b3de2455711c7a39.csv
1642;9ee72a92dba63a2f7ba385612fa69e180dc8ab09.csv
1643;61d0aa9a148a88e0354e36508c925eeb87a6b685.csv
1644;5322d3b9f5ee17d5b931f0c32173125d6a7304ed.csv
1645;2029878b827294f1639d73575783c79c72007c40.csv
1646;19e9fcce4b442e7bef53c6cec0aee71a1c565943.csv
1647;25c88fafba786f31d034614ba0f6efce5c687594.csv
1648;09d9038625c7a2e0aa27f9f04cd7f4b2d7ec6f11.csv
1649;7248a954a71c38b84dcc81be1105e231728286fc.csv
1650;57b32baae9c8cfd1be336a341fe0df2a55ad57bb.csv
1651;404f219ad630336f512bb52d5e6b357adf10e130.csv
1652;904d886a8a305e2bc1125fccad82741d78690fef.csv
1653;626bcea8ab6811ee19f946cb84a273601cfd7bcc.csv
1654;445e06df97986e754b7cc3a466bda02c2119a6eb.csv
1655;517a18c4e5361428fc6881cf01af64e0e8edba51.csv
1656;4178b81e61b88d5cc07ca0253875007e93e9a7f5.csv
1657;562e3acb22b8ed4cf3edec403ade2e3e425af531.csv
1658;731ee91af20f34fccc9866d85a18b787c16bbe1e.csv
1659;58be092086c74c58e9067121a6ba4836468e7ec3.csv
1660;663f66630b5b3b7914dcbcaed555d5865da925dd.csv
1661;6755e8b9e6792097d1be5bdf0041c3df1980ec60.csv
1662;13e343269547d19b3be05976232fd5cd627e1d80.csv
1663;550e9853ed0cee5b858076cdeb5b193b4b607a6a.csv
1664;106203869ac3c318d5ec8a2644d469d71e98f056.csv
1665;27d6ec2664104ba3347a3991ce63d20ebae32d39.csv
1666;40b2b0e3d2cf519723d858a138e77a26a70f460f.csv
1667;8946e4b778ae5312b4db84cd75b68848c39a3a93.csv
1668;751591a95a9673f692d3a0189ca5a9b0c7e8781c.csv
1669;61c74b574c1b33ece0ca2f53861597d70c61a720.csv
1670;37012151cf80cbbbc5ed684c0473b06b1f48d50a.csv
1671;79697e89c89116547c539a46e2041bd81d52d5d0.csv
1672;89d88ca3f5f607f714d1e236793bb44f6079a2cd.csv
1673;616d2117cb63fecdaa5ae2901cca9d1b610dd799.csv
1674;362b77d7f48903a4c2b808cd4edb9013b527e2a3.csv
1675;151b29e4b482ad11ee11e83cec4f3faebb8124c5.csv
1676;9e90670ce5061438424bedfc1f400b75e3dea417.csv
1677;6578e41e60b38d235bd575fb899804460ba1d4eb.csv
1678;3424dfd56dfdf957d0fca5e02da73f1352b84ca0.csv
1679;20bc53f2d243bf231801654f3ad3fd61c6dbf5c3.csv
1680;618a793838421a7bf238e8f6ae2635ca3d2f5a25.csv
1681;82742db34be3eee4be2483c14909b1e62e3912ae.csv
1682;29ead3f1e4f24c9158b65d37a4ba9d839fb9028c.csv
1683;602981d75e74595af0e2de9e046a9cc9e05a1c0e.csv
1684;9c6e96b1ba2b2e3a95621656bbf142cc11eb955a.csv
1685;33842ff07428db8111b5c1aa9421d7272f523602.csv
1686;98788dfeef7084c7c15a66c0f83b521f586bdde0.csv
1687;5650690daf962117b9831c42178ffd6a6a969300.csv
1688;9572c5aae9bef12492279374fa1f562a03eafd08.csv
1689;064fc5c0af69e9be13dee69a113ca743d05fd807.csv
1690;9a0f63b592a07e5823715e548da6f3605faf2bbb.csv
1691;51fff92f21f050e40ae7214b2b0b3a51e9079918.csv
1692;13cc84dcf620af030f92f4240637ba43a84004e9.csv
1693;32f0f51772fb98f4cdf1a9c3ba578b86e75d79cc.csv
1694;945fac2c9ade4e451cc0cb8388cf9de8b2f00a47.csv
1695;9b2f83db4c307ae17c146bb6625ddb01474bbd9a.csv
1696;8894efb9895e24c82697cf864b69e9a2eb0751c2.csv
1697;04908565dc76425cc6a3fabc1dff0bce3860e3c2.csv
1698;595ec9383d19b691e17362abb472fa1103074014.csv
1699;860ffcab2771f1935ac5a59e986d416a603b3de3.csv
1700;6979d40067c7917b6b92917ff8c3db8a440f5f4c.csv
1701;51a25686ff156fa8b99d72204eb04a10079a0a74.csv
1702;721b3e6ae8af24a4f625540bbb6e2c02fb77b491.csv
1703;963c0263d2acd998d323aabd13c7c103bb44f6d3.csv
1704;377786fe05588ea782213fcb92f39a6522f113bd.csv
1705;358ab81c15c1c24b69c02cfa8cf52069a7e2932b.csv
1706;091b857ba8a07eca145ae411f7202ca3a4d970df.csv
1707;5157ee00e0ee6c807ca321c405baf2d8b9bd8a4f.csv
1708;200eee0824f97c373a016370a5292af80121f351.csv
1709;893dca5fa5e77b64508bdb216d8e8538d60111e2.csv
1710;84c860b82c331e08dc0269ef951de3b53dee41d8.csv
1711;14f66845d5028f06204e3bc528e14e7dddd5b341.csv
1712;2011e171a1664541e88ec5333849781130565135.csv
1713;9b91bf56210db60e68b22d502496e4b20e80ff3f.csv
1714;92aca69f518fc394bd00b525898264893d9550af.csv
1715;15ac0bdac1ae44bf9d833b2156761082915fb642.csv
1716;9a6d14471d9c34da1c4f1bf4ef530a35f58ad863.csv
1717;140ab046d55c6618aa71fea9e48b7971a7e4b60e.csv
1718;750eb3af6059e879b20beac9fb982f85332dd552.csv
1719;647f5293613f9be827c37bb609d3248db9889d78.csv
1720;82e80640af0a98cc07c911c9476f693c5e9a62cf.csv
1721;944e56214690e886e944d9ffed7c836adf062625.csv
1722;22dce3fab7317bb2a8ff48f0da6f2c9717dc6ed9.csv
1723;51250cb364ae7c01e152a3e93e13546b1f014f35.csv
1724;38550290e3c74a86fb0e56ecd69303ff68de55d9.csv
1725;366d302151fd854813f4519551c7d8c5381c4fd7.csv
1726;0573f2143ac48f91fc247c875388e55d8576bcab.csv
1727;79d74f550f25e52d549aa795801c0d8eb8c46dac.csv
1728;64212980bf5953f369ec10e8a54517ec6ce10227.csv
1729;157d6b204fdc9b7ea26cdbffea19197b0faaa31f.csv
1730;671e9e8a89727d0b94d1798c56f5120c63c83617.csv
1731;53926518a1e7f62e23699decf28f6a0c06ed94bd.csv
1732;5738e88fe3a742f9f6f69919bd4e6b094d52eded.csv
1733;88e67f8fd299210867da50bb0879c8a3d8a65e65.csv
1734;6566db587556ce7228eca39ac94dbf4a4b4dbd6c.csv
1735;560c831e215a39066388a9b94b7a576407d2d3f6.csv
1736;70549fd773d28dfe6e47cbc51775b61c1816003f.csv
1737;55461f69aec24f255e9bbdda2e286e08c4999510.csv
1738;74b7e481670a3a785ee8f82702d4be3b5488eb88.csv
1739;254c09779d5d51cd41becfb1ef4d3fcb08a0ba8f.csv
1740;630a6b5851e9d6362eb68f157fa704bfd97f1705.csv
1741;433c16daf21bb7f5f0d6379d67fe0917c2aa0281.csv
1742;9d9704846cfede2072a22a22c7bfcd99c0470d11.csv
1743;29484085aa4df22fec44839b58dcdce03f1c3e82.csv
1744;022abf5f202c04e2bbf88d829db9844746e0fb71.csv
1745;43fa3923d6ba1d04fb5b0419f617b8c2fbc2f268.csv
1746;550738a7abf0b8378627958a3a5c429f36586d69.csv
1747;496b2a9138383b38d83601ca63c0d6673cd9ea90.csv
1748;34b579a5dc92a982bab43f21a0761477094c83ff.csv
1749;85b24dcdfc025236507fb1a3bdbb8eb816bbef92.csv
1750;374f83b1cca6c5caba34833d2cd25febd1cc72f1.csv
1751;116c94dd67777e0c9806ef56974157060f5cca4b.csv
1752;04421db3d34e7fd7c7486d66d21b34978a1fb362.csv
1753;64d31d4587a86108556e52c45e1ea3750fa7303f.csv
1754;79ff6bf8e3f032e09d9d37497e202ed2b113ff54.csv
1755;45ab08a84c5a80e9ba6a6d21eb814d0ab04a473c.csv
1756;59f43728701d0747e4f79309a62d2416b3564f2b.csv
1757;68c6921af95469f234a2405a9234d5c5e9695bb8.csv
1758;1780b05d86758cff5cd62198323366bee36f59e5.csv
1759;85e8b1143c1869125270527aa26d4e48ad63fb5b.csv
1760;789ca66c03e2a2aaf30da4cf0df1d25b6b37b9d5.csv
1761;28c268da4d9c10c4af9a56e9c405ad6db75d4361.csv
1762;69ca8c0a79935fbe985f02fc53c1a9da5c42acd3.csv
1763;58c87ea90b23dc0d106427b76bb5525b6aa01b77.csv
1764;85f0fe06df221d355fc228db1495a4f940e7c9b7.csv
1765;97f61e1fb5ee3b6776484c8feaab9b125b5f17e2.csv
1766;87b8b85391605bcd1b6c7ddaf1189b3229db4e06.csv
1767;57b88add1645a89614742dc32b0e11922c5f37d2.csv
1768;3897a0019d6f54b8c354f32eca68de8f512af39c.csv
1769;9e96c7b07f540611fcaccb80520fb7b3432d94b5.csv
1770;92ae74cf9e28a780d600c36da4b09591b65c87cd.csv
1771;643f2dd329f342e9e85753ab315722bc1120d0ef.csv
1772;37afb28ad52f876fd3473878e7990165663f3bd2.csv
1773;5777ec2785cb535789796e239cc3627e92e24b83.csv
1774;1141866ae787a8da15454e7301841b05b5e19525.csv
1775;48aa9e790830499b8f0a8fd335d3e496b5127626.csv
1776;60cc55d9df1b0ff215bcaefe413b7b6edc5eb182.csv
1777;1369823dbf5f34fd8e2f5d5bba470711dfca4032.csv
1778;808f6be54af8e7c20446dc1ebdeeb68af2c28fba.csv
1779;2606e22c2560b4cc0909c102ee356d562d78a9f3.csv
1780;99fded56685ed6b4746525a997568696de2befd4.csv
1781;9cd8c3706551ab124d7035449350556c72297e2e.csv
1782;246f59ddffedd4a166b9317dee38bdf6077b2f3f.csv
1783;8fefe8e70632ffdfd96f701facc6f2dcce16167a.csv
1784;90cc93e5eac1e836f5cbce50fe92ded531045abf.csv
1785;066178ded1d6d540be366e6468bc01e78e605a81.csv
1786;34a7701ed25e68579ebbc78052c369ba29bc1fae.csv
1787;15d061338f90460e59acb68d6cd52f5e776e53c1.csv
1788;85f4ff3ff33bcc47e9826ee3bd468626fba5870d.csv
1789;572d73abf2ddec90f9a3d8888fbdc3671aea242b.csv
1790;16d4d6332fb5f17df0c487e2c9202716d01889be.csv
1791;91bf77728f819af91ffed7f116dd2da12a1bd2a0.csv
1792;7627a1c7020be9b495eb7345fb3867484d618d78.csv
1793;50005544cba05adf4b743e0ec11f39bd8d903cbd.csv
1794;77dd0ff052179336391f3256d7a4afb57a71a6b2.csv
1795;9209041d93cd781cde415406283ebad549610042.csv
1796;8884a33d015cfe35ba1d0df44c0cc33c8e5a23c1.csv
1797;733c1a7ec188445e21ba3749430f4230175171d2.csv
1798;887264fa70bfd2130e5ef9089f058332364d6313.csv
1799;61f4cc62aa5a8b65d63664101a7e4af71a7c1df4.csv
1800;46ef984b54bda15d5f23858a2d0a0eb64f39f5d8.csv
1801;68e2c47647afe4bf0237d9f17bb7787738fc8663.csv
1802;76cbada4dbb0c067cbffac6a1f1cede25aec708b.csv
1803;56ac158658a5eb9ee2efbc07d6ec1474417fe8ba.csv
1804;54e82ae1126dc9eed820d7a255cb4edca68a9f82.csv
1805;069695d115517cbd0e713fb44245be7a6226bc7f.csv
1806;1250b839cfe0c2ff68d56bc88689464307447ca1.csv
1807;885674f9e88e504ac2fed625ec9c64fdc3ad71f0.csv
1808;15a0a1f83c9f096d245ed2c77d96f3bdf0a2f95a.csv
1809;366057ee7dcf005190e239f45cdb054964e828db.csv
1810;972a4e182f215c25fe41c9e0716a2f14ffd2ed9c.csv
1811;724a937a58d4217e5d5cc6d1d1e438a5b5b35d6e.csv
1812;848ad232f5b4516e65480b8dd437d159aed788f0.csv
1813;92a5a662e916fd3d1520764cbfca4ad457dd09d7.csv
1814;61112e6252f461836d68ffdfba97c244e5b70569.csv
1815;89f214be6e76049510daa238a9182f8302cfdbbb.csv
1816;26cb41132d945aa5cff35a80761daf086a4375e0.csv
1817;464f7d3a460eb51dbc25bd12639b22079a73f85a.csv
1818;072a8033a8cea8a38d008c83d39f10146e6560b4.csv
1819;46c58d9482fd8d00108402c45033131561eb8921.csv
1820;913cd784df40966fdfd97281dd38d9c9b421f32e.csv
1821;17526c4d7ebc24e00acdd7c803eb97dd34980e41.csv
1822;58a0c3ad6fd3ce5eae8b1199bd8e04ad8dadac81.csv
1823;319017db7033f2754fd403feb01c1fa2b26f38cc.csv
1824;15e262dad93d5086e9fcb6a1267dec5189f5c1fe.csv
1825;103228b102f34e60c7057cc68069d00194959837.csv
1826;79c0f8dbc31024ca3901227a97df7d35341d5229.csv
1827;70fd2c4e38970a59c42925daef90f674d7b21302.csv
1828;11888535f2eb67c15d08783b164def90aa47a3bd.csv
1829;6050d0c1b7c6990972e6cdfca89f79745b13cc14.csv
1830;34b3c509de48e972c90694eebad3ff0537f3d10b.csv
1831;241f5ff099aa3e34ee7294f4b1107ed12c797960.csv
1832;25d69d1d7ef54c470f743b2f819f81536d61df75.csv
1833;744d54e8547ac141e1bf46408138e596c0ec0822.csv
1834;34ce253ddb36103ae33bd011bfd7e1068332e889.csv
1835;22f98765239b02e3e5810fd976971ca87bab092b.csv
1836;795b71441a2928bb0f7a643250ceb8ebd5c7c916.csv
1837;30f5bfe5ca79c2e25e5dca95d8dfe473b780a51a.csv
1838;93f3546142cf477c77ef113ed4ff98a881a2c8c1.csv
1839;81cfdc6601a05ba9db405a714d3372ea328a2186.csv
1840;9555f44156bc5f2c6ac191dda2fb651501a7bd7b.csv
1841;39a7144b3eb9ddf5b9076163aa61099d8b58f977.csv
1842;105b993dee9f9e44637daa2d43e66f3ba3039fbf.csv
1843;49a7701b214e24e40679127c598881fa579f97dd.csv
1844;025ed2caa0ae1ab7f04d3479116e6ed2a334938d.csv
1845;571e8706c0aff7482c60e60cad9d1334c917df12.csv
1846;64b6854e48706ee2c77c4450292e72d11b7e4252.csv
1847;59c84e06ac8246b44efc595cafef84b946f24219.csv
1848;4564dfbcb341f91caefc5a880a127a629416c1c6.csv
1849;543ac2431685616436dfe9f7ff063a02a741686f.csv
1850;9f82db8107ec9ced3f686b30ccc27645cd6f9643.csv
1851;49c8f45d390502809816b630ee23375427ea0fb6.csv
1852;34fca1fbc149711e5617126584d1e26f06e94de9.csv
1853;57a30fc4f036048830b77fa87c64358c48c946d6.csv
1854;13bcbfda70f3fae9fc63e5a041e4f3dba700b95c.csv
1855;19d6f61adafc680a5de0188f77c11bb9157be3e1.csv
1856;58ef15f083c00ee3ae8e604a9c6e258576b7c7af.csv
1857;23ffba1251c42cd4311635ab25afeba065146568.csv
1858;0519d1d90353abf1d2a97d4fea15d24d48cf1fbd.csv
1859;71a02ec5050593d346595f2af85aa3ce3b403bdc.csv
1860;570064e6a308ec28efcc76ef74ba3f0e6ea5e5a5.csv
1861;298a64fc7158cb78592bd96d53b4e58fbf562276.csv
1862;927e00e594ec72a344b692093b2f3f77bbd911f4.csv
1863;940982caa84b1a49e2fd8b4dd0f12e2e904fc55b.csv
1864;5407b1aabede9eeed76c59a7b890be9f513712b7.csv
1865;6708dd7c675e9a967e9f5487cd3f3b6bc225775a.csv
1866;53c5b444db5bde8e975a22df9e3c80250e8ad3d1.csv
1867;34dbc74805291ff544a0944fd54d1e4f1a470080.csv
1868;90876ed8556ef5e9f97b4d39db2bfa875d8514b5.csv
1869;601d3c7ae4ebcd2d835e9cf8d7427ebd0b5db83f.csv
1870;93d77f602ff27ef1575dd6f700d3f39033bba576.csv
1871;97a1bf0cca7e6b48364be99814a22a5440c521f3.csv
1872;46e88010c4a926b35d981984c673bb834c17f7d2.csv
1873;76d2990a2663635e195b8a9818f9664872b6d3af.csv
1874;17c30925f6e62319c5049126e8fddbc1410e9983.csv
1875;9f5d685f795a1d9a36078c746a2ec3cc59116a1a.csv
1876;39708f10658e8e33983d0b2ebb570bdd00c5df46.csv
1877;974de2ddd9575e32633a8038613f4e8f4333a70f.csv
1878;1694b4f8e456f966ff1fe215161bae59e59148df.csv
1879;29445ecd280247f79d6cebe0c3b4d06796e72eb9.csv
1880;71edbd57cdd9af956a12054932e0cbdb87ce1fea.csv
1881;8263c153cb3159c41641227ad129b668e9bc2d76.csv
1882;5856a3f4b9fc9b0947bf045feb20d32d581221dc.csv
1883;384c7676eb08fb530ec399208932513c0fa0c4e3.csv
1884;358d351a51c6f7f9ddb86ea3fb468c7fdc601e3d.csv
1885;303efcb8c5b2c65281962e16039caf0a18acda73.csv
1886;6931b5e9ff438fd47df998904ce32f6f027514e8.csv
1887;16dd2eb417bbac88ac2235efe705761a57807ae6.csv
1888;485169c3d48f25be33434505f0e9b5ea5c1256f9.csv
1889;89767ba998659a73d2be1534cfaacdff2fbc0488.csv
1890;6101fcc0282d2e355b5e094de10aafaa05e749c6.csv
1891;83cfd4e4f2ba744bccc85d7da2fe54157ee19136.csv
1892;310e6155d1d7856c824b0304dea2ca5ec637c2bf.csv
1893;267f2c2cf04924b59cbba0ccc9768a95f42c7e5a.csv
1894;9f9327703d4203ad1f26dfea48d1a0226e6dd5d4.csv
1895;9a27c99f125072894ab9db357b4ff8858a11203d.csv
1896;7052dc3cb4e9de110fbec8baddc369d6d53b3fba.csv
1897;97b7ac41d4b2537b9b38666adc27439a808234a5.csv
1898;84dc4e9ee5f8dd324d2d436d7c07c7d0044a58a4.csv
1899;94af6bf9cae266730bbc0480ab71595c12072891.csv
1900;4707f1bde6c93904ce5481e8d38e86a3fc2cd36e.csv
1901;3054d94211fb6287b04ff3c6d6daa5e5e9f78798.csv
1902;07054fdca599b609a0fd99007a13a5133145449c.csv
1903;711ffbd9492fb8100b4c89fea6842c38682e4410.csv
1904;95dbed40b9b6adbc57dcbae88e5bb4b8a3ad4929.csv
1905;357fe51849c655d37552b3f96c67be8394a9b6e5.csv
1906;077a70059a89059bace1150d779cc911a2229c60.csv
1907;349104eb16d3c08e212c6ee78230d8778621c40f.csv
1908;52069d14f038d493dce5d6cc1fdcdc7c1f0823f9.csv
1909;417cbe38a2f8a93d0827cd67f4c42076921d6050.csv
1910;39244c86324ed37f0b32222540efeefd2144d458.csv
1911;27ee5b4647398fd11e7044166a9d68aca391ebcf.csv
1912;44ca0c52f79a893a551da92dd78e599fbc74b060.csv
1913;22238e30828eb4613d777bea7bd3ff321aae450c.csv
1914;638c624925ed19a692dcd98a7285191537b1c7c0.csv
1915;17091be9028aba1688a63ea2bc33895df43b8709.csv
1916;4776a30b2dc8da97b0c419d7577dd959231bbd61.csv
1917;84a328211fa0a65959af45f0e55e52961c00005f.csv
1918;194e0ecf9452eefbaf8b2e487805ef5960825318.csv
1919;93c68999496870d3c22d197c05645a9bd747c8cc.csv
1920;30d2d2d37c2a884db55ab21d1cbd92abcff95fa2.csv
1921;40c0532640a8bb9d9a0aac07d017d5982af33fdb.csv
1922;01297dffaf94c1314ca46088f7b829b8383c2f73.csv
1923;304397b339265e6096999d27e83cefb84842e8f2.csv
1924;544a005c6288491bc6229435fddcdec62d6e24b9.csv
1925;15f99a27eec125edd5f2c431344f01883ff72129.csv
1926;23fcb75440f439f30f656e0c6b47c6f565f32ef2.csv
1927;1430ebabc4bb953366b635cd4a8adf9956c2f86b.csv
1928;81c1b982a28194aa9787468b4e9c7158043f22b7.csv
1929;9449746a1b41b08251ce0e1cb8fc5654b2faf043.csv
1930;480e5240848f603d3c04a1e21cecfe502a13cd89.csv
1931;9104c8bed3340e783a7a0a820ff269711f39bc8f.csv
1932;7910f7d2d13423c6eecb4ac66c0349e7830a57aa.csv
1933;24c179f55af6c1eff352b83c194986a6bbc46684.csv
1934;65bfb70c8de73d1e0100a181eb7ae6ee9a06e53a.csv
1935;27e8e8746befaf798daed5fc73a29fbda97f395a.csv
1936;634128ea7d7736750e1c3cd0a48bb37843d06dac.csv
1937;3061f05203159384dfbb2fd9b1d9a1ca7b98c8a6.csv
1938;9625e066a6643cb6078e629baf351bd93de6e671.csv
1939;18cdd1a1d97483f2cb8a1586b2d4858dab46efa2.csv
1940;9e9667fc7fcb441ee60a45d5cc2a8550205c9ad3.csv
1941;12267e4378cb6c21255f204fb40b9daaa02ab09b.csv
1942;60bcf8aea7134c49453a05d2b9d52728cc6edcd6.csv
1943;71cfde6386e0b6e76c9ea4169fe99176b97094e1.csv
1944;104e60eede9e4016c243f20f4541a33852ea3d1c.csv
1945;26b49bdf0c3d50386ae603783e9674b7349852df.csv
1946;367decf686bc1f476ebd0874336a328f12e6ffc4.csv
1947;3686cc6679e6b69e0ff3187aeb37ab90478236f5.csv
1948;92a4cbcc55d992b5fd6f9c77de0fb4f5030a566a.csv
1949;296d190c1ecd57e9be602ffc3e6c98ba3d5bd485.csv
1950;91fce1b27a1d5074f5fbf213b8cafb69979597f9.csv
1951;035dc4021101af0a19152cb5ea7b40b0c57ed76d.csv
1952;018b5b5f732e955d349e14a83481739502ae104c.csv
1953;49d10e98d15b16cd6d0b522b21714401d767dcc2.csv
1954;264fb27c70d421557131f4ec462c56c8378217ef.csv
1955;314f4b76581376bc7b40e69a9f0bc9153298cb8e.csv
1956;013d9fb8719d3d3d47738f9f0604f3b643c4df57.csv
1957;11af78fdd83655124c3b5acce4cfb92f0aafe4f6.csv
1958;09cec865941962acf6060e72ef9c477c196c4c3b.csv
1959;5088c438f1abf85269f0baa73779d6b7000fc10f.csv
1960;39988cf0ce9b1ea1e63e9c3c15de51a9c87fc376.csv
1961;50a6717377c416aadc6204e0e92f96d12ab4b0e7.csv
1962;645a3eaa114cc4a4827d02c0ef31b8a19c45b802.csv
1963;87f178ed1bcc5a747200ccd4adf42d883afd9fb7.csv
1964;7d0edff94d6b1998fd7cb9c0d2bdaa2772c28e53.csv
1965;014e31dce7e3f2b1a7020a5debfbf228182f8b5e.csv
1966;30fd1c06ba7ba3777ee5a348dfc0ee8343f4fdb2.csv
1967;16320b30b2f068bc2d7bc9cf2f2da87261f041b4.csv
1968;67595d2304315ae4af47ec96fbd42c55bd6855e2.csv
1969;021291da7cf3769e4182317703a95b6c5f7c76f9.csv
1970;34418dfd4bebfceafe3ab7dbf5fa001bb381924c.csv
1971;17114faf3bbc2a82ef49762ce4f3f922cb213f4e.csv
1972;4001bc47c8c30f370e59b5d26a74187b1727cc5b.csv
1973;65f41bf7e43f4fb712fe45ae07a3afbd5e0ce9c6.csv
1974;67a530bb1b7075edffe904df66644b0a1da97d1f.csv
1975;308e7d99fefced3b130b780416ecef0278d2fe41.csv
1976;1052ac76b8c769749a3400eb9479e34a35407eae.csv
1977;8844e6a68b22d3f36ec69db175b660a8dd8a276b.csv
1978;174f63ff45fc7bbecf0f559200761ad76691b6fb.csv
1979;4615c0a2b164f98ac850d2c16f24cfe5a33db75d.csv
