0;9b8eaad6e6ebf2b480067ce3d923a0344f64e7c6.csv
1;4b73c1c5e9ae8f19c54eee874a4dc7353e2d7add.csv
2;5be5d9505613508634f87e49357649c9cad7981f.csv
3;a5f95bd68657e637421c568d897ef1f8743b5e2b.csv
4;27fbd5dfa1e12e053571809eac75c63667c20d60.csv
5;c46ccd804772f7fb45a6f13907702edf08ae4977.csv
6;2bcc0b5598cfa52910f51d0d93b19c824076a860.csv
7;e2d380f3f7a65157bf9589b719ca5515782d800e.csv
8;2ae5bf9843256379921ddd22603012106322f1f7.csv
9;9d60f7d8e0e8e163f9cbac6470573519475eec9b.csv
10;4d69d6f241a818e5027e2bfa8fb82fcdf3c5068f.csv
11;5db0486bb05240fd38921178c42e1262c2ad9661.csv
12;dd3f779c75340d5fe656b8b58fa941fd0fba01f0.csv
13;7842ce735861a2fdef23ed03f654cd88751e27cd.csv
14;45fa7c512e00af09f3b541e87cb1dae005975492.csv
15;e5487e517ba0523c8f014c053820f0f08a3ca2e1.csv
16;453b25bc86ec94ab3326543c8ca885218b451312.csv
17;63bd4496cc2137b40a0318d55c57bd9ffd910704.csv
18;cb15e2611a42102b25b6118f23eadcd312484eb3.csv
19;69f8afdb80906c6fa3db4367155c300b10c5484a.csv
20;76a60acde56f490dd6f92f9925bcf7f6a507e455.csv
21;0ceca229cb2332c12a13e3b81f0369935a30bdb3.csv
22;7ba9ff6c9285cb6104d73794ec406424fc373d17.csv
23;7a5063a208813acc65014b86641082026c0906a2.csv
24;ea32db7bca64cdc76cf1afeeadb337ba3f396be9.csv
25;1b9dd828ff1a7c4622f15049a5ce2617c056cede.csv
26;47863f1ca95fbb7e048265b28e07956d694f8171.csv
27;2e31de7d7a946c9fda6a08e9a28c05ffcd725245.csv
28;d93401753f02e9bc22efbcb44a1050562c25e4cf.csv
29;d23435612750f9edf20673d47975786980fb98ee.csv
30;7b72de65011af1999b1beea472cca8d95b25abb8.csv
31;79ddbeff892277592aa387045692e0a738ef9edf.csv
32;ad4d9c9d9590641b33f6e5b4daa6f6520006a7d6.csv
33;5c7dc92d8ee71f016c8f4606dde02ea4a09e8c9e.csv
34;0fa87c9b7907d9d0c6ca454e8b5f34d4cce78d41.csv
35;419309bd93f3f766b93c70031b4ab7fd8c9e893c.csv
36;0ab9404566ff5d8d81aebd0e9d9128b9589d9015.csv
37;b872714f49037af53f23dee48e1947493fc4f776.csv
38;e5d5be3253b902f64264608f5065d193d0282562.csv
39;ef1cb70a758628aaad2bdb26f414937dff7d8014.csv
40;855e9a1e74eceea68ad316023622114cfadf026b.csv
41;267d96cdf722030570e67225a1f83edeafa0352c.csv
42;30bf8179a7859d1b72b82985e1f44b54f92d1f3d.csv
43;8ef81fee8eb8b394eb6d6530ad81144a46a1af32.csv
44;35908ee476f9b20d8e21458f4882c9fa448ea6fd.csv
45;d33fb69b86fa20587a1eba52b797e845a09ac9b6.csv
46;1a0c55a139eb966fb19e72b5ca560487d3ff27fd.csv
47;9034cdbbb77b5f92527b50d5a84339f5c4f6a146.csv
48;e8b00ac916a001809f009174d88afaafde56c2f6.csv
49;b40a41c79ffd710f17d9d3ecd7f99a594135b28b.csv
50;f6cf7ca8174e8d1d88c05fd08b6125ca6c5f7b42.csv
51;5b770c8fea8d8b72322f113033ddc4a69721423f.csv
52;355689a179d9e692368157740a46599deacc7a6c.csv
53;4d19ca3b426c1864ac9d5bc719e47977c352e981.csv
54;a13e4281bfa79cbc37a00c3aa8e5ba4b3ff435c0.csv
55;90e9b1aaed9624b382f614fdab511e178d46884f.csv
56;8b546b1576a47c16cd95b7dff11260160de00129.csv
57;1345c27caadfe883cbd68147767efcfc34207e8c.csv
58;e767d7dc7a215fc7e1eed093425089a179eba77a.csv
59;00a407540a8bdd6d7425bd8a561eb21d69682511.csv
60;97b4dd472085558128f140815ff6ae2eaf0e9d4b.csv
61;75d35abcc79be7030b0c77f12819a5988dc18c0c.csv
62;16c706d9f762555b985acdae97914d49e7b4ef1c.csv
63;70823365aec2e48f3513e3119eda9f074d5aa729.csv
64;70cd849e69ddb25756b9f4024251eec079fd5905.csv
65;767622f570a69699aa4ee0560f4015a9f337ca09.csv
66;872ebba306ba6886cf0d25fa8071af9a0934b7a4.csv
67;1601e9f2bbf89f04f967a4f5f49d7adeca7f0719.csv
68;6f6fbb622f98ab4af31e0338b14d7e8227738b79.csv
69;ba29b10f20168939402f0f17119a1f6c488d1639.csv
70;1267c9e461b0f70ed1ce7c5f50989951d0b903e3.csv
71;3a3d265f5122d6403f91154064fff55f8e220c32.csv
72;49297730b3146ea885ca30f4fcf37b5ea9a7fffd.csv
73;f1f2d155792616fdafeccb4d7ea6e5a1eba06a26.csv
74;c88ef6849c453ec01d136c41b639fb966525b08e.csv
75;b301068a5dc226383c23d6147c17ccc2108c1c8a.csv
76;ac176aee62546a955278ac424f3f257d4361e710.csv
77;db4bd9a68431bd3e71294fc82bf3eb387305368d.csv
78;d3bc060c19d54ef4ed90688f735fb01ba1a1f906.csv
79;2bcf6e29fa69aa4a841667ab499c73c3700f9e22.csv
80;7a7754b76163543eddb0d2471eeac9759b73a418.csv
81;cb57b7ff2b6e855e2cc748c93d2ba33259e66413.csv
82;044de919f32956337edc04dd9dda8458c5d6a83d.csv
83;238b1d30ab2a34817abf6b244d6ff4e84d1692d7.csv
84;128ebd160f9a5e799632a35440ce72534ede646b.csv
85;7cc44884667e9771d11491c142df90e091d3d4a7.csv
86;15c7e413de2e615378e1c0d4fa23d1f3425af285.csv
87;63910c37d6eece5eb7713c8199e460a38d85b84f.csv
88;19cf3796f2b87a2216d1134f7202ce83f9ccf63b.csv
89;d1a899fc4738bb5c248ada458e038537633bc667.csv
90;8ec3ec69d0d5857347a8d8efadce27339e8f3e7b.csv
91;fd4be01f12d5d7839288bde30fb8fa2334eb5b0b.csv
92;d43c4fcb5469c495ad74861dcc65246b00204904.csv
93;dcbf472ae6f985f1cfdcd172142d62115e9bcaf8.csv
94;28ad1266569f30e5d37591c17d4155b5f38686a3.csv
95;8e1de7470cd0a74f8553d4e7c48ef8c6898adf0b.csv
96;acd61c46fd62d62fe76182cd56cc9facda604124.csv
97;c3e0fd7ebec674579d79ee649196202cc1f2ccaf.csv
98;54dad9350708facd9351fde49824cbcf3593e4ac.csv
99;1ed0667897d6fcba12babaac4e53430ab7a111d2.csv
100;7b80887040d2e950d6da856b07a4245d1baa12dc.csv
101;e14f69047a759c01eb0f61c592203181506fb723.csv
102;322bd241d21b27b8a0bf4aaf96839d2843b87c20.csv
103;8eaeb0e78b4c44d4e9b4734a597c5c86a8d9bfac.csv
104;a04cdce6378e5d3eaa7e15191c2c9ada5ac70bc5.csv
105;8fda6079dc208546e3f7b6a7131bbdb66b2bca99.csv
106;3f5173d4129057e243605780f6fd25df0106b7a6.csv
107;0e90220ead6de5039b83526fae0e6953d3051a10.csv
108;d6990b0b3128645b57d3f4954730a20ce1510740.csv
109;e372c03d9457c22dca3d28ba50d00645d2400aa4.csv
110;5fcd297736a15046ab29e8c2554e3a0d2156c185.csv
111;7c9af320dc827a1805f627f7da197955e5de1643.csv
112;b14d6745ef6441a73973b99f8c3b71367f3f607c.csv
113;5436dc7f7c8678ea74643f7d1ae2642a010e9257.csv
114;a165e8ee98299f919479ef85ed6934a632d2b1b1.csv
115;95b257c452703e55e75f81a5ce126d63db36bbba.csv
116;7c187e1e6a175d79be87548270c893b25967e9b6.csv
117;80021105f77622d69ba25555dfee0e3cec11dd76.csv
118;a22a3a3bdf5b0eaa591545c469cef3c6c69c9655.csv
119;de0eb1881721fde9e76d47c0aa2f585d65f8bab1.csv
120;8cde2c7961989749f62222db85c69951981ceea5.csv
121;a031ab7127ab14bed64558c538b27715229d59d7.csv
122;c0edc80e0d6c194d5063d6fe9bc6cb0d68618732.csv
123;c843d104bef4c245e8c234ce5aba75afaa65b62d.csv
124;6f5e39f83b716721c40e1887d3a87283df84eaa9.csv
125;92a4865e560a9dfbedc5e8fa1cfa3d095ed45f92.csv
126;50d2bfd39a99cee34912963303d326531d5e6e35.csv
127;56e4de7bdb88b1eb1ca08dda54ed953fb9070ee9.csv
128;6c008c0ac375184854e2f5e357cc983bbddefc3e.csv
129;3eeda31b131ae2c9586195b5ee7f66e6bf4a1cfc.csv
130;23b1bc716257c6ab30fb3198d76cca3128715cc0.csv
131;202153e9041429d60d6f1936a85a0a6947cdb43b.csv
132;b0aac5df054c02ec2cda12e95db6e3537ad745fc.csv
133;e5f2e58c649ce8ff1e1b358a1d96fe17dac40ca3.csv
134;d3b208213808f1b70fba84bc9592da745d39b130.csv
135;32bf7ad3fdda71036b48f7dc85cad407674277b7.csv
136;2fb2ebfbaf6dd3d259e918052bf49c8beda121e0.csv
137;bc2b22d0d48cda407b4d238f2eea29fbada3a868.csv
138;eff21faa99219df0711ff1f8c467bda132a4a5f8.csv
139;f20ac6a74b3bf9494f63471bc3e0b8ef7ed810d1.csv
140;be02a99656c57dccd87157918d80f0e055994749.csv
141;6a299f0f9ebf767389958bc4c59d7c09602fe15a.csv
142;23111e964de222a6ae1e70e5e69226beea57a6bb.csv
143;543cbc339231f05fb6291db134fba7b1e087e22d.csv
144;20694e3ba90fd8cea22a74338bc3c43fbe956256.csv
145;b923a8fc7d406d0f149ecd5293d1a72dec7ee526.csv
146;34f583434a184fcb673825cf8d15990a1f174f0e.csv
147;3d248bd1ebb94659eb9a5406c6c710d34b333f3b.csv
148;d35087c6f0465735e38cd46ee0da0b6c18a88ffb.csv
149;76c5dda2dd4828cf4e650b9976070844981b9fb0.csv
150;ddbe8b997a2533bd41c937f50e0063fcac1c6c41.csv
151;04fc9f631e698a53691d96eaf89141354420539d.csv
152;a168eb592e75841f8e9e7ea69912e32b93b93c47.csv
153;498ac6766188dfb4f108d7feddccd346648f25a4.csv
154;5b9cd82c4154b22c3b35f8de6f08673682942014.csv
155;b524f3be680715628ba8789fd80ff35e1c899ba6.csv
156;1a854bfceb615249fd9c75f3f4491b0554e59c16.csv
157;86f989f2bde0f90c445d81a38f0edbd2d6f15ea3.csv
158;90742f2748824fc2d9e3c8bd499f0e51c68b2b38.csv
159;dce4aec3e326de362e6505ad430738984835c31e.csv
160;9ea311bcfd2eeec8ebfb4caa6a00ceef5f420089.csv
161;8e4a1a4ae69d39c54a50457e0e74d534571eedc1.csv
162;9f06511c5b480764d1a1c328376bca9a99de273d.csv
163;8760f206472b115c9508781190223bf55b45e404.csv
164;64c014f2dd60c5751b590614f93c4c75ab84100f.csv
165;0deef7e050171f0fb38e0d0733c9de67298891f7.csv
166;9d297a4b9a65b75ba75ba3c269e3283d6320996d.csv
167;70a462ada6a79125940a46d48e430fa938054819.csv
168;3af47322c0e7f8f2a9b5cdcd1ba858ff2be866f5.csv
169;3713412c49a7658abc353c1f63f4ea11419450b9.csv
170;113e00e55679d3ad398acfba07ab35530d076154.csv
171;f15c28001495afcf12754e6b59ecd03e5a18fd48.csv
172;1c47f04cd1e7a5ffa80df67872b379342ed9c6f4.csv
173;3e707e3da1c72450e0a005bf7a7debc624bcb81c.csv
174;46e427f7a44ad943d76fb4e922bab5f0475e8268.csv
175;90839d82434a389bcb9d15e5bc18bab8ed7a8574.csv
176;245eafba08bf568da3de70b7da528e6072700a9f.csv
177;db3574a611f5e832218c5f14c6f85af06370caf7.csv
178;94404b110e8d1d78515c7905093a67246ee5f8a1.csv
179;fb34b5fcdfe317e8787349dd7a7286117850c218.csv
180;1360b6c29928bc88e40f1820b6da4bd0efaa6e05.csv
181;edabff4c7ec30c3802aceb31904905f404d3126c.csv
182;1c56023b04a6fa6cad58de4332fb7ce830e658c3.csv
183;71ac7b4b5b88ea681eb11c925dcd02591b66fce2.csv
184;90e19af91c1ac3e1fc7b70ebafa58fa080beddc1.csv
185;3396640307309ecf8c776de4c7344d5b943e5282.csv
186;2318979bd91eaeb76e8521170d5456b955402e9f.csv
187;a393452ee71e8dab855d7b2b8062a88d2751848c.csv
188;711b73603efe031275ba4f51845b8294034a4ba4.csv
189;4a860bfe18b5f28e33124d05a279a1041f7656da.csv
190;af577c63f2f41f3e8ac69a6bd27487ed44611b8a.csv
191;a43026ac2a8ed3d2e2021c19127c6ec666df2c27.csv
192;bda0b0effcdeb640b508a95f9d2c39d3019c6333.csv
193;34e105872c774ec5f4d8c06f0c1b80b370cdc111.csv
194;42c7dd40713747e63aab3bb961a7d44bfe99af8e.csv
195;003d2e515e1aaf06f0052769953e861ed8e56608.csv
196;c41e19564876645643169b711ef73b32046632ea.csv
197;9497944622371ffb45f9ebf179721203014b54e9.csv
198;8a70a114e697f517d0f4bd547e2b15e766bf72ff.csv
199;e197aed627a18199a2daa31e0458d81e2b1450e8.csv
200;e50fa33d0a5572161f11913899f23b1aefafde45.csv
201;5a08674b5a5c8e4a817cf0ccc09b98c003a9fb1d.csv
202;9e3a9bddd773cd34b186cbd3489a112598583294.csv
203;66bdd867f53966bfda817b5cf1bbf6ac53b0752f.csv
204;7994c453261120138f8fb00432331bf1f4aafe02.csv
205;ce4853916b495c85f37955867594001bf010e14c.csv
206;f0b94d0b03d1f56697a8ff98d5fec72a856aa402.csv
207;2305deb2b01f516b57b37719a3c62804637a9139.csv
208;d0463899a5551499a7f54817467056dafcf4abc5.csv
209;f24445e5b4c855ab11bf858988810895d302cd5a.csv
210;fb7dbdc437525a13abf722f19a268c140c58ec6a.csv
211;5c006d38db2002878f9f5ace2ee7712e4ed3eb5e.csv
212;7db50905720cb6a7d889cd787d5e926e4f54c9fd.csv
213;1a59ca238c64e4bae304240d7df787cf0345d50e.csv
214;da2656c9717e39f06b7a2f7b042e9e9495717d2c.csv
215;157975517d3dc3220a80a47e558b49d2755bbc6a.csv
216;a09b5689e7adb802169d21318b0ffd427cff11c4.csv
217;cac35b2ac3bb0ccece661f31925b329204e21e10.csv
218;cf950ad0a5539f7c62c8d01e61df08a01e39570d.csv
219;a9ad10ebac0e5012f278c715ccbc9c87deebe0aa.csv
220;87d577e27446ba27b17bc96308de2102902824b9.csv
221;304a515db50dea49cc8127b885ba8f7ecba38861.csv
222;854b71ac18a4a8c4a55229e33e1106f23bdbd2db.csv
223;cc431eb59c99804ff91855542f8660ed1ff9ac1c.csv
224;4dec452d9be1493ccc2aa57e7ff1af4ff39d6604.csv
225;ffcd1f71dd10295d4398a0744b6bf36993c8a7d5.csv
226;97b3b3316159bccaf7d0e45d3c6a5f648572ae4f.csv
227;9ecb046ef3ced2f6e5f9d231aa1235def660c780.csv
228;d9be5e947819328ac6bc7b228034624f5a63b300.csv
229;c0f66e2778f055a98109d20ca60b993d27740c4d.csv
230;1ccdbf2233cdec55a0166d97a13abf00af70cfe1.csv
231;3401218e753198b786af2e1fb5c15bb79a43ba53.csv
232;a52962ae8400519b5c61b33362b5c2b463140526.csv
233;9410aca958ca0a1bb38bae507331a0018309ce6b.csv
234;07a60045768dfdb11e251513b1eeca679b93c0f1.csv
235;685c08621500a142543323739e043499414edf6c.csv
236;1bd63fdfbecb372ca5861253e67ab9722d647d8e.csv
237;6b4ec0cb89bcb5a29dfb2328792ce64ba06ac553.csv
238;acdafb9f6397488f31b08108651c763b4626ef3a.csv
239;1932ea139d08d1256a77ccdeeae510f6120ce6bf.csv
240;13e81a52ac2f1dbb059eeab61f739d979ae3412d.csv
241;ddbbb96b178734b656a2c7712874031f651fa156.csv
242;9cf12ba53d54e87f9356435425ea1cde99e46328.csv
243;f0d58f10263d2a5a7c87f0a73c0f38b1af2e67be.csv
244;809572ae170df1c479bf13f406ea8ac7e2045eb4.csv
245;c725ed734afba75f225aeee4c61a4266f60e79fa.csv
246;e83d85e8a48bcfd6b3813bb5aecf96de3b9bb2ad.csv
247;ce5206e4cb677c9f4f914db8c534c019872c5007.csv
248;fe04b006f021d31d08e080c65146262d8aab8287.csv
249;adee9d1e685be17b6c0dbe1573d859b7605e51a2.csv
250;b68c059f2f74a05e0f1fb862bce540f3726e7f9d.csv
251;9cf87c2f67fca108c748244f0bc54faf718ca76a.csv
252;e9d88308ee1cfddf51c0c3d9028f1b16aa4d2a6e.csv
253;f227da2d939183b8514ad590b6646197bbac6b17.csv
254;6cb78069db9c79322b2469ca340468d6e8b62038.csv
255;7bbda9ef5b64322031b9d01a2af3a64f6509bfd8.csv
256;7612352d417114dc51b9bdeb455eff339b1d2070.csv
257;5627baca693e14feb3f1da7ea81d040f8d750a75.csv
258;59638f1b58ff719029c3f40287dc3a373b9deeac.csv
259;a940a016e305e91f767862576f73a795b8dc2e77.csv
260;1b6259770abfcb3ad924f0e8c138912c58aafca8.csv
261;5637647ef4c0b1fcc047988a1f52481c67b36e24.csv
262;5bb89cba6ffa8dbb179ccbb234b79d6b94a5c92f.csv
263;bb733d7fb43533da603e23abfd577152516cdb4f.csv
264;66c553c2b07c0ffeaf870d043705928fef176cc5.csv
265;4721fa917fad37326b786ba1d493f97acb3d34be.csv
266;8b78ac54c4653dc82fd39bdaf19d226f993961aa.csv
267;20c0ef920b43f54020a22dc54898380ead2d9cdf.csv
268;1ab380fd0d283617d874127eee0f3b27e0f87ae5.csv
269;9095bb8c243f7a96ab211c436c2bfb8f5b0ceaf9.csv
270;0e1451f1b7ecda5f1e941bf8a2ee4cdc0394c445.csv
271;3572c1594005e255fbb573f9664c0f75794b0f0f.csv
272;7d249d30e5fed3a63e86f598a24e5beeae5317ac.csv
273;b1b407772349f7f60ac2a4018c4ea86425dac051.csv
274;03cc61010171d8c71d4350f18d7c57e8b90cd5bb.csv
275;c8bb4de72eb02d40b902f3b47cd7e65ee44e643d.csv
276;ad2b326221b48e904660968e5d10c4cb2882c5e0.csv
277;dc829bb8d6da14c9a57e07b32091207c25982c94.csv
278;46c97f10f1565b2587a04f19a70300530f639872.csv
279;c7bdca3869e342d7f0da5f2be02a8b66db9f273e.csv
280;2d40f76055a7c28dd30c8b8f60c31724f8991cd8.csv
281;86114801a0bb248270ce64bb052e1db0feaedee4.csv
282;65078532d15de7dbfa1931a5e6e6eba317cee5e3.csv
283;dfa14da3e544d184c473dc105e5df5b743bbb272.csv
284;e7bbb9a6504f9b72c52bc62ae849ba4e95b58a8b.csv
285;4d7179a1b6029c827fb7d96f1be4f52b3763379c.csv
286;67782465d981bde43a0ce8e403dcead452618fc5.csv
287;84227fe40d2de2d2b3fea73a6a158c898d27d74e.csv
288;c3f229e9c764dec96511bed6db5f9fda9b9824e1.csv
289;2faa58decdd46ce8808003cc53d0f98764d9acd6.csv
290;ad18b66dfec5d2f7bef4266ada4c8dd1d851226d.csv
291;40f94970929a1192f2da1bca8a9bc884a1723e8d.csv
292;1d93c5f7a7851227cc1aaf7ed0f4ee3aa72ac159.csv
293;ff493591ff3c8858918161b5964fe3c860472322.csv
294;853bf23d1a7f460dad20a5128d21e236a45e6861.csv
295;d5254d0436c5b59e2e0d733b75de4b53f9550e4e.csv
296;9f1fdd6ff4e43577e02e00383690886f7292e4be.csv
297;0e64903b318f69c36fa103399222f3e9c3b1ca89.csv
298;f72a8e59f1e1e1820eaf6f91eacbf4461fe4b434.csv
299;5c75bf74f6192a972e495407cc4562c422171f51.csv
300;5e795caca10e8c6fd46dccc995d4705dca507c53.csv
301;e8eb4b757bac973f2085ccf6a2f8e57f69539488.csv
302;4cc3622caaba4cf5c90c64924ace1d2c3e0b40e1.csv
303;b7478d6d5405a16b3656f68f489e92902ba6490b.csv
304;962582ae057d9ef92d2af93303e25ffcd9e7826f.csv
305;c853c874fd2d9e083ed2e0de1ada857683805ce3.csv
306;267845c9ab6a1fda8688eb4bc20477e4305a7397.csv
307;af179377f6414793a36a8202534d04fc72afeee9.csv
308;24a8d61289ce1c542917b246a732649ef52d254b.csv
309;d9bf11dd9fdf075a26144b7c816440092200b4f0.csv
310;95a01431d2948b87a8080151ede1b5c25966a134.csv
311;1fa43de01deff122b935e7bb0677f82111ff867e.csv
312;52bf4421c628d0a0c4bc116732025facd0a4c186.csv
313;d06a03c615b653b1e088d30c20abc8246c34b97a.csv
314;0912c78de271b083438d1e7be51873aa959eca40.csv
315;b7288345e53afd5cb09904460918fd21285d0765.csv
316;4c156ac987693e4312f83947086c96fcaba34f0f.csv
317;b2c2a76413508be8a53e8b9fba326f6123fbc8c9.csv
318;8c169e8515eb37b7ab9e7cc972eaf66e4d55bace.csv
319;3a9b2a9a8127281b86e27ffd75170b93361fa78f.csv
320;024b30561568979f525d8b2580f85122c02008a0.csv
321;41446a3ed09f49047d9d1124b93266ddc20490fa.csv
322;43f148ad5c4d741a5bb537a86edd780d8c8c18d6.csv
323;d4ca0d95e2b975e5976279522e938cfce5069e58.csv
324;a819c21262d2a7f6dac68f7f9d9843ef8737d9a1.csv
325;e1d3c14efa34936e72cfba581948293e4bbe69ac.csv
326;bb0be5e3511f81d607037b03fc674c2b40e3c682.csv
327;ed08e6190f0f3d80a4fd5f61ea44b8c0c1262ed9.csv
328;1fc4da7de0646080e840e2b8cfe2c90c39c48f89.csv
329;a7919c425d0da63f1e182eb98aafc2d48920e2fd.csv
330;6feca73b5021bb38dd35f4acd1b435992c23d059.csv
331;fb7c781a3f810539c808b9a3be513f002a281f6f.csv
332;79e85d2029542868cf5a548da396005576cf4e1b.csv
333;36347c2faaf281dacec97c882b6ac8c6fe80863b.csv
334;cf72fc9abf8e33d0bf2d5b5fbe678382394e4449.csv
335;58b5ccb52da37ba063f8542b6374565687e01f17.csv
336;24013cb9ca00107d170d03c4a9a20d9edc55cb47.csv
337;de3c922efb6cd2e9d1a6cc9ab5e586a63eab3b4f.csv
338;8c8009119627bb2af3f624ee93d7b1a8e9dc0377.csv
339;4dd17be301f6fdb1616e3ea082c8c54928b5a3e6.csv
340;535448073c1721a7928c2814283c5cda6e151902.csv
341;79b3361a41bc17eb7bab0128327b302e914d986c.csv
342;1c5876f59b8eb7da373512c70a4fe8e113a0ed29.csv
343;2190a91bcb4d72ca47b8d1414e7ea7b8ae743701.csv
344;cb0bed3e86ea2c12d2090269754020c20126f121.csv
345;e91e7e0f8c7a7480bcb13c0c268f2cbcf3dabe85.csv
346;95d070f39f49f5d56d1330a2056f2e953d37af0f.csv
347;d843c7173358c9cff118fbaf8f889677a08d6cfd.csv
348;9a8e0c36112108ba940a6a3601e63f0f2182991a.csv
349;0f23d5716eca022036940aca5ca7eabcb2117f6b.csv
350;1b3ca29a04386d3d18f8b9cb83e2b2c14d4cd994.csv
351;b2cff560eaf30e0d2aa352e2d48696d500c6585f.csv
352;acd5c79823f71e24b8a5a200fe060720c13300bb.csv
353;a705147176403a593b690b49d125cde92050d6c0.csv
354;28277552ca17ff1db6ab660980eee1d19e95ea3d.csv
355;b5c5ded36c7f99fd906d082be7172d6cde36e9ea.csv
356;c0b561d09eef775c862a1bee9559f1c707f42e97.csv
357;189f38311305a39224ad1a55b7da054056d64bf9.csv
358;76571bd962b85fda8f5f4133fe90c2bc688d1809.csv
359;4ffc093409a9c2511c11ce716f168f33d724db2f.csv
360;f5a816cbca04dc4caa8f0f73e37ac7387d67b402.csv
361;a48eeb25c5903aa336e949ffd2aa4da5577cabb9.csv
362;e680b8b12cb5f5936a266ab76935b6071242b81d.csv
363;72e13cee43b0cd05620e510552992fbf4cd27a82.csv
364;8a414e697528a157a8601dc2c785262345e19c28.csv
365;e113a3d48cbec9a824a07f4c56cc4c955b74e5a9.csv
366;b694888d27880c407c0001df68fe7055a565f2bf.csv
367;e58296f5dbde5a533d8b3e71c406fa8949c43ac1.csv
368;535f9953ddc3aed036af13cb48fa2a148c6572b4.csv
369;049ea432acc08b04a3e21c390f62be3d845a2e2c.csv
370;41a517dd9470e1fd891639f70c022c2e985ac229.csv
371;44138c327f3da5384474c0f41f97d965ad019770.csv
372;709f2dbfc5ee48f65ca835ef66ec9e3dc47746b1.csv
373;51ed7bd905baed2db5ffc7820983e7d128fc4dea.csv
374;ec6f213d8901bc2e0da73d1421129a84c72503dc.csv
375;adae39fea7d473e279cfffb02a95617e2bd5d65c.csv
376;5c55c334162b13e7b573f288d790a9488ee9f76d.csv
377;b43a98661c649a9284ce10f1d395ff09967e91a4.csv
378;26d11d2eab9b9842130e1fef2ce6f6e22324556d.csv
379;b0da5317ef2d40ca9a478d9d0a24c5526cf4f004.csv
380;f3755a2f5ff6b3027b24baecfec0d1e412e1367b.csv
381;e32e8d862107f0758498e978be0afaa94f461340.csv
382;309f789af580cd8118949f25277c0da525fb47c1.csv
383;c86ea53c8daf19851693ed93b5eb2bac79a3f606.csv
384;c2db544e4b49847c6c6ed6173538d0aa3205c464.csv
385;1b94ee20e6cd598f5c44c1ad5b5ec0cad116e2a3.csv
386;fe0885bcee318404a4dfc00c71d85c2fd130709a.csv
387;30db9d6ae4237690af802342f3297b967d26ba24.csv
388;952ddb2bb5d60646df131d789514edaffa1cfd8e.csv
389;790a5020f730491f6a2f35ef7a2bb8c18d42d963.csv
390;22edc9d8bb18253cdbb7905492c73387b4aee8c4.csv
391;f53349af371754609cdc04da17f4a28358a39050.csv
392;0940e70d9d7ae49cab612c8f5c22957601152aa7.csv
393;4016fe18801a8c01232ecdbb6767f73ef671d02c.csv
394;88c1931de9f586dcd9fbe6f34feb39047ead67fc.csv
395;dbad020d650c2b42a6293e774ff71c4ca2fff40e.csv
396;68b1aaf54cdad74b9b4095f253802a7a191a2ee6.csv
397;748f2aeb895d546cea695068f255393ab9cd1c3c.csv
398;801f402c28aac0115c5ab58243e4dc74ec0e20c9.csv
399;d79d038e4fa4ff5a4a09e06b008694f386fdb01a.csv
400;cd5d56f9860dabbcb9d1ef512d8009255db7200e.csv
401;b5c77d8af44e4de407c5b3216cbce4d071b45330.csv
402;beb8755f44c3beabc781dcb6af963ecb101117ef.csv
403;a4de3a6fc3e5ef424dd225e58b16b3c8049d2db5.csv
404;e5742301bfbe74234394bd01380f341c8a504578.csv
405;c27c948d0fb7ab557b1000eb36078d46174558cc.csv
406;35c293103c0417c9e5544bca3249fcb2bb38adc2.csv
407;e60251c2192bb58d0c8cabff8a4673c976db5a78.csv
408;644af61fa3cb6cf569a010dab647880d1522b255.csv
409;7ecd7a7b8f4ee30892a89cc84de8aa055f22e0ec.csv
410;832b027973de876e83b28eb6fd9d9bde0b69c524.csv
411;47f0272ce568bf35a2dfca4b6eb6293cec875cf5.csv
412;3d04c7f54af693fac8cb928e0805726bd787d828.csv
413;2840d269703173ccf61b0fd31bf73c0300322a41.csv
414;2c64394abb5e97b4efcb57c18e8e649b869a61bd.csv
415;41ce72cb8df0bc21b693f002e6957342c589f7b9.csv
416;51e236aacea08b79354ccab921012b8d3b07dc43.csv
417;e93c816b52e57548b1dfccb1996718242e32c555.csv
418;3bf85a0f0bd73174d4dedcf1d902bcd33f8d01be.csv
419;2df813945620a682a33f7aeb71a801a55a4d62f5.csv
420;5dc2a2b45f53f6dab91657b8fd658ee8e406a462.csv
421;129ff900ff8bc31ac5b9ee1b3768a57a6259f425.csv
422;eb568696d106025208561859e8685d3e026d97ac.csv
423;27dc2cb28d6e04f52676371c65b7dc1de3e9e7d7.csv
424;616bfdb9198394df6ffdf89e28ea12ef7513e5db.csv
425;a2ad97c3acb8bede8700ace176b9c7f490c75fe1.csv
426;c742ede355000414ae98ebc4dd532feb2fcd1196.csv
427;fc500c8907621a0ebf2a8e86661af8ea7d1c36c7.csv
428;3b2e57cabc0b994cc47d2efeac73f29e73810a21.csv
429;7a0acbe0332e03fc85ce9e0572203af54cf0830e.csv
430;e6c21aa56e844647e941a19470da267b388d0b8d.csv
431;2fbdb8d81f4cdb09780f1031ef50ca1efc32ec93.csv
432;e1216d8df7b1515d6ddac2403510e6e0dbd8749e.csv
433;2242bb35993b5306fbc74b277db7ccbe6ebbed98.csv
434;81c7ce2b4d434867bbec401c57a3438a06e609a6.csv
435;495396a1162f88fef1e8f3c48b01120219f1d37d.csv
436;6e7e1ea6f2d539eac262c961880b02952872674c.csv
437;e171aa9d88b11c4dca62ea02fa128b95c512bb06.csv
438;24894230a14d3607caea22bffcda1105bcfd09a3.csv
439;9a224f61b0c6a72eaa8fdd197c96232edbf0e072.csv
440;96faa115bb4183f76d5598b28e0fb8df00e98104.csv
441;af967c8c92d92d507fd49f8c2a8ae10f086b3df4.csv
442;58b50225971b9e2a91e4c94d6f478978b904a3c3.csv
443;ce17da4577e5b2a5a3ff6fda0ee0685e5ef01f0b.csv
444;0696d40a8c863f89203c524ee16a0006e2bf5148.csv
445;4f07ee9dbdc416c882e7753bb115a74c899d4d59.csv
446;6c32d98ef568b0fafd0ca1f269eca15194199e7f.csv
447;08935ec8109d6356e843176a946afce672815e96.csv
448;b9ed2c83d4226ff4c53759324071adff7f264254.csv
449;f57a6e2e5ac028f365abb30e14948ab4c29748ce.csv
450;b54f99d22dc4a410b84af8376172fc8219fa533f.csv
451;02b3c0c87a6b32d5107a6e05f83f73cb7f939432.csv
452;75570407f08bd39d157fdffb8fad4d51fc36e926.csv
453;8c9278cab82a53f220533b8c1f320e1bfdcb39a6.csv
454;2ae81644d62af97d80322750eaf154c025fe3ac8.csv
455;54f6d68dd0e9f4f639188551c23771f07af572ad.csv
456;f77e014023f661a9e98923bbe0034f1d1fdb0a69.csv
457;dcd258e63a7c3af8e305c4154433995bd82a6ba1.csv
458;8acde670bcf7ab230054da84c79138c65e9e37cf.csv
459;73c10497ee3598dd2688be6988354c7ac21b0574.csv
460;d3061a3bc3718d7397965b088870577b341487e9.csv
461;6b8271b465a5f5ce296ef370f4989a05b1d31833.csv
462;06cad91161f09a9f28a5f07ecbd84edf3e7a87df.csv
463;7c9ae3aaa6821dfcd478cfc577558c13d55645c9.csv
464;0765596362e6b109eb040cd725aea94690cdafdf.csv
465;89bf30190786c773e62dbd6f6f082a12a977da87.csv
466;f84886d52a2dc934793dbaf2272f9a16c8da275c.csv
467;d57dbb91b90bcf03f1d60a016d374d5b83f7e985.csv
468;be15899d40c455f5af99e95f8c844e480000971d.csv
469;7e2719064be04fd488be75a358c40fc717730faf.csv
470;a0657bb0ad9f90b12a1f4c33d304d70a0aac67a5.csv
471;2c837018d332088b3b45f0b6189d1df3cb53064d.csv
472;5757782daeab31e7547d979cc3f1371e47123fcb.csv
473;0846109754ca9d2d03984dbe702ca29b55f7ca49.csv
474;35180f822b0debe3a1bb120a1ab64c46b11f02c7.csv
475;ad934342d6a73153e1946af3125ceab1e82768b0.csv
476;683c301b95298556ebc806a0cf998d53cb44f5b3.csv
477;f16bd40a9e722d38cd91420757570d63de9adbf0.csv
478;5d7dc504177db9326327e5cc7417bfa045e0f8ad.csv
479;7e7dd4bbf8f6d4f6d8d292311a15e7d024571642.csv
480;ebcab70ad3b2030adf82c372682b4b22a3ce678b.csv
481;d3c729f4c3e6c6879dd11eae915f1e3aad13f0e8.csv
482;858fc3babc8436bf2936968b37b7a8ea3049c6f1.csv
483;ab609df01b35223d4c1ec4d6fe84cfe349ad608b.csv
484;f2b38f1b7e7ec4476ef97dc2df05a2248926828c.csv
485;fb2b0dda4f7ba88ce571063e7a9788a069acadf2.csv
486;3433860ec8cbe9ffaf8d8cf00addcd2adc839bfc.csv
487;b8afeacf88fef40c2cd1063b3395d71041a341dd.csv
488;2808a9a502685d036001e0b7dcccc4dbf2d52fc7.csv
489;46f7f9afbe9a94ebecc0ee94525a059695886e58.csv
490;03fe33ffc8d87e408f2e8411a624381efd8b66db.csv
491;4d9a77c6993e83fd7d4e10f27e16eb49791748a8.csv
492;6f757ad7f11aafc150fc596d1eeaf686e7e836b6.csv
493;e961876c83f6c10a561577fe29250b3b3d0931f9.csv
494;26ad5d7fbb87bc58c2784d00df9d16840a5954f3.csv
495;44ef80a3db1ac03771ce5511da5371db09ff1f3e.csv
496;18d8d389f6effffd78ebf3c65f13f1241a6dd20d.csv
497;9afed5a68ec147ddf221c9ae6c7ff8f0ceef2ef8.csv
498;82c0ba42aad77dfe349296dafbdfe15bacd28e78.csv
499;4d30f0a58b91a1e7ff4d97f64cf960acd813007e.csv
500;0ff1d5f15854ee14f5a1739cc60c2d488d025b70.csv
501;c0bad6a8a0f6c3c5d037d5feb2e2ad26bea852bd.csv
502;7e3dd1ad3036d287da37d9dd9c810c3f1a05466e.csv
503;442fdc78b3758994d8b81d6e8dbe6aa06d6302dc.csv
504;57b8a5d6a4f6a18cacc5bc8f3534bc9b8c8a3d35.csv
505;ccaea944996c0935897cd6eb248d5f01367cd3c4.csv
506;21b9d399fcf199b32c80ecaae8bb3cc1064e7bfb.csv
507;bbce857a113a7bbcd7d958329a3abae6215de418.csv
508;718f82baec8ce7d1a7c70cbece33f26ef35021ce.csv
509;1b0ffeb0094fb5a60b103d0a8945e4311ea4041d.csv
510;e2889e7709c7b51f2679394599ba1903c7fdea24.csv
511;82a67864aca77dd31253eda8ba90792b0395b181.csv
512;7fff71ea425413f203662c57d4f8c878813e3db0.csv
513;6f9f3822c92c26963496411548e43cb7939fdd4f.csv
514;c9b729b5595bed455f2eb646c035dfd8b0eaf120.csv
515;9000e9e6f3685e49be3628a006c080d16e7617bb.csv
516;5d0d0bd116976e1412c10a84902894999df4a342.csv
517;38034f920d90f4801de338c20b1f8b784e299f4a.csv
518;638e0b1b49752063cedf8806149ab030ce66031d.csv
519;bddf336f4c53ce53c22a54de37aa00c8b723a291.csv
520;60566e6b95a8073aa3a012a5938db87c2e72e8cb.csv
521;ae4fad62aa21a62cecb8da0f59ddddeb56b3f137.csv
522;0e5b67b533af13d2f0b75e10754d1ae76e419e5c.csv
523;43191331b990274f031f42488882f299c6fe012f.csv
524;f95862b6d31d3d9dc586e628500a02ad7a469e94.csv
525;9e6c86a3f41d8bad4cdb5f6399383b7365d5f94e.csv
526;64eaa66d4b4d594ccfc0692d17c65883bf8991f6.csv
527;1887c838c0267559f70b4d5898f2bd4cd4ed8213.csv
528;b1adaca6bf9d5673562640fbf4d749e2906e195a.csv
529;0512b8e6e26f790008d3dd7b48b6218b07af1fa1.csv
530;78eaa46e85e9cdad2d53d16d3b826b972d8cd5c2.csv
531;6c23371567203da981ba0b186a38a1d770827e42.csv
532;7fbfc7a254d4f96f7371ab89d746d42e83487a6c.csv
533;ed627d0f21cfbdb58bf60183cacd31b159de0b97.csv
534;d52263cf7a0081be4c3b9a45b55777c395ede6fe.csv
535;59fed84b971262740906caf5223ee22131767b2f.csv
536;85e7c8f8c4897244a7a937f1cd6270401e90cee7.csv
537;af9fa74295a96130db158a3e963623671a079286.csv
538;4bcfd46dd0703f2ed11ff12c5b5533d28c7db34a.csv
539;be9557965d98ac92049c789304ec564585a121ab.csv
540;6c7137e1324ac5d2505b30a7c6b92f9c50e8ea0d.csv
541;975b6c3274a26d2fe64c38ef3ec911ff7fdc5539.csv
542;fda2bde9fefad6f0b55c174fe6dc6022d0c4200d.csv
543;35328b1fe8aa727f8cf751bd17a9ff01918bb71e.csv
544;f7d3bb24344d0bfacd46da8b08d26206d057bbaf.csv
545;5a744b0f77de8f967d47aa90c887ce54222050e1.csv
546;98d88bf8aafeab15931e17b7b3cec5c6cb0be36c.csv
547;cd80a1842cce739a2c663170101d495f37a9b186.csv
548;1fb864c8c0904e7d26a68844735180f2b108196d.csv
549;b05e8e757b47a2d413634cb6d48777092faf1509.csv
550;379fdc62b288866737a98d0f1ab0a7228f1f4715.csv
551;0d90a077ea399c29a8b22105bd6a6bc61613579c.csv
552;b093894ade0d8dd0d509ad53beb77b94de9c32bd.csv
553;128b8a9d8f8ebcfe262356ea40808eb2517fefcd.csv
554;a3ec2c34f77f54f03fdc1e60db040ede8a93a03a.csv
555;abd6ab8899af7b9dd66435dfdf78f9712857e00e.csv
556;aade2764be5413365167bf4cb76c3efc977a9d00.csv
557;cb673172682791536469cf121f85966cf5e03b3a.csv
558;1bf8d9e22061ae4ab5afd9902aafefc005495758.csv
559;2fc31624e5351b891085588733a2d01d4581a7ec.csv
560;fc4500eb2ddf0cecf9c06b681fa20d7bede495a0.csv
561;3a0ff4d5e213bad8be54a231bd70070e5b6a1e98.csv
562;ded1b304dbf83825056115e67f68d3f7f48339d5.csv
563;f4ba10c1ff2c048120ca0ba1993dac43b99054fd.csv
564;b60c1c89edc91d6d585b9e3e9035369ffd8fddb1.csv
565;c43f5ba6a7960c9b6040d761fc8e539520e93247.csv
566;2dbbd338a162539f945001a81e7ea3d1094ae436.csv
567;4e95ce827049a350819c5c87caf992f27f9ff792.csv
568;0cda048d50c1e093a9c5c6f126836a7e12a14eb7.csv
569;fd05a8fff57b7100589390bcd74f1752cbf5ddcd.csv
570;e8041691889938fa8e374b16167f56a0a01443b4.csv
571;e0a1f467b954bebb098b8fc5bf9c68e1c69aee1a.csv
572;828c56fdc5ce5b42d95fc75f6234662c3fe5afc2.csv
573;86965c93c3b81b3902663b293f31388a81b54b37.csv
574;1bde8d09867997946c944745abbf6e8d7422583b.csv
575;2c55a747d7e3d676fbedaaa5794c4d7b2923996f.csv
576;3907671ec96b172d2de7c6b4e0e00a0a566f5c8e.csv
577;54e0840f1389243929ff93616353e6ba2dfa9724.csv
578;e8df5196e1300272cf8381a07cb1dd9a9df4ca1a.csv
579;516343707f8b055e199e989a572573238f47c10b.csv
580;72146b6187e3fcbf22473ea4533f521761030d25.csv
581;bee484ef0f35ccdaa2b1e7c6a997d7efa26c6e90.csv
582;b577d8d0a252173a2927296d5955e47e7317d549.csv
583;6b8331cea4660562276b48ec88ffb34ca1a911de.csv
584;429d816adeab49586c099c6b9bd156fd3325de50.csv
585;cf46c73cf740fcadf33e8ab95dc78f5a8bafd6e5.csv
586;067e53fab4bdec6e6dd07365d38f7e8b3be9c688.csv
587;d1348acbc5966975c15c13e0857c4e9285c06b76.csv
588;4fcab79d5b0cb66dcbb4c9a49b16a2a37da331fc.csv
589;a5dc51258c2f3a2be446e05cbca2163644eab0e5.csv
590;f258db675e79a68176fac3ca4d65b0cf873a13f4.csv
591;dbb190329c2d155c558e0bbfa3fa0e103c5f804d.csv
592;be66f6141a3499ab1c48c569b1a12879623f23c5.csv
593;3886c0515cabe9ed6e20eeac8cc5e90844d0f053.csv
594;beafcc134bb96b4c1898cbb63be513d951f82b95.csv
595;66fc936b851404690bd89b28316bed4e4858ebe0.csv
596;dd99ca56519f7ac0d7f46ce7ecebe953f4b557c5.csv
597;1491b1994a59738353532cc5faba1767f289e11b.csv
598;a0626e0a0e99ed2f9c651fceebf73785b6ee3c6c.csv
599;9a50f7e6d01c1d6376dc1a33f8ad06c3c428804d.csv
600;bc411487f305e451d7485e53202ec241fcc97d3b.csv
601;62cce6483896bf25635e951520ff3637a66c8c23.csv
602;d1dde1df11f93e8eae0d0b467cd0455afdc5b98c.csv
603;83c814ce90a5d07657d608d06833277eadf8f65e.csv
604;565f8ca61cbddeac8383aabf4117f8b943348e38.csv
605;8a1beae0f790b3ed63453c225c6db78d41a96a8f.csv
606;36ec911551c7e65d237778253f26fab664df878b.csv
607;9ff96d027acb8ffb1d665a8f9ef23aa70cf7d880.csv
608;d2ed14bc0e1e302886110f07e1bbcc88cbc3e28d.csv
609;ee74f283ca72837d49f62583291af3b3a7b176aa.csv
610;747e4e8c5d4dde4e2a461faff87c2a5f2dfeb158.csv
611;184eb940b17bb8b2c9fbccd1f7ee2069627b8cea.csv
612;e976ff4c9e0e3c87a7937d0db4ddcfbff2c68446.csv
613;af9d0cb57716a1713e976b8dcd4d607590562e52.csv
614;65a65e84a5e6d3f75bd5f9439597b7292c20774a.csv
615;07c7724815245c8855f3c3f4883870ffacb4ead2.csv
616;591d913cad0522dcf942f213523920ae786b8a0c.csv
617;558158b858e48e98945f7c378fbc81cfea6da6ca.csv
618;2c146cbd938e7d0e49e887dd06225c3f1443ecbf.csv
619;1f0072340bfb707caeebd129ecd30711841b613a.csv
620;79e80112fc23baa29964e0014728adfb04daeb1f.csv
621;d80b9cbdb982fd750b26d209e5cc7dd8eb8b6ada.csv
622;e3023814e05d17a40672f6ad1a9ffeb624bea76c.csv
623;78c92c6c7176ea5ca38ddc44462279df3325c4d6.csv
624;5ce3151a5ca9e972d909e7ac4039d16ff43d9967.csv
625;9ce1aba2a359d35913dd096c55713ee0de990ba5.csv
626;de1b763b6df4709c4de89ef15cf9a7127ca1c9a1.csv
627;1bca8f0eae80a8e86c7e277413a6a0b067b3a04c.csv
628;85df303b9475f6bab04727eb745959c330293de9.csv
629;fda749ffe1dd7ccc77de2f87bc910eedcd576024.csv
630;78bcf659c7764369a3044e829791bd4e42e3d559.csv
631;27152550d3e079c9151c9cadb07d21560a906701.csv
632;67326b132f0b8258c4cd41a517b2d65404d58901.csv
633;e09709ef083e1396e8bc591a563724814d7fcf3e.csv
634;f41870a413cfed01b83d6463ca8492d9cc655d20.csv
635;81058c415b5898b386789587529bcf52d6936ddc.csv
636;c8b796b2f5acc0db45e572af10f9b7b53d3dba8a.csv
637;c8b45c6052cbc388de67682ac02a185fc62ba815.csv
638;89f5c8a531a5fda214e1c6b80f1867b48ef28bd1.csv
639;ada0c18910fcb079778c996129bd671f25d27e9e.csv
640;fbd4eb8ffd8e79d3e8194903ba56723de227adee.csv
641;c8dbdab0ed24675ee52a48f155ce0aed1b032bb0.csv
642;e46af9e8d22be9c8679cfc70aad9a6b6048aebae.csv
643;b9ddaa16d1b4c284743c183f28ebb09a98c7ee49.csv
644;548a3a9103685eb9e7f0952b6d8790991221bf9a.csv
645;b9576ea1afef9ef16af4ac1dae6ea29468109225.csv
646;d80e378c031591d02641b545a2262e50fe80bb89.csv
647;e7090f75b94ec838f6387245f521c35a7002dd00.csv
648;22f4589db7910d6e05162089c6e44a3d91471d7f.csv
649;ea0747bdc156ec16371aff66b28bf39f57104318.csv
650;66105fefcfd65a128a4aafc7d3f4b1f53d8f3f8c.csv
651;48f5a0900dbc72381c3677dcbf3f471bf2ca1192.csv
652;d11ceb2ff52b55e2c6679f47cd75dcbce6ce657f.csv
653;4a2974ce8fe71bcb034e757c05867e9ba71fbaf5.csv
654;117afd18d9c6dda005f3f22cef3b3bf023e2e45a.csv
655;0b70c1fd82bd1962ab7eec83bdc61fcdb9a2db56.csv
656;dc32c076483ca1084f652c9759d7e9c5e6366ec7.csv
657;a403b805f70f5f3ec4e9b3693ac6f27a9d72fdad.csv
658;1c588fca3c13303f444f545a5ad5318bdf5ff460.csv
659;2c3a21d606c4168de8ad7dd5e5e89ef09a9cc214.csv
660;e9ee028829d97cce760072c4b9cdbeff1aa036ac.csv
661;e80814f1470370d69e2150c5ed5dd3f72d84cfbf.csv
662;b905ff57f0f30872825e6320bc51fed6690b0c2c.csv
663;4a3354298d6d6fec6974b13a8f5d0051e278abeb.csv
664;5d170ffb75a39c91e1055c895d8e2d2df6864d4f.csv
665;a56357df4fdc7ac9cef8ccab57792962054438e2.csv
666;be82bb964de9ee8d29ce75c1ee6b272906de17a4.csv
667;99aa89400db4f8f5f0c1fb570145c6485114e5be.csv
668;33db9d032b967485d628f73408ebfb6953db40a7.csv
669;00c386ee8b9fac7eeb2291a72d52966d83eec814.csv
670;d252118da7450c0d4aeea2411f02ab751cc19de8.csv
671;efe837a5cedbf5876a48dfb8df72924c5b9c8de1.csv
672;e4b143a8854323d466dfd9ca56ad8542b9e0104f.csv
673;0f995b05821b58b02e914422b56fba615d0e8d7f.csv
674;28aa8a08db150a020cca3eaed6755178c0fbc5c4.csv
675;d6766a82147108bd96bacf8dbdbce0e8281e4266.csv
676;ae3eb441307777b53b8c73ce376840b2e7c15e0a.csv
677;d50f90c6b6d9441382b9d9032c1ded1fc12ca196.csv
678;ea00a3307b67794b0189e371d5df4ce06711e7ba.csv
679;54a7f6c2c6e4b47a7856f5e4e22c7a83549e1c49.csv
680;7b6d7c0122e167a5ebc33cc70a94c8d13cbc445e.csv
681;6f58c82d81198d51267082f7b1ac997711471da9.csv
682;45203a59571409cbe1d3c021f005948d906547cd.csv
683;2a065ae55861ccf695051ff72e3c0f45f6fbd350.csv
684;62422067bef87df7c6860399e21d81335b3aa076.csv
685;32e44618d02320b50abcfe2545488a26a80df432.csv
686;037fa0356fa70e796d34d6df6e4f5281cda1be6e.csv
687;8b576d10cb76d07718603b7e048af4048fe2c537.csv
688;5d65d4d3fb4f3f60083765596ab8b6d34df485c8.csv
689;4375209ab5826b2fab6be0f440c4b401e396e0f9.csv
690;885bd9414fbb3b9893f8cad5cd8a9902446e87a6.csv
691;abf09810e078e45b05c8eb218962dbf67fa6da4b.csv
692;6812e6b110ef0b50ed0c87f407cc327d78a32be4.csv
693;e1c358df289df682026f25cc89bcb8a27e122533.csv
694;d511f3a98d460f7967dd490e34d664caac1529d1.csv
695;c61478892ccb9189d59940741f6c011ca86e3c80.csv
696;72df49825aeeb35bdfa78941a59b362fafe5f1f5.csv
697;fcfbd2388a67352b3f5744eae608a76b42e2259e.csv
698;709e981e423ac8d513e3ae5190d80b6546a2b915.csv
699;f32610fc5bca19a9e0890eb1e868d057397762ad.csv
700;33476769fec9c469b65befcb4c0497c07ecf964f.csv
701;6e95a69f48c5d841906b055e7476574665004f9a.csv
702;e2aee146a962f1d07174aa3266f6fa180d20bf4a.csv
703;20a9f2d1c437f46eb7a574064efe228fd36bbb0f.csv
704;563d2eb9eaa8c58e4ee88cfd706ba5a6b007e24d.csv
705;438d0f6fc7248fa254971c66e158547d3b058e95.csv
706;d50f2b5d8b2b131052cbf54f8809697a2bfd69ca.csv
707;86feec6cd7e58d8af3aa63fad924a5cae022a3be.csv
708;1ed171376f8afb9d629b8f623c910947a1105e6e.csv
709;17a7bccd1d6f13d76838f88b379591cb75be20fd.csv
710;59e84465c065a753c334f2729d4e5161b9c8923c.csv
711;3324f2015b89803fa67a6ee320989fcf848a6345.csv
712;d787bd594ef5a64d465231012e04c7a6fdf41e43.csv
713;a0fd1a767a7f532b01c6a3b24707aa871c4873b2.csv
714;a523960d520289a280ab44de22d719c4b0fb6a20.csv
715;96158b64bf66a69b35cf27f54018d7a37faebd44.csv
716;72c620280862116945a1b4a5076f5dbd53ca2c6a.csv
717;0e2cb8e30cb7f94777dcd408097f0f85483561c8.csv
718;b1d845fd45db4fc387113c7c7dbbc4885eee98c9.csv
719;46e84162dac61d719d8acd5403f195a5585314ac.csv
720;a86ca55226a141946ed6f52dc73b3e8f4d9d6fe5.csv
721;ea8048d190afec36c83714dd757797827b369f91.csv
722;23a8045db90c6b6130dbe705c90d6ad7a4565a0b.csv
723;f18ae74eb5aac5e2e2f456986be2de422d63eced.csv
724;a1cca6e4a4b8c539c21d91b9c27d6d0d830108d3.csv
725;43c1c036a0c58dfc3798b1b6cef702714cbdab0f.csv
726;3c1cb286d254b8f7d79c6b6587f71b6d09ef1de6.csv
727;e1c3280a3128c06ad5b481e71606b9207ceaa042.csv
728;152a62edb20b9cda73328d1ad305248a95ce999f.csv
729;e7c84aea78c7e6c12318c3234dd62664c6b6d074.csv
730;8cb3c7f7716217bd54a97f220f73dc07ef1220c4.csv
731;c53bf913ee793b45334d7eafe4539b8a90bde325.csv
732;ad58d6a70c13eb218d487794e5568d9d82cce157.csv
733;88dbeda1e05b7fa782a87442f05a89a53f4b1302.csv
734;cd1fc67354d8605c8c93d6b2d35d3bb2d7ab7431.csv
735;604da5164ca4e385e5046158b708109b15821062.csv
736;fa4c0136b5f96f629bab51b569a3eb4f24b0db0f.csv
737;2fc5120658303eb9511016ddf9aa18e31b3d31a4.csv
738;54d2e638c31c5c8a240f17712a6deaef868bf61b.csv
739;ca03944cf1865fc071443afade9dd9b3058fbec9.csv
740;9de70a2b7ce37afe4d4a70a649341b8aaf817935.csv
741;84b46f78fb2b7a1d3a6dcbf2b7c572652a6e7866.csv
742;143aa423e08cae3d9cdc2a5845a5cc39886fe0ce.csv
743;42b5ab0401796d011f8a5d9016960abc7803bef1.csv
744;dc2b86e7dfe23b8ae844e694d3bf3c11c50fc110.csv
745;160bffa73923d95f7d62ba4e85e233cc7bdd2a4c.csv
746;3c974dd20a3c952364d928115c33cd0dd4fdbbef.csv
747;4df7ec80a84385b30b85a0432b1a770fd4671d92.csv
748;c4cc952118977cd6b27cc08b298173190cd88164.csv
749;469aace9e8053cbefb9d8eb2469f3e772583783f.csv
750;ccea170696f0a060415d9f649f095e99efc83149.csv
751;5b3afae02875c0305b543a6adc7992b1f2dc0e09.csv
752;d37234b062b448966288c1b369b6af8f0e073979.csv
753;43d3142577238110b20d1c498294b3c3ef76fd89.csv
754;cb4fc200007c45c4a6c265c9f704bfb44fd6983d.csv
755;afcedb5439e4370bb5de6b2f73849515a8955a52.csv
756;f63279433037960cfda87006ee01d38b4d79276e.csv
757;524fe14d50687690ef9815fe8183d027d10ac849.csv
758;94f8d605ac864996a9a8bb6f722ed9742e0e42c5.csv
759;7b12eb0936adf25affddfff04aba59b1700bbc86.csv
760;5adcb36eb7f41f73f9497078c30c7ef4375e8c23.csv
761;adf6ea8319eb56d7628814e75659fe6be0d2b2be.csv
762;950850e22e42201f152d90dc6f53d53e39d37657.csv
763;642f8a2b908e954e00ce74f5c44ebe4e1ce46505.csv
764;ccda211ca6621d12d2ae4d429a72642af30fe86c.csv
765;7f172870c074dfa9bbc1e86c233cb052a3f3405c.csv
766;23202067b68fabd242f610252e7813b2ef116710.csv
767;2bcda36d390006af3c02fc70d34528825872df92.csv
768;d59c6e06bad8e42029919130bb3214855f9e421d.csv
769;7efbb19025f7bb3da296980c50e4e0edc4a340b3.csv
770;cc98990c347936d491bff48c1cc21300685d3780.csv
771;41cff7b2e3a694592f4f9b3ae28953999a2e8a74.csv
772;5e2874a4424ba10de42e640eb17cfdb283a4f096.csv
773;3fe441d86522a1868f681e618f6fddcb19329712.csv
774;d3bf2b6f10dbe7ba6f218a8d5696b9e6bb7adb44.csv
775;46d083855325cc538ade43b304afc8993226ef7b.csv
776;4717c3506f166d2f39a1a9829e408e7d9a2539ae.csv
777;52bc301591761f46eafad8fe4ee5c5bd1e1e2ec6.csv
778;e112de47dc1b3af7841057fbc398e8f24a2f1eb5.csv
779;1a102c54ce239b21b2b2ced7fb340c6c2d6c4917.csv
780;6b3e69e6a80b291e4e2b6a9a38d1a9a9950a90dc.csv
781;dec284d72947005a519d580bb3fc80a21e6462a9.csv
782;2fa101b6cc29699f9909ee684de9b35ccfb6bc5b.csv
783;23f28ba5aa5ebfb8ef2ea936554d0676b74a2f5d.csv
784;ec6bafda5f55a297074c0a4b2fb497d33dd2353d.csv
785;966463a65f9f6bc17d132aa3fbbde84b2c9c3890.csv
786;2439614328da116439f51ad2113eff15d76cd842.csv
787;9b203304decce689a96d6a140ab5dbb57e6f569b.csv
